date,rain_sum,temperature_2m_mean,pressure_msl_mean,relative_humidity_2m_mean,wind_speed_10m_mean,soil_moisture_0_to_100cm_mean,surface_pressure_mean,temperature_2m_max,temperature_2m_min,wind_speed_10m_max
2009-12-31 17:00:00+00:00,0.0,23.056417,1012.7209,87.75916,11.569955,0.4154338,1011.3205,25.8085,21.5585,16.199999
2010-01-01 17:00:00+00:00,0.3,22.931417,1012.9666,91.03495,7.7730536,0.41161707,1011.56525,25.6085,20.7085,14.4
2010-01-02 17:00:00+00:00,3.6000001,22.652252,1014.0291,93.73455,7.2714634,0.4116172,1012.62506,24.008501,21.6585,10.495713
2010-01-03 17:00:00+00:00,0.0,22.610582,1011.1042,90.96845,7.2261524,0.41039503,1009.7038,25.1085,21.1085,11.269782
2010-01-04 17:00:00+00:00,0.0,23.225166,1009.88324,90.708305,10.178976,0.40713164,1008.4875,27.758501,19.1085,16.62249
2010-01-05 17:00:00+00:00,1.9000001,23.250166,1012.3667,92.19456,7.76257,0.4037745,1010.9676,26.6085,21.0585,15.683774
2010-01-06 17:00:00+00:00,4.3999996,22.4085,1015.62915,89.85502,12.624005,0.40526417,1014.2216,24.508501,20.4585,18.472595
2010-01-07 17:00:00+00:00,6.999999,19.935583,1016.63336,89.35853,21.399145,0.4076192,1015.2124,20.3085,19.5585,30.599998
2010-01-08 17:00:00+00:00,0.5,20.983503,1014.1291,85.56602,8.77538,0.4074167,1012.71686,23.3085,19.3085,13.18308
2010-01-09 17:00:00+00:00,0.0,22.016836,1012.2083,89.4665,9.783932,0.40440634,1010.8033,26.758501,17.258501,17.698677
2010-01-10 17:00:00+00:00,4.4,21.781418,1014.2249,92.74595,8.758511,0.4018358,1012.8162,24.758501,19.6085,15.188415
2010-01-11 17:00:00+00:00,27.200006,19.102251,1019.20013,87.924225,22.026764,0.4119179,1017.7715,20.4085,17.7085,28.100763
2010-01-12 17:00:00+00:00,16.199999,18.106417,1021.8584,87.958626,14.642701,0.4180729,1020.4213,18.7085,17.5585,16.946787
2010-01-13 17:00:00+00:00,17.7,18.868917,1022.12915,88.290245,11.1158285,0.4307371,1020.6954,20.7085,18.1085,13.363711
2010-01-14 17:00:00+00:00,2.6999998,19.775167,1020.45416,86.86248,8.047877,0.43388665,1019.02716,21.758501,18.0585,13.797913
2010-01-15 17:00:00+00:00,4.0000005,20.885582,1021.65424,84.503654,13.684612,0.43476453,1020.231,22.7085,19.3085,19.48661
2010-01-16 17:00:00+00:00,6.3999996,20.210587,1022.0334,80.99358,14.037652,0.4382042,1020.60626,22.1585,18.1585,23.565567
2010-01-17 17:00:00+00:00,4.3999996,19.84392,1020.17487,85.191475,7.639628,0.43931174,1018.74884,21.9085,18.008501,13.363711
2010-01-18 17:00:00+00:00,10.299999,20.389751,1017.20416,89.612114,7.901299,0.44088256,1015.78485,21.0585,19.7085,11.659777
2010-01-19 17:00:00+00:00,29.0,21.785583,1015.3542,96.97092,10.387025,0.45189452,1013.94385,22.5585,21.1085,14.618837
2010-01-20 17:00:00+00:00,4.799999,22.066833,1014.44165,94.131134,7.916714,0.47063336,1013.0341,24.2085,20.6585,13.004921
2010-01-21 17:00:00+00:00,1.0000001,22.656418,1015.0334,94.22043,8.886172,0.46988916,1013.62775,24.6085,21.3585,15.827721
2010-01-22 17:00:00+00:00,13.299999,20.508501,1017.14594,90.98043,19.917425,0.4740008,1015.727,22.7085,18.758501,29.546328
2010-01-23 17:00:00+00:00,0.8000001,19.858501,1017.7876,86.433716,15.286193,0.47595096,1016.36475,20.9585,18.7085,18.947083
2010-01-24 17:00:00+00:00,4.7999997,21.087667,1017.9541,90.3415,8.074663,0.4753296,1016.5371,22.6585,19.8085,14.404499
2010-01-25 17:00:00+00:00,4.899999,21.381418,1018.59174,88.253944,14.33487,0.48021838,1017.1751,22.6585,20.4585,22.725668
2010-01-26 17:00:00+00:00,3.9,21.318914,1016.83344,89.59457,7.5393806,0.48259747,1015.41876,23.4585,19.9085,12.979984
2010-01-27 17:00:00+00:00,0.0,22.404333,1015.1333,90.06544,5.9005604,0.4801841,1013.7263,25.3085,20.2085,11.4862
2010-01-28 17:00:00+00:00,0.0,23.096,1015.0833,90.96343,9.682681,0.4764845,1013.6799,26.008501,21.008501,15.941944
2010-01-29 17:00:00+00:00,0.0,23.43975,1013.70844,89.81991,11.684674,0.47235796,1012.3083,26.7085,21.3585,15.546833
2010-01-30 17:00:00+00:00,0.0,23.121002,1013.39575,92.36869,9.011769,0.4681126,1011.9946,26.6585,20.4085,14.05845
2010-01-31 17:00:00+00:00,0.0,23.062668,1012.01245,94.03174,6.800553,0.46402082,1010.613,26.8085,20.258501,10.966713
2010-02-01 17:00:00+00:00,0.0,24.033503,1010.8833,92.185844,8.632437,0.46010074,1009.4899,27.758501,20.8585,15.124284
2010-02-02 17:00:00+00:00,0.3,24.264748,1011.2751,93.82978,8.838713,0.45609036,1009.88214,28.258501,21.5585,12.261158
2010-02-03 17:00:00+00:00,0.0,23.95225,1012.0293,93.25198,9.766444,0.45286623,1010.63385,26.8085,22.3585,13.202726
2010-02-04 17:00:00+00:00,0.0,24.160585,1012.1584,91.8869,9.447513,0.44976425,1010.7639,27.508501,21.758501,12.620554
2010-02-05 17:00:00+00:00,0.0,24.643915,1012.0791,91.29842,8.663696,0.4457426,1010.6871,28.2085,22.258501,15.546833
2010-02-06 17:00:00+00:00,3.1,24.35642,1012.71246,92.40397,5.560663,0.4434067,1011.3182,28.4085,21.8085,10.787993
2010-02-07 17:00:00+00:00,0.0,24.681414,1011.3167,91.006836,7.820513,0.44253793,1009.9258,28.4085,21.1585,12.313893
2010-02-08 17:00:00+00:00,0.0,25.196,1010.53754,87.57428,9.412191,0.43846664,1009.1499,29.508501,20.9085,18.129137
2010-02-09 17:00:00+00:00,0.0,25.637667,1009.92914,85.59678,9.519585,0.43396422,1008.54443,30.3585,21.1085,18.430452
2010-02-10 17:00:00+00:00,0.0,26.045998,1011.1501,84.39694,8.38226,0.429168,1009.76556,31.4585,21.3085,17.377226
2010-02-11 17:00:00+00:00,2.7,23.76683,1013.72504,91.28712,10.256581,0.4256092,1012.32635,28.4585,20.8085,21.09305
2010-02-12 17:00:00+00:00,2.9,22.056417,1014.4207,90.36386,8.999745,0.42637882,1013.0132,23.2085,20.5585,15.379206
2010-02-13 17:00:00+00:00,0.0,23.735586,1011.70844,89.218475,6.3395743,0.42448136,1010.31244,27.3085,21.508501,12.768586
2010-02-14 17:00:00+00:00,2.7,22.891832,1013.9041,92.430756,11.90499,0.42246747,1012.5014,25.258501,21.0585,16.704155
2010-02-15 17:00:00+00:00,8.9,20.583502,1017.17096,88.644844,18.928793,0.42496493,1015.75244,21.008501,20.0585,26.758923
2010-02-16 17:00:00+00:00,5.5,19.973085,1018.55835,85.64132,15.739196,0.4269017,1017.1351,20.8085,19.0585,21.986542
2010-02-17 17:00:00+00:00,5.7999997,19.429335,1019.4666,86.7512,12.77784,0.42931256,1018.0395,20.5585,18.758501,17.654688
2010-02-18 17:00:00+00:00,5.4,18.27308,1020.06665,84.77706,15.988166,0.43193877,1018.633,19.258501,17.7085,21.746504
2010-02-19 17:00:00+00:00,0.1,19.260584,1017.104,82.467964,4.1552567,0.43138206,1015.6794,21.4585,17.3085,8.14587
2010-02-20 17:00:00+00:00,0.0,21.521002,1013.6667,87.63116,7.673891,0.42891422,1012.25757,24.8085,19.0585,12.55879
2010-02-21 17:00:00+00:00,0.0,22.073084,1013.3,91.20914,7.783287,0.4259796,1011.894,25.4085,18.7085,13.679999
2010-02-22 17:00:00+00:00,0.1,23.073084,1011.40826,91.16976,6.777344,0.42359743,1010.0097,25.9585,21.1585,13.627795
2010-02-23 17:00:00+00:00,0.0,25.050165,1007.9375,83.08394,6.8395505,0.42017213,1006.5529,30.8585,20.4085,13.684735
2010-02-24 17:00:00+00:00,0.0,26.48142,1007.7542,75.76004,7.8383884,0.41548124,1006.3762,32.5585,21.758501,13.708391
2010-02-25 17:00:00+00:00,0.0,26.848082,1007.55414,75.02895,7.2471414,0.41019955,1006.17816,33.2085,21.6585,13.905509
2010-02-26 17:00:00+00:00,0.0,26.443916,1007.97076,79.60531,9.193341,0.40499136,1006.59235,32.108498,21.2085,17.377226
2010-02-27 17:00:00+00:00,0.0,26.245996,1009.5291,85.15644,7.5065265,0.40085253,1008.1479,30.7085,22.1585,12.55879
2010-02-28 17:00:00+00:00,2.8,26.629333,1010.1665,86.25027,7.179829,0.3978221,1008.7862,31.258501,22.4085,13.779114
2010-03-01 17:00:00+00:00,0.0,27.375166,1008.7791,79.57496,8.606761,0.3951842,1007.404,32.4585,23.008501,16.645864
2010-03-02 17:00:00+00:00,0.0,27.37725,1007.36237,81.16599,9.147086,0.3903979,1005.9893,32.408497,23.1585,16.263872
2010-03-03 17:00:00+00:00,0.0,27.385584,1007.1709,80.100945,9.249721,0.38603458,1005.79803,32.7585,22.5585,17.518356
2010-03-04 17:00:00+00:00,0.0,27.16475,1006.99585,79.84202,8.50907,0.38150123,1005.6221,32.658497,21.9585,16.645864
2010-03-05 17:00:00+00:00,0.0,26.960585,1008.1375,80.06456,8.341455,0.3771013,1006.7614,32.158497,21.9085,14.973576
2010-03-06 17:00:00+00:00,0.0,25.293915,1010.4207,87.361824,8.625208,0.37316754,1009.034,29.8585,21.2085,17.015474
2010-03-07 17:00:00+00:00,0.2,24.666838,1012.23737,88.94757,7.9219704,0.37063923,1010.8452,27.6085,22.8085,13.891522
2010-03-08 17:00:00+00:00,20.699997,20.254335,1020.64594,86.749626,24.367044,0.3787688,1019.2209,23.758501,17.8085,35.757988
2010-03-09 17:00:00+00:00,6.599999,17.993921,1024.0416,82.21156,18.546217,0.38524464,1022.601,18.6585,17.3085,22.782625
2010-03-10 17:00:00+00:00,1.9000002,19.404333,1021.54156,80.48218,6.6214085,0.38632622,1020.11115,21.1585,17.8085,10.805999
2010-03-11 17:00:00+00:00,0.0,21.831419,1015.92487,86.803185,10.412651,0.38420045,1014.514,26.4085,17.3585,18.0
2010-03-12 17:00:00+00:00,0.0,24.966835,1011.3167,85.962654,11.093665,0.3800963,1009.9268,30.4085,18.9585,20.431387
2010-03-13 17:00:00+00:00,0.0,26.362665,1009.00836,82.0408,10.970855,0.37570962,1007.6281,31.6085,20.7085,18.161278
2010-03-14 17:00:00+00:00,0.0,25.302248,1010.0916,87.238884,10.756805,0.37161174,1008.70526,30.008501,20.6085,18.228943
2010-03-15 17:00:00+00:00,6.6000004,23.246,1015.69995,92.092316,13.544095,0.37034583,1014.2964,25.6585,21.3085,18.359999
2010-03-16 17:00:00+00:00,7.4999995,22.925169,1018.6917,90.366646,14.817848,0.3791871,1017.2823,24.7085,21.258501,18.1041
2010-03-17 17:00:00+00:00,2.5,22.935585,1019.06256,87.12641,11.252307,0.38139293,1017.65265,25.3085,20.9585,13.979871
2010-03-18 17:00:00+00:00,0.0,22.958502,1014.40826,86.01801,11.236234,0.37859085,1013.0051,26.0585,20.758501,15.379206
2010-03-19 17:00:00+00:00,0.0,23.696,1010.61664,89.44518,9.388454,0.37458745,1009.22186,27.9585,19.3585,16.700275
2010-03-20 17:00:00+00:00,0.2,24.410585,1010.47076,91.56069,8.242148,0.37122962,1009.07965,28.008501,21.8585,15.042659
2010-03-21 17:00:00+00:00,0.0,25.685583,1008.375,89.19349,12.826505,0.36810878,1006.99274,29.1585,23.008501,16.167967
2010-03-22 17:00:00+00:00,0.0,26.556414,1006.4749,87.986305,10.34745,0.36453715,1005.09937,30.2085,22.6085,18.681883
2010-03-23 17:00:00+00:00,0.1,27.754335,1006.3667,83.313835,8.689061,0.3607159,1004.99664,31.8085,23.258501,14.241629
2010-03-24 17:00:00+00:00,13.5,21.285582,1013.9917,84.907814,22.941214,0.3632783,1012.58075,25.758501,19.1085,38.714645
2010-03-25 17:00:00+00:00,4.499999,19.787668,1018.30835,82.44268,15.916351,0.3674521,1016.88434,20.4585,18.9085,24.482647
2010-03-26 17:00:00+00:00,2.2000003,21.227251,1017.76654,83.65365,8.218593,0.36766955,1016.35034,22.758501,19.9585,18.448023
2010-03-27 17:00:00+00:00,18.699999,21.802252,1016.91254,91.67037,9.721778,0.37345502,1015.50024,23.258501,21.258501,13.324863
2010-03-28 17:00:00+00:00,7.0,22.948084,1015.25006,88.11491,16.163704,0.38719165,1013.84564,24.7085,21.6085,18.671474
2010-03-29 17:00:00+00:00,0.0,24.006418,1013.25824,85.21674,12.072586,0.38517132,1011.8616,27.2085,21.6585,16.167967
2010-03-30 17:00:00+00:00,0.0,24.546,1011.8167,88.58356,10.541166,0.38141206,1010.4243,28.1085,22.3085,14.934577
2010-03-31 17:00:00+00:00,0.3,25.993917,1010.04175,89.22164,8.618098,0.37745628,1008.65845,29.8585,22.4585,14.917212
2010-04-01 17:00:00+00:00,1.4000001,26.225166,1010.2,91.59308,8.927766,0.3744067,1008.8178,29.758501,23.758501,13.556282
2010-04-02 17:00:00+00:00,0.0,25.693916,1012.08344,91.19808,13.474198,0.37241337,1010.6961,28.508501,24.3085,18.720001
2010-04-03 17:00:00+00:00,0.0,26.250168,1010.68317,89.84554,10.714646,0.36944756,1009.3003,29.508501,24.008501,19.652176
2010-04-04 17:00:00+00:00,0.0,27.675165,1007.5835,87.51649,10.285727,0.36527586,1006.2112,31.6585,23.5585,18.782204
2010-04-05 17:00:00+00:00,0.0,28.400162,1007.6958,86.61753,9.537806,0.36104965,1006.32684,32.3085,24.1585,17.771753
2010-04-06 17:00:00+00:00,1.1,26.120996,1011.26666,92.96107,7.5523243,0.35891545,1009.88257,28.258501,24.8085,12.313894
2010-04-07 17:00:00+00:00,3.3,24.943916,1012.646,92.45984,9.325524,0.35932043,1011.25433,27.7085,23.008501,16.73516
2010-04-08 17:00:00+00:00,0.0,25.400167,1009.52094,87.06915,7.4321594,0.3589333,1008.13556,29.3085,22.8085,13.746156
2010-04-09 17:00:00+00:00,0.0,27.506416,1005.6624,85.137825,8.398321,0.35603666,1004.2923,32.358498,22.2085,15.683776
2010-04-10 17:00:00+00:00,0.0,28.927248,1004.98334,79.64903,7.7513576,0.3513929,1003.62036,33.7085,24.258501,15.034041
2010-04-11 17:00:00+00:00,0.0,29.27308,1004.4334,76.460754,8.1525755,0.34667173,1003.0728,34.7085,24.3585,15.256526
2010-04-12 17:00:00+00:00,0.0,28.600164,1006.8833,83.34759,10.652616,0.34227178,1005.5163,32.7585,24.4585,17.294992
2010-04-13 17:00:00+00:00,0.0,27.53975,1009.46265,86.77457,15.771389,0.33872,1008.0872,31.0585,25.6585,21.288757
2010-04-14 17:00:00+00:00,12.6,25.493917,1012.0124,92.409935,11.879059,0.33902,1010.6243,27.8585,22.6585,17.026896
2010-04-15 17:00:00+00:00,8.3,22.479334,1015.0791,89.63953,18.404238,0.3513246,1013.6728,23.1585,21.9585,26.161375
2010-04-16 17:00:00+00:00,0.6,23.391832,1014.61255,87.707,8.9599085,0.35212874,1013.2111,25.1085,22.3085,15.175612
2010-04-17 17:00:00+00:00,0.0,25.035582,1011.8,89.26193,7.4240746,0.35025537,1010.41,28.4085,22.0585,14.759999
2010-04-18 17:00:00+00:00,0.0,27.073084,1008.1001,86.15076,8.861395,0.34679875,1006.7244,30.9585,22.9085,17.287498
2010-04-19 17:00:00+00:00,0.0,27.916832,1006.3709,80.319374,7.204246,0.3428,1005.00146,32.608498,23.8085,16.394829
2010-04-20 17:00:00+00:00,0.0,28.91892,1006.0041,76.333786,8.28572,0.3382962,1004.6399,34.3085,23.9585,18.204042
2010-04-21 17:00:00+00:00,0.3,28.76475,1007.2751,79.88953,7.8109565,0.33374333,1005.9082,34.2585,24.758501,15.856356
2010-04-22 17:00:00+00:00,15.2,23.083502,1014.7417,87.86167,19.223745,0.33815417,1013.33856,25.4585,21.8585,27.70831
2010-04-23 17:00:00+00:00,0.0,23.091833,1015.1418,80.86126,9.331521,0.3408054,1013.7381,24.258501,21.9085,14.799459
2010-04-24 17:00:00+00:00,0.0,25.262665,1012.321,85.16509,8.198165,0.33884206,1010.9311,28.508501,22.6085,14.973577
2010-04-25 17:00:00+00:00,1.1,26.441832,1012.85406,88.86849,8.4832945,0.33611253,1011.4692,29.5585,24.1585,10.931203
2010-04-26 17:00:00+00:00,13.2,24.17933,1013.9751,93.28287,10.725291,0.34379295,1012.57806,24.9585,23.508501,18.289274
2010-04-27 17:00:00+00:00,0.0,25.279337,1012.17505,88.01891,7.6718125,0.34910548,1010.78564,27.5585,23.1085,11.720751
2010-04-28 17:00:00+00:00,3.5999997,25.864748,1011.52094,91.78274,6.243519,0.34894964,1010.1351,29.4085,23.758501,12.57426
2010-04-29 17:00:00+00:00,0.70000005,26.027254,1012.63336,90.98883,8.919816,0.3496025,1011.2468,28.758501,24.008501,13.779114
2010-04-30 17:00:00+00:00,0.3,25.910582,1012.2166,90.24354,9.841532,0.34854496,1010.83026,28.1585,24.4585,13.584932
2010-05-01 17:00:00+00:00,0.0,26.179335,1010.7917,90.06332,9.50372,0.3470192,1009.4084,28.508501,24.258501,15.629972
2010-05-02 17:00:00+00:00,0.1,26.58975,1008.5125,87.98922,10.720752,0.34475878,1007.1343,29.2085,23.9585,14.934577
2010-05-03 17:00:00+00:00,1.0,27.800163,1005.65845,84.48339,8.243933,0.3418208,1004.28937,31.4585,23.8585,14.917212
2010-05-04 17:00:00+00:00,0.0,29.471,1003.66656,76.855995,6.478823,0.3379742,1002.3081,34.3085,25.6085,10.594036
2010-05-05 17:00:00+00:00,0.0,30.26058,1003.9456,74.43888,6.521396,0.33300832,1002.59033,35.3085,26.4585,9.693296
2010-05-06 17:00:00+00:00,0.0,30.546,1004.0542,74.690956,7.646309,0.3279847,1002.6997,34.908497,26.4085,14.917212
2010-05-07 17:00:00+00:00,0.0,30.46058,1003.3999,76.142586,7.327353,0.32357422,1002.0462,34.608498,26.8585,15.124284
2010-05-08 17:00:00+00:00,0.3,30.64808,1002.4792,75.02356,6.919605,0.3196433,1001.12726,35.858498,26.5585,15.379206
2010-05-09 17:00:00+00:00,11.599999,27.910582,1004.95844,87.39273,8.701604,0.32395875,1003.59106,31.3085,26.3085,13.979872
2010-05-10 17:00:00+00:00,1.5,27.083498,1008.05005,88.99801,7.463106,0.3278975,1006.67474,29.4585,25.008501,13.392774
2010-05-11 17:00:00+00:00,1.2,27.418917,1007.85004,89.3255,10.3145275,0.32744333,1006.4763,30.3085,25.1085,14.05845
2010-05-12 17:00:00+00:00,0.0,28.627249,1006.37085,84.67593,9.937636,0.3253696,1005.0047,32.5585,24.8585,17.418196
2010-05-13 17:00:00+00:00,0.0,29.733498,1004.94586,81.30906,7.474262,0.32177082,1003.5866,34.108498,25.6585,15.484185
2010-05-14 17:00:00+00:00,0.3,29.358498,1005.37915,83.80048,6.491863,0.3181504,1004.01764,32.8085,26.1585,13.217443
2010-05-15 17:00:00+00:00,2.2,28.931417,1006.66254,84.24118,7.3081336,0.31586874,1005.2974,32.7585,25.4585,15.484185
2010-05-16 17:00:00+00:00,10.1,29.193916,1007.4043,85.44228,9.487541,0.31601584,1006.03925,33.158497,26.008501,18.03237
2010-05-17 17:00:00+00:00,0.0,29.479334,1007.51263,80.5348,7.229778,0.31899622,1006.1486,33.4585,26.008501,13.891522
2010-05-18 17:00:00+00:00,0.0,29.877249,1006.87085,73.2835,9.983455,0.31511378,1005.5095,33.658497,26.5585,15.277749
2010-05-19 17:00:00+00:00,0.0,30.7585,1006.4624,70.98304,6.892517,0.31103912,1005.1059,35.158497,27.258501,13.551501
2010-05-20 17:00:00+00:00,0.4,30.837667,1006.2041,69.81825,6.1486955,0.30714294,1004.8482,35.7085,27.2085,8.669949
2010-05-21 17:00:00+00:00,0.0,30.993917,1004.425,63.838642,16.925537,0.3039809,1003.0723,34.908497,28.7085,26.61323
2010-05-22 17:00:00+00:00,0.0,30.870996,1003.24585,64.6182,15.807097,0.30139378,1001.8941,34.608498,28.3585,27.36947
2010-05-23 17:00:00+00:00,8.7,28.462667,1005.196,82.47913,6.2191615,0.3031375,1003.8306,31.1585,26.8085,16.45007
2010-05-24 17:00:00+00:00,6.7,28.468918,1005.22504,85.81295,6.5920243,0.30982542,1003.8598,31.5585,26.1085,14.8257065
2010-05-25 17:00:00+00:00,7.6,28.575165,1004.6125,82.17098,6.019982,0.31351832,1003.24854,32.408497,26.258501,10.144082
2010-05-26 17:00:00+00:00,0.3,28.893915,1005.22504,76.02421,4.8338065,0.31257626,1003.86176,32.8085,26.508501,7.491114
2010-05-27 17:00:00+00:00,0.0,29.127253,1006.33746,73.84879,7.119945,0.3099254,1004.9738,32.3085,26.8585,11.792404
2010-05-28 17:00:00+00:00,0.3,29.618914,1006.33325,70.586586,7.2874775,0.30708167,1004.97186,33.0585,27.1585,10.948973
2010-05-29 17:00:00+00:00,0.0,30.093916,1005.98755,70.83314,6.413899,0.30438587,1004.6285,34.7585,26.508501,11.923557
2010-05-30 17:00:00+00:00,0.0,31.25641,1005.37085,64.63029,6.5325913,0.30116087,1004.01776,35.7585,27.1585,11.792404
2010-05-31 17:00:00+00:00,0.0,32.275166,1004.21674,55.5027,7.4423923,0.29748043,1002.8697,37.108498,28.1585,12.096214
2010-06-01 17:00:00+00:00,7.5999994,30.848082,1005.2458,65.650536,14.25365,0.29564252,1003.8911,36.108498,26.1085,22.33161
2010-06-02 17:00:00+00:00,114.8,25.63975,1009.3667,93.00352,10.6996765,0.3703362,1007.9829,26.758501,24.8085,17.25373
2010-06-03 17:00:00+00:00,7.2,25.5585,1009.8291,89.72419,8.646929,0.40813923,1008.4444,27.2085,24.6585,11.792404
2010-06-04 17:00:00+00:00,0.0,26.548082,1007.71674,83.45772,6.19115,0.40776494,1006.3393,29.258501,24.1085,9.83268
2010-06-05 17:00:00+00:00,3.6999998,27.21683,1006.78326,86.704704,6.118174,0.4061267,1005.41034,29.508501,24.9085,11.304229
2010-06-06 17:00:00+00:00,2.5,27.904335,1006.78754,85.797554,6.0401077,0.40629253,1005.41766,31.1085,24.9085,12.496718
2010-06-07 17:00:00+00:00,0.0,28.933496,1005.86664,81.32629,5.1213245,0.40362382,1004.50275,33.0585,25.7085,11.966953
2010-06-08 17:00:00+00:00,0.7,29.354332,1005.51666,74.695885,6.7783947,0.3993925,1004.15497,32.0585,26.9085,9.693296
2010-06-09 17:00:00+00:00,0.0,29.78975,1006.4001,73.29943,7.278422,0.39414343,1005.039,34.0585,26.4585,13.684735
2010-06-10 17:00:00+00:00,1.4000001,29.718916,1007.3252,73.58486,8.405238,0.38813293,1005.9624,34.0585,27.2085,15.379206
2010-06-11 17:00:00+00:00,1.3,29.435583,1007.18353,76.3459,6.746877,0.38326874,1005.8198,34.0585,26.3085,14.587776
2010-06-12 17:00:00+00:00,0.0,30.30433,1006.47076,71.077644,7.262139,0.37862793,1005.11206,34.8085,26.3085,10.636766
2010-06-13 17:00:00+00:00,0.0,30.737663,1005.9666,66.471725,11.34051,0.3722029,1004.61053,34.2585,27.8585,19.966211
2010-06-14 17:00:00+00:00,0.0,31.41475,1005.1292,62.07405,10.238941,0.36574125,1003.7773,34.858498,28.6585,14.4
2010-06-15 17:00:00+00:00,0.0,31.3835,1005.3125,63.981567,8.834085,0.35963583,1003.9602,35.5585,28.508501,15.192682
2010-06-16 17:00:00+00:00,0.0,31.431417,1005.62494,65.07084,9.206913,0.35431746,1004.27246,35.8085,27.8085,16.199999
2010-06-17 17:00:00+00:00,0.0,31.408499,1006.0166,66.07531,6.247652,0.3492166,1004.6634,36.0585,27.008501,8.891343
2010-06-18 17:00:00+00:00,0.2,31.760584,1005.8625,63.04774,9.141894,0.34417915,1004.5109,36.5085,28.4585,15.876775
2010-06-19 17:00:00+00:00,0.3,31.298079,1004.53754,66.270546,9.667445,0.33963332,1003.18585,35.858498,28.2085,17.313717
2010-06-20 17:00:00+00:00,0.3,30.223083,1004.4251,75.09972,6.6167006,0.33588004,1003.06885,33.908497,27.258501,16.167967
2010-06-21 17:00:00+00:00,0.2,29.256418,1005.87915,75.19151,7.1586366,0.33328497,1004.5166,32.9585,26.8085,13.684735
2010-06-22 17:00:00+00:00,0.4,30.618914,1006.30426,66.814384,5.2636213,0.330568,1004.947,34.9585,26.758501,8.78872
2010-06-23 17:00:00+00:00,0.0,31.408495,1004.14575,58.43217,7.773228,0.3268188,1002.79535,35.8085,27.1585,15.484185
2010-06-24 17:00:00+00:00,0.0,32.285583,1002.4167,55.282562,11.820122,0.32267666,1001.0721,36.4585,29.258501,22.039528
2010-06-25 17:00:00+00:00,0.6,32.225166,1003.32086,56.574875,12.345599,0.31920412,1001.97485,36.0085,30.008501,20.3774
2010-06-26 17:00:00+00:00,0.0,31.829336,1003.81256,58.423035,10.675529,0.31630003,1002.4642,36.5585,28.758501,16.29174
2010-06-27 17:00:00+00:00,0.0,31.939749,1002.8792,56.78642,10.264724,0.31328374,1001.53265,36.3085,28.9085,16.870138
2010-06-28 17:00:00+00:00,0.1,31.74183,1004.49585,59.641315,6.981111,0.31029204,1003.1463,36.158497,28.6085,10.195057
2010-06-29 17:00:00+00:00,4.3,30.36892,1005.8084,70.9058,6.36498,0.30924332,1004.45087,35.158497,27.1085,15.328561
2010-06-30 17:00:00+00:00,13.7,28.896002,1006.4209,78.61375,5.441093,0.3145013,1005.0559,33.5585,26.508501,10.805998
2010-07-01 17:00:00+00:00,0.0,29.614752,1006.29175,71.489555,6.620514,0.31906837,1004.9301,33.7585,26.1085,11.269782
2010-07-02 17:00:00+00:00,1.2,29.575165,1007.6584,73.01252,6.5072074,0.31488335,1006.2947,34.2585,26.0585,12.313893
2010-07-03 17:00:00+00:00,0.9,29.860582,1008.575,70.29761,7.1426377,0.31138876,1007.2114,35.108498,26.0585,13.363711
2010-07-04 17:00:00+00:00,0.0,31.133497,1007.18335,59.7242,7.5882688,0.30774087,1005.82745,35.858498,27.0585,12.783802
2010-07-05 17:00:00+00:00,0.0,32.121,1006.2458,52.935913,8.69057,0.30354044,1004.89545,37.0585,28.1085,17.148247
2010-07-06 17:00:00+00:00,0.0,32.52933,1006.60004,52.570072,12.080567,0.29969922,1005.251,37.2585,28.9585,19.08
2010-07-07 17:00:00+00:00,0.0,32.14183,1005.9792,55.19282,8.465468,0.29649872,1004.62933,36.7585,28.6085,12.413477
2010-07-08 17:00:00+00:00,1.9,31.452242,1005.4792,60.292862,6.5051513,0.29427627,1004.12695,36.7085,28.3585,13.746156
2010-07-09 17:00:00+00:00,4.0,30.477251,1006.23755,68.13362,8.422906,0.29347625,1004.8798,36.158497,27.3085,14.77755
2010-07-10 17:00:00+00:00,0.0,31.298082,1006.2751,62.16563,6.987983,0.29215673,1004.9211,36.2585,26.6085,15.782622
2010-07-11 17:00:00+00:00,0.1,31.246002,1005.62506,60.93382,6.3505,0.28977296,1004.2717,35.658497,27.7085,10.630672
2010-07-12 17:00:00+00:00,6.7,29.795996,1005.02924,69.78435,7.4858074,0.2896904,1003.6702,34.2585,27.1085,15.188415
2010-07-13 17:00:00+00:00,2.3000002,28.898085,1005.62915,77.75358,6.023367,0.29250255,1004.2652,32.658497,25.9585,15.03835
2010-07-14 17:00:00+00:00,0.90000004,28.806412,1004.7083,78.25532,6.414582,0.29180455,1003.3453,32.4585,25.8585,17.551615
2010-07-15 17:00:00+00:00,11.3,27.56475,1002.36255,77.4838,18.174248,0.29262874,1000.99713,29.8585,26.1585,27.212759
2010-07-16 17:00:00+00:00,22.400002,26.846,1003.67487,80.4478,12.278855,0.313235,1002.3046,29.1585,25.6085,24.20314
2010-07-17 17:00:00+00:00,0.0,28.45017,1007.075,74.98757,5.8534646,0.31567916,1005.7072,31.9085,26.0585,8.669949
2010-07-18 17:00:00+00:00,1.2,28.916832,1007.5042,77.795815,6.662748,0.31245333,1006.13763,33.158497,25.258501,12.682018
2010-07-19 17:00:00+00:00,1.0,29.329332,1007.11664,76.275055,6.718451,0.30870044,1005.7527,33.8085,25.508501,13.202726
2010-07-20 17:00:00+00:00,1.1,29.848083,1004.66235,68.60772,13.455315,0.3051271,1003.30414,33.5585,26.6585,20.833395
2010-07-21 17:00:00+00:00,1.2,29.096,1003.5083,68.593636,19.190989,0.30259874,1002.1484,31.9085,26.7085,24.675106
2010-07-22 17:00:00+00:00,0.2,29.221003,1003.2083,68.14219,8.207202,0.3000787,1001.8491,32.108498,26.9585,12.387348
2010-07-23 17:00:00+00:00,0.7,29.402252,1004.24585,68.754616,7.90272,0.2972942,1002.88617,33.608498,26.8585,14.336861
2010-07-24 17:00:00+00:00,6.8999996,28.489752,1004.47504,79.5568,7.621746,0.29608962,1003.1109,32.0085,25.9085,17.28
2010-07-25 17:00:00+00:00,25.4,25.666832,1005.42914,91.704445,11.61251,0.30764,1004.05096,26.7085,25.008501,19.64228
2010-07-26 17:00:00+00:00,6.2000003,27.623083,1004.60425,85.95602,7.346234,0.32788375,1003.23584,30.4085,25.2085,18.584509
2010-07-27 17:00:00+00:00,16.4,28.335579,1006.2834,81.8113,5.9831944,0.32934913,1004.91595,33.0585,25.7085,9.83268
2010-07-28 17:00:00+00:00,0.3,29.225166,1006.2,74.49984,6.39333,0.33224788,1004.83673,33.658497,25.8585,9.220499
2010-07-29 17:00:00+00:00,0.0,29.766829,1006.29156,68.480865,7.447225,0.32638422,1004.9307,33.7085,26.5585,13.551501
2010-07-30 17:00:00+00:00,2.2,29.708498,1005.72076,71.28501,9.733339,0.3207433,1004.36053,33.9585,26.8585,16.831684
2010-07-31 17:00:00+00:00,3.9999998,28.371002,1006.3291,80.4987,8.581733,0.31768873,1004.96216,32.0085,25.9585,16.167967
2010-08-01 17:00:00+00:00,5.7,27.262667,1006.96655,82.91224,6.907047,0.32052794,1005.5935,29.9585,25.2085,11.298495
2010-08-02 17:00:00+00:00,0.6,28.141836,1006.3499,74.73077,5.491384,0.31918666,1004.98175,31.6585,25.5585,8.161764
2010-08-03 17:00:00+00:00,2.1,28.248085,1005.3333,73.0329,9.769597,0.31714955,1003.967,31.4585,25.8085,16.434305
2010-08-04 17:00:00+00:00,1.3000001,28.362663,1005.4792,75.06451,9.11975,0.31611705,1004.11304,31.6085,25.9085,15.596767
2010-08-05 17:00:00+00:00,3.3000002,27.987663,1005.68335,77.86285,9.766486,0.31337544,1004.31525,32.0585,25.6085,15.124284
2010-08-06 17:00:00+00:00,1.5,27.443916,1003.54584,80.6865,8.77507,0.31305456,1002.1782,31.1085,25.2085,15.137133
2010-08-07 17:00:00+00:00,6.4,27.458504,1002.52924,81.39106,9.341506,0.31308377,1001.1629,30.7085,25.8585,14.529915
2010-08-08 17:00:00+00:00,4.5,27.856413,1002.679,79.94958,6.5340724,0.31657124,1001.3145,31.3585,25.8585,9.021574
2010-08-09 17:00:00+00:00,0.0,28.273085,1004.17505,77.049515,6.346262,0.316385,1002.8103,32.2085,25.3585,9.957108
2010-08-10 17:00:00+00:00,4.2,28.298082,1005.99164,79.93133,7.4721007,0.3140346,1004.6247,32.4585,25.4585,11.966954
2010-08-11 17:00:00+00:00,1.4000001,28.656418,1007.2292,76.003265,10.343724,0.31358293,1005.862,32.408497,26.258501,15.542662
2010-08-12 17:00:00+00:00,3.2,28.598083,1006.9792,74.98975,6.802908,0.31110373,1005.6121,32.7585,25.8585,12.144331
2010-08-13 17:00:00+00:00,1.2,28.652254,1006.9583,74.89422,6.364986,0.30894879,1005.5916,33.2085,25.4585,12.72283
2010-08-14 17:00:00+00:00,4.6,28.5585,1008.4751,76.70324,7.356111,0.3069246,1007.1057,32.608498,25.7085,11.885453
2010-08-15 17:00:00+00:00,0.0,29.116835,1008.18335,73.84841,7.533666,0.3062917,1006.8171,33.0085,26.0585,11.269782
2010-08-16 17:00:00+00:00,13.5,28.052248,1007.55835,80.06873,5.5294604,0.30635253,1006.188,32.358498,25.9585,11.928989
2010-08-17 17:00:00+00:00,0.5,27.781418,1008.79156,81.092766,6.199866,0.31321666,1007.41864,30.9585,25.3585,12.261158
2010-08-18 17:00:00+00:00,2.4,27.518915,1009.94165,82.17298,8.736142,0.31067878,1008.5656,30.508501,25.258501,15.192682
2010-08-19 17:00:00+00:00,29.1,25.616837,1008.42914,92.37314,8.606358,0.3184354,1007.04663,27.6585,24.7085,19.353138
2010-08-20 17:00:00+00:00,8.8,27.296003,1006.8542,82.35107,5.7298794,0.33544913,1005.4814,30.5585,24.758501,11.246759
2010-08-21 17:00:00+00:00,5.4,27.1335,1006.46246,84.73727,5.008941,0.33471665,1005.0894,30.2085,24.9585,8.287822
2010-08-22 17:00:00+00:00,56.399998,25.364748,1002.84155,90.66754,20.15715,0.35077295,1001.46564,26.7085,24.258501,30.248568
2010-08-23 17:00:00+00:00,40.8,26.196,1001.08746,81.32834,20.782454,0.39866665,999.7175,28.258501,24.758501,36.086296
2010-08-24 17:00:00+00:00,0.0,28.05433,1006.9709,73.7034,5.7793756,0.40113878,1005.6013,31.8585,25.1585,8.714677
2010-08-25 17:00:00+00:00,0.0,28.679337,1007.1084,71.145226,8.12498,0.39624918,1005.74146,32.5085,25.6585,11.885453
2010-08-26 17:00:00+00:00,0.90000004,28.577253,1005.5374,73.158745,8.05043,0.39128456,1004.17236,31.8085,26.7085,13.049689
2010-08-27 17:00:00+00:00,2.8999999,26.827246,1005.48737,82.59904,6.4196887,0.38914666,1004.1145,28.6085,25.1585,10.00256
2010-08-28 17:00:00+00:00,2.8999999,27.654333,1006.83746,78.744804,6.2314315,0.38812885,1005.4665,32.158497,24.508501,10.853866
2010-08-29 17:00:00+00:00,0.8,27.6585,1006.1416,78.83005,6.199698,0.38577795,1004.7714,31.508501,24.9585,12.371645
2010-08-30 17:00:00+00:00,1.5,27.146002,1004.6292,80.51504,7.8451405,0.38469663,1003.2587,30.0585,25.6085,14.869351
2010-08-31 17:00:00+00:00,2.6999998,27.2585,1005.2959,82.73273,7.1576915,0.38539,1003.925,30.6085,25.258501,14.145756
2010-09-01 17:00:00+00:00,0.0,27.581415,1006.05835,81.381195,7.1123385,0.38490507,1004.68805,30.6585,25.008501,12.522619
2010-09-02 17:00:00+00:00,0.2,27.906416,1005.53754,76.405136,11.661824,0.38083124,1004.1692,30.8585,25.1585,16.766108
2010-09-03 17:00:00+00:00,0.0,28.520998,1004.75415,71.60635,13.349486,0.3759909,1003.38965,32.108498,25.758501,19.05281
2010-09-04 17:00:00+00:00,2.1000001,28.86058,1005.67505,72.70408,9.4698305,0.37138048,1004.311,32.7585,26.6085,14.8257065
2010-09-05 17:00:00+00:00,1.1,28.656416,1006.0583,77.716194,6.074222,0.36851504,1004.6928,32.608498,25.5585,8.707237
2010-09-06 17:00:00+00:00,0.1,29.152246,1006.0293,75.41711,6.82061,0.36485878,1004.666,33.8085,25.3085,12.738099
2010-09-07 17:00:00+00:00,0.0,29.921003,1006.5044,72.441246,7.189648,0.35984412,1005.1436,34.5585,25.4585,12.287555
2010-09-08 17:00:00+00:00,0.0,29.65225,1006.94995,67.61965,12.546509,0.3548942,1005.5878,33.158497,26.8585,19.592731
2010-09-09 17:00:00+00:00,0.0,29.721,1005.9749,65.98777,9.793975,0.35066414,1004.61426,33.8085,27.2085,15.696165
2010-09-10 17:00:00+00:00,0.2,29.043917,1007.425,70.033966,8.287387,0.3471321,1006.0594,32.858498,26.258501,12.55879
2010-09-11 17:00:00+00:00,1.7,28.77308,1008.66675,73.91277,6.3109317,0.34444752,1007.2981,32.108498,25.9085,12.904882
2010-09-12 17:00:00+00:00,5.4999995,26.95433,1008.06244,82.445465,6.0411987,0.3454883,1006.6867,29.758501,25.508501,13.513193
2010-09-13 17:00:00+00:00,1.8,26.556417,1008.66656,84.90771,4.7334657,0.34794793,1007.288,29.1085,25.258501,9.504272
2010-09-14 17:00:00+00:00,5.0999994,26.643919,1009.6042,85.201775,8.084384,0.3518267,1008.2248,29.008501,24.8585,12.641076
2010-09-15 17:00:00+00:00,4.2999997,26.010584,1009.571,88.315094,6.1517177,0.35342,1008.1884,28.3585,24.3085,10.739832
2010-09-16 17:00:00+00:00,1.1,26.777246,1008.7041,82.35378,7.9786167,0.35418126,1007.3266,29.6085,23.9085,16.071491
2010-09-17 17:00:00+00:00,0.8,26.566833,1008.6125,83.50308,6.0965514,0.35201836,1007.23413,29.758501,23.8585,10.182337
2010-09-18 17:00:00+00:00,2.9,27.600168,1007.2041,79.04916,6.5468426,0.35018754,1005.8322,32.7085,23.6085,12.72283
2010-09-19 17:00:00+00:00,0.0,29.375162,1005.1709,68.90036,12.848484,0.34734294,1003.80975,34.2085,25.3585,20.833395
2010-09-20 17:00:00+00:00,0.2,30.000166,1005.67084,64.09538,12.209609,0.3422029,1004.31195,34.358498,27.008501,19.770523
2010-09-21 17:00:00+00:00,1.9,28.898085,1006.98334,70.34069,7.6340485,0.33861837,1005.6176,33.9585,25.1585,11.726277
2010-09-22 17:00:00+00:00,4.8999996,27.818916,1008.8875,80.91629,5.659308,0.33828297,1007.51434,31.6585,24.8585,13.324863
2010-09-23 17:00:00+00:00,2.6,27.01475,1009.825,87.51058,5.3829465,0.34094706,1008.44684,30.0585,24.4085,11.043261
2010-09-24 17:00:00+00:00,0.0,27.8085,1009.92487,82.07697,8.128638,0.34084046,1008.5503,31.7085,24.1585,14.113653
2010-09-25 17:00:00+00:00,2.4,27.456419,1010.52496,83.64347,10.584581,0.33886454,1009.148,30.758501,25.1085,18.448023
2010-09-26 17:00:00+00:00,6.8,26.793915,1010.52496,86.55509,6.964962,0.34108922,1009.14496,29.5585,24.4085,14.529915
2010-09-27 17:00:00+00:00,2.8000002,26.975166,1010.6877,85.78656,6.8459263,0.34326383,1009.3081,29.758501,25.1585,14.512064
2010-09-28 17:00:00+00:00,9.099999,26.231417,1011.06256,88.2197,7.4157996,0.34653422,1009.67926,29.1085,24.5585,14.277983
2010-09-29 17:00:00+00:00,17.800001,25.248085,1010.1167,91.469574,14.233798,0.35593417,1008.73004,26.7085,24.4585,20.188908
2010-09-30 17:00:00+00:00,34.1,25.102251,1008.675,91.94871,14.151736,0.3760058,1007.2896,26.6085,24.258501,19.48661
2010-10-01 17:00:00+00:00,53.5,24.827253,1007.7791,94.49038,17.152338,0.4147704,1006.3938,25.8085,24.258501,28.820242
2010-10-02 17:00:00+00:00,189.30002,25.006416,1006.8792,94.85526,22.963343,0.47896877,1005.4959,25.4585,24.5585,29.46287
2010-10-03 17:00:00+00:00,103.39999,25.327253,1004.29584,92.93772,11.950928,0.50023466,1002.91754,26.3085,23.3085,24.696104
2010-10-04 17:00:00+00:00,40.600002,23.88975,1007.3542,84.7049,18.089424,0.4954838,1005.9651,25.0585,22.758501,28.241077
2010-10-05 17:00:00+00:00,0.0,25.066835,1009.5708,76.3445,13.857418,0.48564664,1008.184,27.4085,22.8585,18.59845
2010-10-06 17:00:00+00:00,1.0,25.766836,1009.4543,79.45359,13.382279,0.4784775,1008.07086,28.9585,24.008501,25.189713
2010-10-07 17:00:00+00:00,0.7,26.385584,1009.221,78.526855,16.523775,0.47273007,1007.84064,29.3085,24.8085,24.95452
2010-10-08 17:00:00+00:00,0.0,26.427254,1007.2083,81.85853,9.231117,0.46681634,1005.8311,29.758501,23.6085,13.910169
2010-10-09 17:00:00+00:00,1.3,27.325167,1005.91675,84.517784,6.9246325,0.461627,1004.5452,31.3585,23.9585,15.716793
2010-10-10 17:00:00+00:00,0.7,27.066833,1007.8167,86.045135,11.6103525,0.4573109,1006.4414,30.4585,24.3585,22.346113
2010-10-11 17:00:00+00:00,8.1,26.012667,1009.55,90.50356,13.522428,0.45740166,1008.16766,28.0585,25.008501,18.014393
2010-10-12 17:00:00+00:00,9.3,25.518919,1009.175,90.27398,10.098155,0.46331093,1007.79083,27.4585,24.4585,14.24163
2010-10-13 17:00:00+00:00,15.000001,25.037666,1007.82916,92.02781,9.7026415,0.468995,1006.44464,26.1585,24.3585,15.546833
2010-10-14 17:00:00+00:00,76.70001,24.604334,1005.6875,94.38068,20.258522,0.49361753,1004.304,25.1585,24.0585,27.381308
2010-10-15 17:00:00+00:00,25.699999,25.15225,1005.59174,90.749565,8.5520735,0.4935534,1004.2109,26.9585,23.4585,16.055355
2010-10-16 17:00:00+00:00,12.0,24.956413,1008.2126,91.84451,5.223717,0.49455705,1006.8272,27.2085,23.0585,10.931203
2010-10-17 17:00:00+00:00,12.4,25.073084,1009.8459,90.90182,6.804989,0.4907283,1008.4588,27.2085,23.9085,10.464798
2010-10-18 17:00:00+00:00,26.7,24.39808,1010.5251,93.12983,8.826854,0.49503005,1009.13385,25.1085,23.9585,15.39184
2010-10-19 17:00:00+00:00,1.5000001,25.287668,1009.85004,75.043495,17.283726,0.48466745,1008.4639,27.4085,23.258501,24.269983
2010-10-20 17:00:00+00:00,0.0,24.541832,1008.3333,74.661896,12.9010315,0.47058213,1006.9458,27.3085,21.4585,20.61766
2010-10-21 17:00:00+00:00,1.1,24.396002,1008.1458,78.176216,11.019409,0.4600929,1006.7578,26.3085,22.4585,17.309973
2010-10-22 17:00:00+00:00,0.0,24.021002,1008.3,81.47523,8.524953,0.45114335,1006.91,27.4085,20.8085,13.138765
2010-10-23 17:00:00+00:00,0.0,24.1585,1008.16656,83.271286,5.746706,0.44228378,1006.7775,28.1085,19.508501,11.808878
2010-10-24 17:00:00+00:00,0.0,25.041838,1010.16656,81.61623,6.0912404,0.43420458,1008.779,27.9085,21.8085,10.105681
2010-10-25 17:00:00+00:00,10.1,24.793917,1012.53754,86.422935,7.2803397,0.42962456,1011.14545,26.9085,23.508501,12.261157
2010-10-26 17:00:00+00:00,67.7,23.329336,1014.1667,91.66495,22.329435,0.4590125,1012.76544,24.008501,22.4085,30.466295
2010-10-27 17:00:00+00:00,28.499994,21.818916,1016.30835,86.22678,23.912489,0.48777628,1014.89703,22.6085,21.1585,31.104082
2010-10-28 17:00:00+00:00,12.400001,21.185583,1017.92487,81.53169,23.478796,0.48589215,1016.50836,21.9085,20.4085,26.072052
2010-10-29 17:00:00+00:00,2.2000003,21.698084,1019.0959,68.52493,25.474182,0.48347303,1017.6802,22.258501,21.258501,30.085318
2010-10-30 17:00:00+00:00,1.4000001,22.321001,1017.34576,67.6923,18.850822,0.47600082,1015.9355,23.5585,21.3585,23.617756
2010-10-31 17:00:00+00:00,13.099998,22.146002,1014.55835,83.91184,13.341481,0.47276917,1013.15106,22.758501,21.258501,21.980644
2010-11-01 17:00:00+00:00,35.3,22.729338,1014.6375,88.84077,16.953169,0.48410377,1013.233,24.008501,22.0585,24.363249
2010-11-02 17:00:00+00:00,3.4,23.260584,1016.55414,68.71052,21.773542,0.48954418,1015.1494,24.6585,21.9585,29.414444
2010-11-03 17:00:00+00:00,17.5,22.375166,1016.36676,73.19027,23.95133,0.4831271,1014.95795,23.508501,20.6085,27.51116
2010-11-04 17:00:00+00:00,41.800003,20.6085,1015.37085,88.84439,25.071619,0.49489334,1013.955,21.1085,19.7085,30.222849
2010-11-05 17:00:00+00:00,36.0,21.329336,1014.11255,89.33416,21.416092,0.48238382,1012.7019,21.6585,20.8585,26.903828
2010-11-06 17:00:00+00:00,8.599999,22.679335,1014.3667,84.7506,15.21301,0.45107794,1012.96216,23.8085,21.5585,20.957443
2010-11-07 17:00:00+00:00,6.6,23.150167,1015.57916,80.23383,15.798809,0.44603336,1014.1751,24.3085,22.4585,23.157824
2010-11-08 17:00:00+00:00,5.700001,23.173082,1017.3459,80.14753,11.546035,0.4421612,1015.93945,25.4585,20.9585,19.969458
2010-11-09 17:00:00+00:00,1.5000001,22.521002,1016.43756,77.22435,6.3133035,0.4400096,1015.0293,24.7085,20.508501,11.5199995
2010-11-10 17:00:00+00:00,1.2,22.960587,1014.1208,81.17187,9.806187,0.43528554,1012.71796,24.8085,20.5585,16.520823
2010-11-11 17:00:00+00:00,6.200001,23.000166,1012.0959,79.22628,11.198085,0.43287587,1010.696,23.9585,22.258501,17.026896
2010-11-12 17:00:00+00:00,5.6000004,22.960585,1013.06665,83.57802,11.857826,0.43066716,1011.6652,24.0585,20.8585,20.380579
2010-11-13 17:00:00+00:00,41.4,23.491835,1014.84174,93.31609,16.85609,0.44662833,1013.44037,24.2085,22.9085,21.758419
2010-11-14 17:00:00+00:00,44.499996,23.31058,1015.3709,93.948296,14.035835,0.48079082,1013.96783,23.6085,23.1085,20.192118
2010-11-15 17:00:00+00:00,92.80001,22.787668,1014.8208,91.457726,17.898918,0.49269673,1013.4162,23.2085,22.2085,25.35637
2010-11-16 17:00:00+00:00,28.699999,22.93975,1014.50415,90.76956,18.223692,0.47648,1013.10065,23.6085,22.2085,23.47741
2010-11-17 17:00:00+00:00,8.3,23.275167,1014.77075,88.322426,11.573452,0.47556707,1013.3686,25.3085,22.0585,16.904673
2010-11-18 17:00:00+00:00,14.200001,22.37725,1014.45844,89.39621,9.97946,0.47325876,1013.05206,23.508501,21.4585,21.67487
2010-11-19 17:00:00+00:00,2.0,22.596003,1011.73755,84.960846,6.1584744,0.47032174,1010.3361,25.008501,20.6585,9.422101
2010-11-20 17:00:00+00:00,0.0,23.41892,1009.49176,85.731544,9.071261,0.46200085,1008.0975,26.8085,21.4085,14.57889
2010-11-21 17:00:00+00:00,1.9000002,22.985586,1010.28754,90.04828,6.29668,0.4546596,1008.8899,25.5585,20.7085,13.363711
2010-11-22 17:00:00+00:00,1.1,23.296005,1011.87915,86.87121,10.739343,0.44943127,1010.481,25.4085,21.7085,16.215992
2010-11-23 17:00:00+00:00,0.6,23.466833,1012.85846,84.86225,14.900849,0.4442375,1011.45953,25.6085,21.9585,20.172853
2010-11-24 17:00:00+00:00,1.4000001,23.062668,1014.425,83.919044,14.322362,0.4399575,1013.0223,24.8085,21.6085,19.134262
2010-11-25 17:00:00+00:00,6.0999994,22.375168,1014.20416,81.67599,16.926573,0.43868756,1012.7984,24.4585,21.008501,23.219301
2010-11-26 17:00:00+00:00,8.5,22.337667,1013.79987,85.19684,13.740196,0.43936047,1012.3948,24.8585,20.6085,17.935081
2010-11-27 17:00:00+00:00,18.2,22.556417,1014.43353,91.51847,13.710198,0.44783795,1013.02814,23.6585,21.6585,18.161278
2010-11-28 17:00:00+00:00,8.299998,23.20017,1014.10834,86.84048,12.756398,0.45322505,1012.7067,24.8585,22.1585,15.459054
2010-11-29 17:00:00+00:00,3.8999999,22.818916,1013.5542,86.337944,10.644223,0.4541658,1012.1514,24.3585,21.4085,14.494192
2010-11-30 17:00:00+00:00,2.8,22.483503,1013.57916,85.65191,11.098511,0.45529005,1012.1748,24.3585,20.9585,16.676977
2010-12-01 17:00:00+00:00,10.1,21.960585,1014.9124,88.23255,9.725153,0.45720962,1013.50366,23.6585,21.0585,15.349684
2010-12-02 17:00:00+00:00,5.8000007,22.06475,1015.9167,84.98795,8.800289,0.46204174,1014.507,23.6585,21.0585,16.055355
2010-12-03 17:00:00+00:00,2.2000003,22.633505,1014.0793,82.79514,10.209502,0.4618251,1012.67487,24.4585,20.9085,16.923828
2010-12-04 17:00:00+00:00,9.399999,23.085585,1011.7542,91.26777,11.369645,0.46296966,1010.35504,24.3585,22.0585,14.658676
2010-12-05 17:00:00+00:00,11.200001,23.479332,1012.93744,90.42492,12.852418,0.46915963,1011.53876,25.2085,22.3085,17.873556
2010-12-06 17:00:00+00:00,12.2,22.437668,1015.27496,86.47306,12.074581,0.4738191,1013.868,24.4585,20.4585,17.727943
2010-12-07 17:00:00+00:00,20.300003,20.066835,1015.94586,82.11116,18.050203,0.48565462,1014.52655,20.9585,19.6085,22.862125
2010-12-08 17:00:00+00:00,0.0,20.723085,1013.4917,75.1957,7.5317388,0.4837238,1012.07904,22.5585,19.258501,11.246759
2010-12-09 17:00:00+00:00,0.0,21.529335,1009.94586,84.168076,10.98928,0.47881958,1008.5417,26.2085,17.0585,18.448023
2010-12-10 17:00:00+00:00,0.0,22.49183,1008.02094,85.77756,11.630803,0.47323966,1006.624,26.7085,18.4085,17.294992
2010-12-11 17:00:00+00:00,0.0,23.371002,1006.4041,89.12445,10.815772,0.46786714,1005.01385,27.508501,19.9585,18.416384
2010-12-12 17:00:00+00:00,0.0,24.141836,1007.5832,88.88394,8.562299,0.46261787,1006.1949,28.508501,19.6585,14.471821
2010-12-13 17:00:00+00:00,7.3999996,24.171003,1009.51245,93.97867,6.899279,0.460685,1008.12164,26.8085,22.6085,11.966953
2010-12-14 17:00:00+00:00,0.0,24.902252,1008.65424,91.93267,6.5630174,0.46140215,1007.2679,28.008501,23.0585,12.413476
2010-12-15 17:00:00+00:00,22.799995,18.81267,1017.28754,84.13184,28.040632,0.47010207,1015.86017,23.7085,16.758501,41.161396
2010-12-16 17:00:00+00:00,1.6000001,17.421001,1018.6667,73.637054,14.949936,0.47186747,1017.2308,18.1585,16.5585,22.19773
2010-12-17 17:00:00+00:00,0.0,19.314753,1014.95844,73.37227,11.304791,0.46832,1013.5369,21.8085,16.7085,17.462784
2010-12-18 17:00:00+00:00,0.0,20.818918,1015.3293,77.452095,10.604451,0.46365955,1013.91437,24.008501,16.9585,15.124284
2010-12-19 17:00:00+00:00,2.3,21.937668,1014.11255,86.99393,7.714819,0.46126,1012.7049,23.4585,19.9585,11.966953
2010-12-20 17:00:00+00:00,0.4,22.662672,1012.06244,87.72299,8.097127,0.45913503,1010.66113,24.758501,21.258501,16.199999
2010-12-21 17:00:00+00:00,0.0,22.748085,1011.1958,84.95515,9.972571,0.4557475,1009.79614,24.9085,21.1585,15.111424
2010-12-22 17:00:00+00:00,0.0,22.773085,1011.74585,85.10064,14.867837,0.45191583,1010.3452,25.1585,21.008501,21.077686
2010-12-23 17:00:00+00:00,0.0,22.1585,1011.1501,85.22732,11.633533,0.44775882,1009.7475,25.3085,19.8585,15.137133
2010-12-24 17:00:00+00:00,5.2999997,21.779335,1011.7375,86.99337,13.32888,0.4441483,1010.33234,25.4085,19.1085,23.83624
2010-12-25 17:00:00+00:00,32.2,18.32725,1017.0251,90.51413,24.261854,0.45921886,1015.5959,19.758501,17.6085,31.012281
2010-12-26 17:00:00+00:00,10.999999,18.723085,1016.4707,85.56611,10.718799,0.46877965,1015.0444,19.7085,17.7085,14.440443
2010-12-27 17:00:00+00:00,0.2,20.168919,1015.04156,77.93655,12.784568,0.46766338,1013.624,22.758501,17.7085,18.72
2010-12-28 17:00:00+00:00,0.0,20.404333,1014.05414,77.69158,11.2664795,0.46413097,1012.63916,22.9085,17.6085,14.830076
2010-12-29 17:00:00+00:00,0.2,21.03142,1015.69586,77.22079,11.752131,0.46014953,1014.2817,23.5585,19.1085,16.179987
2010-12-30 17:00:00+00:00,1.4000001,20.325167,1015.00415,79.84917,9.364947,0.45719257,1013.58746,22.258501,18.008501,15.111424
2010-12-31 17:00:00+00:00,0.5,21.346003,1013.19586,78.96373,14.671082,0.4548705,1011.7866,23.1085,19.9585,20.570463
2011-01-01 17:00:00+00:00,0.0,21.737669,1013.21655,85.17576,12.981351,0.45153877,1011.80927,24.6085,19.0585,17.873556
2011-01-02 17:00:00+00:00,1.2,21.918917,1014.0251,87.67084,10.887344,0.44860914,1012.6174,24.2085,20.4085,13.441071
2011-01-03 17:00:00+00:00,17.6,21.058504,1014.7666,93.06644,11.491692,0.4553509,1013.354,22.0585,20.508501,15.716793
2011-01-04 17:00:00+00:00,10.6,20.291836,1014.4373,90.14576,6.7555995,0.47475,1013.02155,21.2085,19.3585,9.793059
2011-01-05 17:00:00+00:00,31.0,19.88767,1017.2332,91.62711,17.740545,0.4813434,1015.8115,21.4585,18.6585,25.729298
2011-01-06 17:00:00+00:00,35.399998,18.216835,1018.825,90.859245,17.128304,0.4953537,1017.3928,18.508501,17.9585,21.316135
2011-01-07 17:00:00+00:00,18.599998,18.429335,1017.12506,91.76385,7.927999,0.4938054,1015.6961,18.9085,17.8085,10.195057
2011-01-08 17:00:00+00:00,14.099998,19.641834,1016.26666,87.69961,17.365244,0.49699414,1014.84503,21.9085,18.508501,21.659916
2011-01-09 17:00:00+00:00,24.3,18.056417,1016.15826,90.53519,13.312646,0.48533165,1014.72906,18.508501,17.7085,20.291357
2011-01-10 17:00:00+00:00,14.700001,17.354336,1015.60004,89.90957,16.014055,0.47557423,1014.16797,18.4085,15.408501,24.442911
2011-01-11 17:00:00+00:00,8.200001,15.568917,1016.43756,86.79846,13.054692,0.47512588,1014.99554,16.4585,14.5585,18.86139
2011-01-12 17:00:00+00:00,0.6,17.581419,1015.4041,84.143814,7.393762,0.46981373,1013.9736,19.1085,16.1585,11.620809
2011-01-13 17:00:00+00:00,1.6000001,19.010584,1014.74994,85.715675,7.3822665,0.46433663,1013.3272,20.8085,17.8085,12.324414
2011-01-14 17:00:00+00:00,13.1,17.952251,1018.6167,85.0701,23.701788,0.46406588,1017.18353,19.1585,16.3585,35.936943
2011-01-15 17:00:00+00:00,5.7999988,16.754335,1019.375,80.37229,15.185613,0.46582127,1017.93463,17.7085,15.658501,24.881702
2011-01-16 17:00:00+00:00,6.599999,17.823086,1018.04175,84.375145,10.483812,0.46357372,1016.6086,19.3085,16.3585,16.746773
2011-01-17 17:00:00+00:00,14.900001,17.973083,1016.44995,87.53234,12.041234,0.4673934,1015.0198,19.1585,17.1585,15.807239
2011-01-18 17:00:00+00:00,2.2,18.360582,1014.8916,84.66572,15.982361,0.46421456,1013.4655,19.0585,17.4585,20.188908
2011-01-19 17:00:00+00:00,5.5000005,19.016832,1014.76666,86.62173,18.133196,0.46070254,1013.34406,20.008501,18.3085,23.4
2011-01-20 17:00:00+00:00,9.700001,17.704332,1017.02496,86.48895,18.79584,0.46137133,1015.5928,18.3085,17.1085,22.91026
2011-01-21 17:00:00+00:00,2.7,18.404333,1017.32086,87.87118,3.5404093,0.46110666,1015.89166,19.6585,17.3585,10.239453
2011-01-22 17:00:00+00:00,17.0,19.146002,1018.30835,90.941124,9.762239,0.46149126,1016.8813,20.0585,18.4085,18.888851
2011-01-23 17:00:00+00:00,13.000001,18.212667,1019.7542,87.78608,17.684057,0.46821126,1018.3205,18.7085,17.9085,22.862125
2011-01-24 17:00:00+00:00,16.1,18.660585,1019.90405,90.93119,9.469866,0.47436586,1018.4725,19.508501,17.8085,14.417988
2011-01-25 17:00:00+00:00,7.0000005,19.612669,1020.0708,88.97474,14.673682,0.4816109,1018.6436,20.758501,19.0585,18.532135
2011-01-26 17:00:00+00:00,9.100001,19.496,1020.3125,89.6594,12.234534,0.48707584,1018.8845,19.9585,19.008501,15.077082
2011-01-27 17:00:00+00:00,28.499998,19.173084,1019.7209,91.09135,16.396793,0.491665,1018.292,19.8585,18.1085,21.370783
2011-01-28 17:00:00+00:00,28.9,17.221003,1021.41254,88.84476,19.196596,0.49317506,1019.97174,18.0585,16.5585,26.111792
2011-01-29 17:00:00+00:00,18.500002,17.123083,1021.50415,90.14227,14.227005,0.48979297,1020.0628,18.258501,16.4085,17.477621
2011-01-30 17:00:00+00:00,18.999996,17.20225,1020.89166,89.58035,11.753493,0.48284376,1019.45135,17.7085,16.8585,15.530151
2011-01-31 17:00:00+00:00,16.900002,17.720999,1019.375,90.9736,10.736472,0.46473542,1017.93964,18.1585,17.3585,15.856356
2011-02-01 17:00:00+00:00,12.600001,17.216835,1019.0291,88.402306,13.986488,0.46720335,1017.59174,17.7085,16.8085,18.692286
2011-02-02 17:00:00+00:00,1.3000001,19.016834,1017.5208,86.99585,8.491414,0.46249875,1016.0945,20.9585,17.008501,12.7279215
2011-02-03 17:00:00+00:00,1.2000002,20.24183,1015.7835,84.709984,12.222241,0.45727417,1014.36523,22.4085,18.6085,15.517629
2011-02-04 17:00:00+00:00,0.5,20.08975,1015.61664,84.790405,11.838296,0.45076957,1014.19794,22.5585,18.3585,16.343367
2011-02-05 17:00:00+00:00,0.0,19.602255,1013.75433,82.03297,9.899494,0.44386208,1012.33563,23.4085,15.908501,13.281023
2011-02-06 17:00:00+00:00,0.0,19.868917,1010.00006,81.724464,9.617638,0.43685123,1008.58795,24.5585,15.7085,11.480557
2011-02-07 17:00:00+00:00,0.0,21.40017,1006.21246,83.4885,7.7915573,0.4304775,1004.8128,27.3585,15.0085,14.081478
2011-02-08 17:00:00+00:00,0.0,22.733498,1005.4458,81.498375,8.997312,0.4242692,1004.0537,29.3085,16.1085,18.228943
2011-02-09 17:00:00+00:00,0.0,22.948082,1007.8499,86.703026,8.858982,0.41825095,1006.45557,28.5585,17.508501,18.0036
2011-02-10 17:00:00+00:00,2.7000003,22.03975,1011.6834,92.85531,9.741062,0.41421208,1010.27954,24.8585,19.6585,18.374111
2011-02-11 17:00:00+00:00,0.6,21.958502,1013.0876,87.95318,17.264002,0.41322085,1011.68134,23.6085,20.9585,22.206486
2011-02-12 17:00:00+00:00,4.5000005,20.229334,1013.3,92.095184,14.881169,0.41227165,1011.8852,21.7085,18.2085,25.277025
2011-02-13 17:00:00+00:00,4.8999996,18.1835,1016.44165,85.68305,16.164288,0.4136338,1015.0125,18.4585,18.008501,21.566975
2011-02-14 17:00:00+00:00,1.4000001,18.943916,1016.1167,83.87765,8.5627,0.41264832,1014.69183,20.2085,17.9585,15.072783
2011-02-15 17:00:00+00:00,0.0,20.368917,1014.429,88.38288,5.18004,0.41011706,1013.0135,24.008501,17.5585,10.464797
2011-02-16 17:00:00+00:00,0.1,20.927252,1013.3709,91.5548,9.723512,0.40692756,1011.9594,24.6085,17.8585,19.386591
2011-02-17 17:00:00+00:00,0.4,21.098085,1013.0542,88.18702,7.335708,0.4051917,1011.64404,23.7085,19.8085,11.304229
2011-02-18 17:00:00+00:00,0.8,20.621002,1014.0208,90.40268,12.21075,0.4035096,1012.60693,22.1585,19.9085,18.057508
2011-02-19 17:00:00+00:00,2.8000002,19.71892,1016.5083,88.286896,14.405319,0.40385166,1015.08673,20.6585,19.0585,17.727943
2011-02-20 17:00:00+00:00,0.0,19.573088,1016.10004,86.78574,9.85923,0.40324965,1014.6782,20.8085,18.6085,13.556282
2011-02-21 17:00:00+00:00,0.2,21.23142,1014.66656,86.908516,6.740891,0.40122965,1013.25464,24.508501,19.4585,14.707222
2011-02-22 17:00:00+00:00,0.4,22.185583,1014.11664,88.18585,13.994038,0.39915255,1012.71027,25.0585,20.3585,21.2522
2011-02-23 17:00:00+00:00,0.0,22.32725,1012.7292,87.02511,13.649765,0.39606628,1011.3252,24.8085,20.6085,17.227419
2011-02-24 17:00:00+00:00,0.0,22.541832,1011.5833,86.71579,15.755534,0.3928001,1010.18195,25.6085,20.3085,21.611998
2011-02-25 17:00:00+00:00,0.0,22.4335,1012.8875,85.54134,17.669016,0.3892305,1011.4838,25.6585,20.508501,21.288757
2011-02-26 17:00:00+00:00,0.0,22.008501,1013.479,86.92679,11.526215,0.38585386,1012.0727,24.8085,19.8085,16.311613
2011-02-27 17:00:00+00:00,0.0,21.758501,1012.02924,85.70197,11.88926,0.38270712,1010.6235,24.9085,19.008501,16.65754
2011-02-28 17:00:00+00:00,0.1,21.677252,1012.3125,82.49962,8.2996855,0.37948665,1010.906,24.4585,19.1585,12.261157
2011-03-01 17:00:00+00:00,2.5,21.704336,1014.0666,89.35555,7.183893,0.37839875,1012.6578,23.8585,19.8585,13.513193
2011-03-02 17:00:00+00:00,2.1000001,22.081419,1014.1167,87.87592,13.08138,0.37861124,1012.7097,24.1085,20.7085,18.532133
2011-03-03 17:00:00+00:00,3.7,21.610582,1014.4043,88.983284,17.655981,0.38089004,1012.99445,23.4085,20.4585,22.691425
2011-03-04 17:00:00+00:00,1.1,22.4085,1012.7209,86.80389,16.759043,0.3810717,1011.3174,24.6585,20.7085,20.929596
2011-03-05 17:00:00+00:00,0.0,23.129333,1011.08746,89.577446,10.0099125,0.37861168,1009.6895,26.9085,20.258501,15.192682
2011-03-06 17:00:00+00:00,7.9999995,21.137667,1013.8001,93.16714,13.88305,0.37916458,1012.3889,24.0585,18.6085,28.185953
2011-03-07 17:00:00+00:00,1.0,19.421,1016.3208,82.71904,16.59096,0.38186625,1014.8979,20.1585,18.5585,20.608229
2011-03-08 17:00:00+00:00,0.6,20.177252,1017.5249,84.832756,14.830892,0.38101125,1016.10406,21.508501,19.258501,18.057508
2011-03-09 17:00:00+00:00,8.900001,20.518919,1017.9958,91.906,8.853131,0.3851296,1016.5759,22.258501,19.5585,12.72283
2011-03-10 17:00:00+00:00,3.1000001,21.543917,1015.98334,90.02289,11.257809,0.39002165,1014.5711,23.758501,19.758501,18.359999
2011-03-11 17:00:00+00:00,0.2,22.173082,1014.9209,87.8226,12.047475,0.38924292,1013.5132,24.8585,19.8085,19.211996
2011-03-12 17:00:00+00:00,0.0,22.491837,1013.1125,86.37139,10.922542,0.38615426,1011.7088,25.6585,19.8085,14.77755
2011-03-13 17:00:00+00:00,0.0,22.421,1011.77924,86.640656,11.201167,0.3822901,1010.37695,25.5585,19.6585,14.118243
2011-03-14 17:00:00+00:00,6.700001,21.848085,1014.73334,86.06573,15.069913,0.38009712,1013.3243,24.4585,18.508501,31.68818
2011-03-15 17:00:00+00:00,20.500004,17.391834,1018.5042,87.248634,27.915987,0.39010382,1017.0683,18.1585,16.6085,30.993471
2011-03-16 17:00:00+00:00,9.999998,17.185583,1018.84576,85.03016,22.193666,0.39834467,1017.40845,18.008501,16.5585,26.67889
2011-03-17 17:00:00+00:00,1.2,17.256418,1016.179,82.95238,12.774964,0.40001127,1014.7459,18.0585,16.508501,17.654688
2011-03-18 17:00:00+00:00,0.0,19.516834,1012.5208,85.26258,6.535761,0.3982241,1011.1036,23.4585,16.9085,13.004921
2011-03-19 17:00:00+00:00,0.0,22.562666,1009.1001,89.94464,8.754378,0.394567,1007.7021,26.9585,17.7085,16.62249
2011-03-20 17:00:00+00:00,0.0,24.821001,1008.0833,88.34133,8.577645,0.39051536,1006.6975,29.7085,19.508501,16.516901
2011-03-21 17:00:00+00:00,15.700001,22.125168,1012.26263,94.48989,15.476989,0.3918792,1010.8582,25.008501,18.9085,26.052162
2011-03-22 17:00:00+00:00,24.5,19.223085,1017.1208,90.10035,19.022276,0.40766123,1015.69586,19.5585,18.8585,24.503809
2011-03-23 17:00:00+00:00,22.5,19.673086,1017.5457,91.98435,15.237878,0.4199754,1016.12256,20.7085,18.758501,22.45315
2011-03-24 17:00:00+00:00,24.200003,18.946003,1019.375,90.415985,19.361074,0.44148627,1017.9454,19.6085,18.4585,23.051247
2011-03-25 17:00:00+00:00,14.399998,18.675167,1019.4375,89.20868,17.734049,0.4568917,1018.00653,19.758501,18.2085,20.418695
2011-03-26 17:00:00+00:00,22.9,17.818914,1019.3582,90.52296,20.452461,0.4694467,1017.92334,18.4085,17.1085,23.762726
2011-03-27 17:00:00+00:00,22.7,17.500166,1019.5708,89.52549,20.837328,0.48413217,1018.13403,18.0585,17.0585,25.729298
2011-03-28 17:00:00+00:00,11.600001,17.964752,1019.93335,86.66279,17.16558,0.49226177,1018.4981,18.9085,17.2085,22.66857
2011-03-29 17:00:00+00:00,5.499999,17.33975,1019.1667,85.41727,15.405929,0.49157038,1017.7297,18.008501,17.0585,19.70815
2011-03-30 17:00:00+00:00,0.1,18.650167,1016.5251,84.9336,7.443525,0.48856962,1015.0981,20.1585,17.0585,12.0694
2011-03-31 17:00:00+00:00,0.0,20.635586,1013.79175,89.55312,5.1139584,0.4846001,1012.3781,22.758501,17.9085,9.605998
2011-04-01 17:00:00+00:00,0.0,22.00225,1012.82086,89.18691,11.686538,0.4798716,1011.4153,24.6085,19.6585,16.520823
2011-04-02 17:00:00+00:00,0.0,22.041838,1012.14575,89.92577,10.952506,0.47452953,1010.74115,24.9085,19.6585,15.463246
2011-04-03 17:00:00+00:00,0.0,22.441833,1013.1126,88.911285,13.631481,0.46957883,1011.7087,24.9085,20.5585,17.072504
2011-04-04 17:00:00+00:00,0.1,22.895998,1014.2209,87.72775,17.218258,0.46536335,1012.81757,25.258501,21.3085,20.570463
2011-04-05 17:00:00+00:00,0.0,23.381418,1012.9001,87.40513,14.798619,0.46066138,1011.5009,26.508501,20.758501,19.164719
2011-04-06 17:00:00+00:00,0.0,23.748083,1012.8584,88.95539,15.877045,0.45566,1011.46094,26.2085,21.9585,21.349546
2011-04-07 17:00:00+00:00,0.90000004,23.285583,1014.2708,90.26191,16.27236,0.45215252,1012.8694,24.9585,22.0585,20.799152
2011-04-08 17:00:00+00:00,1.3000001,22.754333,1016.83344,89.22766,10.4210205,0.44950917,1015.4258,24.8585,21.3585,14.658676
2011-04-09 17:00:00+00:00,3.4,21.981417,1016.5876,90.456505,8.622241,0.44825533,1015.1765,24.3085,20.008501,16.73516
2011-04-10 17:00:00+00:00,1.4000001,22.429337,1014.05414,89.98331,10.532089,0.44620916,1012.64886,24.9085,20.0585,16.516901
2011-04-11 17:00:00+00:00,0.0,22.89392,1014.17065,88.61529,11.583304,0.44270924,1012.7675,25.5585,20.9085,17.533146
2011-04-12 17:00:00+00:00,0.0,22.941833,1014.0583,88.35821,9.71511,0.43828794,1012.65546,26.1585,19.9585,14.529915
2011-04-13 17:00:00+00:00,0.0,23.337667,1010.90405,89.963936,7.990518,0.43411553,1009.5075,26.6085,20.6585,13.237038
2011-04-14 17:00:00+00:00,0.0,25.329336,1007.76245,89.3726,8.295774,0.42923045,1006.37933,29.5585,20.3085,16.575644
2011-04-15 17:00:00+00:00,0.0,26.966835,1007.71246,84.588646,7.1853924,0.42402837,1006.3369,31.758501,22.3085,16.62249
2011-04-16 17:00:00+00:00,0.0,28.058502,1006.85834,79.698494,5.0904946,0.4188958,1005.48895,33.2085,23.5585,7.928177
2011-04-17 17:00:00+00:00,14.9,23.423086,1009.3123,92.03986,13.217026,0.42743334,1007.91846,25.008501,21.4585,26.420174
2011-04-18 17:00:00+00:00,0.2,22.416834,1012.0916,85.369576,10.869197,0.43268624,1010.68896,24.0585,20.2085,17.873556
2011-04-19 17:00:00+00:00,2.4,23.981417,1012.4792,88.99381,11.01857,0.43090582,1011.08344,26.508501,22.2085,16.595179
2011-04-20 17:00:00+00:00,0.2,24.73142,1010.95844,89.75913,13.212655,0.42779458,1009.56805,27.3585,22.8585,19.083395
2011-04-21 17:00:00+00:00,0.90000004,24.879333,1009.54584,93.16866,5.4222064,0.42472708,1008.15814,28.1085,22.258501,11.367109
2011-04-22 17:00:00+00:00,12.100001,23.264753,1011.9084,89.43633,15.366113,0.43023798,1010.50995,23.9085,22.4085,25.862436
2011-04-23 17:00:00+00:00,1.6,23.135584,1012.6958,88.38462,12.329558,0.43225455,1011.2959,24.8585,22.008501,16.343367
2011-04-24 17:00:00+00:00,2.4,23.679335,1011.99994,90.05411,8.737151,0.43200004,1010.60333,25.3585,22.4585,18.129137
2011-04-25 17:00:00+00:00,0.0,25.025164,1009.07086,89.58661,7.5290046,0.42904243,1007.6846,28.508501,22.4585,15.905319
2011-04-26 17:00:00+00:00,1.1,26.210588,1007.06244,87.88528,5.850958,0.4252504,1005.6845,29.9085,22.5585,13.009903
2011-04-27 17:00:00+00:00,3.3999999,25.143919,1007.5959,94.12092,5.9804077,0.4270896,1006.2121,27.6085,23.3585,12.261157
2011-04-28 17:00:00+00:00,1.6,25.937666,1008.44995,92.10678,7.1750507,0.427665,1007.06885,28.1085,24.258501,10.931203
2011-04-29 17:00:00+00:00,0.1,26.81475,1008.7834,89.44587,7.2171845,0.42498502,1007.4057,30.8585,23.1585,13.5515
2011-04-30 17:00:00+00:00,10.2,26.908499,1008.6375,89.061806,6.393151,0.42279708,1007.2605,30.8585,23.9085,13.979871
2011-05-01 17:00:00+00:00,0.0,27.510584,1007.20825,85.91995,8.250726,0.42507327,1005.836,31.5585,23.7085,15.542662
2011-05-02 17:00:00+00:00,0.0,28.043917,1006.6584,84.900185,6.7603135,0.41952,1005.28906,32.108498,24.5585,13.450708
2011-05-03 17:00:00+00:00,1.9000001,26.3835,1008.6418,92.40737,8.187411,0.4157305,1007.26227,28.508501,24.9585,14.113652
2011-05-04 17:00:00+00:00,0.8,26.339752,1008.94165,91.84955,6.834429,0.41404042,1007.5616,29.1585,24.258501,12.10157
2011-05-05 17:00:00+00:00,7.1,27.087667,1007.41656,88.26453,6.925844,0.41228214,1006.04205,30.9585,23.1585,14.05845
2011-05-06 17:00:00+00:00,0.8,27.6835,1005.7542,82.48638,7.8417335,0.41203877,1004.3847,32.358498,24.5585,17.148247
2011-05-07 17:00:00+00:00,0.0,28.393915,1004.8874,80.93455,6.6473603,0.40715715,1003.5223,32.9585,25.2085,13.551501
2011-05-08 17:00:00+00:00,0.0,28.200165,1004.7375,79.36261,6.6744046,0.4020562,1003.37164,31.758501,25.4085,16.946787
2011-05-09 17:00:00+00:00,0.0,28.841835,1004.38336,75.91592,5.408205,0.39724126,1003.02075,32.8085,25.758501,10.739833
2011-05-10 17:00:00+00:00,0.9,29.02725,1003.89594,74.29412,5.4919915,0.3919979,1002.53485,33.8085,25.7085,11.988594
2011-05-11 17:00:00+00:00,5.0,28.287668,1005.0833,81.17002,5.554697,0.38809967,1003.7175,32.108498,25.3585,13.397612
2011-05-12 17:00:00+00:00,6.2,26.729338,1007.0625,87.68449,5.834574,0.38884583,1005.68677,29.6585,25.1085,13.324863
2011-05-13 17:00:00+00:00,13.099998,25.954332,1008.9041,91.17341,5.7202973,0.40144122,1007.52246,28.2085,24.258501,11.681987
2011-05-14 17:00:00+00:00,0.4,26.235588,1011.2624,89.92773,5.100739,0.40597793,1009.87885,28.5585,23.758501,10.1376915
2011-05-15 17:00:00+00:00,11.9,26.379333,1012.2834,89.05535,6.217981,0.40722463,1010.8989,29.9585,23.8585,11.165805
2011-05-16 17:00:00+00:00,5.2,24.231417,1011.83765,81.42065,13.84892,0.4140379,1010.4436,26.6585,22.2085,21.470612
2011-05-17 17:00:00+00:00,0.0,25.20225,1008.92914,77.64111,6.1113753,0.41037455,1007.54395,29.008501,21.3085,12.682018
2011-05-18 17:00:00+00:00,7.6,25.931417,1008.5793,86.622894,5.0744534,0.4099045,1007.1977,28.9085,23.258501,10.24578
2011-05-19 17:00:00+00:00,1.6,27.121002,1006.67914,82.78022,4.7110047,0.41091588,1005.3059,31.1585,24.1085,10.823973
2011-05-20 17:00:00+00:00,0.0,28.177252,1004.67505,75.5738,6.7721896,0.4071188,1003.30914,32.7085,24.2085,11.019764
2011-05-21 17:00:00+00:00,0.0,29.106415,1004.0334,70.889244,10.998329,0.4004179,1002.6726,33.158497,25.8085,15.807239
2011-05-22 17:00:00+00:00,10.700001,26.820997,1006.01666,82.11237,12.639005,0.39951244,1004.6429,31.3585,23.8085,24.26998
2011-05-23 17:00:00+00:00,0.70000005,24.8835,1008.51654,83.98902,11.763068,0.40374804,1007.13055,26.5585,23.5585,15.111424
2011-05-24 17:00:00+00:00,3.1,24.471,1008.73334,87.43984,13.853401,0.40339625,1007.34503,25.4585,23.8585,18.58451
2011-05-25 17:00:00+00:00,3.2000003,24.543917,1009.04987,85.01251,14.495719,0.40354502,1007.6616,26.0585,23.008501,21.629978
2011-05-26 17:00:00+00:00,0.0,24.606417,1007.9585,80.815926,9.172328,0.4004608,1006.5716,27.9585,21.7085,15.5843
2011-05-27 17:00:00+00:00,0.0,24.38975,1007.4541,78.89375,7.544258,0.39500007,1006.06714,27.9585,20.508501,14.113653
2011-05-28 17:00:00+00:00,0.0,24.220999,1009.2583,80.414696,5.7666454,0.38943884,1007.8681,27.9085,19.8585,13.009903
2011-05-29 17:00:00+00:00,0.0,25.052248,1009.25006,82.98716,5.8269,0.3845471,1007.8636,28.4585,21.3585,11.304229
2011-05-30 17:00:00+00:00,0.6,25.983498,1006.8374,87.35563,6.319823,0.3807112,1005.45856,29.5585,21.8085,12.594856
2011-05-31 17:00:00+00:00,0.2,26.896004,1006.625,85.728455,6.6456523,0.37772796,1005.2507,30.258501,23.4085,12.181625
2011-06-01 17:00:00+00:00,0.0,27.36683,1007.77496,85.8378,6.170847,0.37453914,1006.40137,30.258501,24.6085,11.885453
2011-06-02 17:00:00+00:00,10.6,27.727251,1007.30414,85.88311,5.4535975,0.37498,1005.9327,30.8585,24.4585,10.495713
2011-06-03 17:00:00+00:00,11.4,27.535583,1006.41675,85.56164,5.3998523,0.37985042,1005.0455,30.9585,24.758501,10.823973
2011-06-04 17:00:00+00:00,5.3,27.996,1006.77905,85.05029,6.561487,0.38503376,1005.40967,31.3585,25.1085,13.397612
2011-06-05 17:00:00+00:00,4.5,28.206419,1007.24585,79.92657,5.3303547,0.3853579,1005.8765,31.6085,24.7085,9.659814
2011-06-06 17:00:00+00:00,0.0,29.002249,1006.0417,73.19503,8.143977,0.38211176,1004.6777,33.4585,24.8585,13.527572
2011-06-07 17:00:00+00:00,0.0,29.483498,1004.97925,71.32316,8.231584,0.3758038,1003.61896,34.0585,26.508501,14.168641
2011-06-08 17:00:00+00:00,0.0,29.527252,1004.0833,70.51069,7.9337573,0.36997426,1002.7243,33.7585,26.5585,12.538134
2011-06-09 17:00:00+00:00,0.0,29.37517,1002.9458,69.16988,12.320367,0.364042,1001.5877,33.4585,26.3585,18.556595
2011-06-10 17:00:00+00:00,0.3,29.633501,1003.7126,66.478325,11.394364,0.358155,1002.35455,33.0585,27.2085,15.696165
2011-06-11 17:00:00+00:00,1.4000001,29.056417,1005.4124,72.375885,6.9305463,0.35342,1004.0496,33.3085,26.1585,10.685391
2011-06-12 17:00:00+00:00,0.0,28.837671,1005.65424,73.01822,6.0798073,0.34968004,1004.29004,32.3085,25.758501,8.534353
2011-06-13 17:00:00+00:00,1.1,29.131418,1005.49585,66.723305,10.375624,0.34566292,1004.13306,32.9585,26.2085,15.0038395
2011-06-14 17:00:00+00:00,0.0,29.77725,1004.0999,60.976513,16.93491,0.34120464,1002.7421,33.858498,27.008501,24.48
2011-06-15 17:00:00+00:00,0.0,30.477247,1002.6626,60.180042,17.370031,0.33645675,1001.30975,34.4585,27.9585,27.381306
2011-06-16 17:00:00+00:00,0.4,30.381414,1003.18744,61.420773,9.606453,0.33225414,1001.83356,34.4585,28.0585,14.255272
2011-06-17 17:00:00+00:00,0.1,29.854332,1002.46246,65.09203,10.319396,0.32868838,1001.1072,33.9585,26.9585,19.523155
2011-06-18 17:00:00+00:00,1.5,29.262667,1001.72925,67.813675,11.072576,0.32599422,1000.3723,33.7085,26.6085,18.919704
2011-06-19 17:00:00+00:00,0.0,29.495996,1002.4041,64.395775,13.120595,0.3236684,1001.0474,33.0585,27.1085,20.188908
2011-06-20 17:00:00+00:00,0.0,29.456415,1002.0708,64.07459,18.202604,0.32087836,1000.71436,32.7085,27.2085,23.000591
2011-06-21 17:00:00+00:00,0.0,30.116835,999.18335,61.875042,24.107058,0.31835672,997.8337,33.608498,27.508501,29.49804
2011-06-22 17:00:00+00:00,0.0,29.710579,996.26245,62.464176,31.822144,0.3160159,994.9151,32.5085,28.2085,38.526726
2011-06-23 17:00:00+00:00,1.4000001,28.22516,996.54584,68.89452,23.89134,0.31539133,995.19135,29.6085,27.1085,31.575506
2011-06-24 17:00:00+00:00,1.3000001,29.483503,999.35004,60.900425,19.016764,0.3150325,997.99725,33.358498,26.3585,26.66188
2011-06-25 17:00:00+00:00,0.0,30.73558,1002.85834,54.768017,15.32965,0.3116483,1001.50653,34.4585,28.1585,21.933426
2011-06-26 17:00:00+00:00,0.1,30.208502,1003.46246,59.26263,13.890904,0.30872008,1002.1075,33.7085,27.9085,18.864824
2011-06-27 17:00:00+00:00,0.0,30.031418,1002.99164,61.335052,16.505625,0.30688128,1001.6364,33.608498,27.4085,22.59699
2011-06-28 17:00:00+00:00,0.7,29.823088,1003.6792,62.790424,18.500845,0.30551204,1002.32227,32.608498,27.7085,23.47741
2011-06-29 17:00:00+00:00,0.1,28.75225,1004.57086,65.903694,18.013754,0.30454627,1003.2078,32.7585,27.4085,21.603
2011-06-30 17:00:00+00:00,1.1,28.548082,1005.94586,63.631237,11.235947,0.3041679,1004.58,31.8585,25.4585,19.386593
2011-07-01 17:00:00+00:00,0.0,29.489748,1006.34155,59.248444,6.621199,0.30233046,1004.97925,34.2085,24.4085,10.739832
2011-07-02 17:00:00+00:00,0.0,30.443918,1006.49585,56.8735,7.1823735,0.29989672,1005.13776,35.158497,26.1585,13.513193
2011-07-03 17:00:00+00:00,0.1,30.300165,1007.60834,61.060028,7.4879193,0.29733378,1006.24805,35.358498,26.8585,13.684735
2011-07-04 17:00:00+00:00,0.6,30.050165,1006.9709,66.60009,7.247153,0.2954384,1005.61035,34.658497,25.8085,12.015589
2011-07-05 17:00:00+00:00,0.1,31.029333,1004.2959,58.90163,11.1661,0.29378083,1002.9432,36.108498,27.6585,19.272614
2011-07-06 17:00:00+00:00,0.0,31.643913,1002.7832,56.240818,15.1788225,0.29202,1001.43536,36.3085,28.3585,22.553934
2011-07-07 17:00:00+00:00,0.1,31.854334,1003.375,56.69276,10.936572,0.2902013,1002.0274,36.658497,28.9085,21.120682
2011-07-08 17:00:00+00:00,0.0,31.56475,1003.1167,57.845272,10.148438,0.28862208,1001.76807,35.5085,28.1585,17.873556
2011-07-09 17:00:00+00:00,0.1,30.87725,1002.4084,61.12376,7.934185,0.28712547,1001.0577,34.408497,27.3585,14.57889
2011-07-10 17:00:00+00:00,1.8,30.593912,1002.42505,61.407,9.722121,0.28630912,1001.07306,35.3085,27.508501,16.45007
2011-07-11 17:00:00+00:00,0.5,30.323076,1002.52496,60.71991,12.164113,0.28617588,1001.1719,34.3085,27.4085,17.533146
2011-07-12 17:00:00+00:00,1.6999999,28.88767,1003.125,65.807976,18.447153,0.28559875,1001.7646,33.108498,26.8585,24.535524
2011-07-13 17:00:00+00:00,4.3,27.470999,1002.94995,72.965706,17.030737,0.2860292,1001.58344,29.2085,25.508501,22.065973
2011-07-14 17:00:00+00:00,1.8000001,28.098083,1003.7251,68.93454,10.696347,0.28852424,1002.36017,30.9085,25.4585,16.1198
2011-07-15 17:00:00+00:00,0.0,29.389753,1003.64575,62.57753,14.502624,0.2868033,1002.2869,33.7085,26.6085,20.188908
2011-07-16 17:00:00+00:00,0.0,29.65017,1002.6042,61.751938,20.69374,0.28509668,1001.248,33.5585,27.508501,27.345785
2011-07-17 17:00:00+00:00,1.4000001,29.037666,1001.9375,64.658806,27.495085,0.28467205,1000.57916,33.0585,27.6085,35.9946
2011-07-18 17:00:00+00:00,1.8000001,28.635584,1001.94165,67.283585,24.340416,0.28473213,1000.5818,30.0585,27.1085,32.10667
2011-07-19 17:00:00+00:00,0.0,29.083502,1003.1208,64.15282,20.44625,0.28417045,1001.76117,31.8085,27.6085,26.081993
2011-07-20 17:00:00+00:00,6.2,28.096,1004.25,69.15168,19.435759,0.28612414,1002.88434,30.758501,26.1085,27.890127
2011-07-21 17:00:00+00:00,0.0,29.591833,1003.84174,62.29916,14.116321,0.2860912,1002.48334,33.3085,27.2085,19.35314
2011-07-22 17:00:00+00:00,0.1,29.543915,1004.4251,66.4764,8.388928,0.28422713,1003.0656,33.7585,26.508501,21.485697
2011-07-23 17:00:00+00:00,0.2,29.135582,1005.61664,73.79193,9.685012,0.2826446,1004.2539,32.5585,25.5585,18.584509
2011-07-24 17:00:00+00:00,0.2,28.9085,1006.85834,73.893234,10.731515,0.2814033,1005.4929,32.2585,26.1085,17.287498
2011-07-25 17:00:00+00:00,0.0,29.639748,1006.0374,69.30745,7.406589,0.28022924,1004.67633,34.158497,25.3085,13.910169
2011-07-26 17:00:00+00:00,0.3,29.789751,1004.87494,68.28831,9.239754,0.2790825,1003.5161,34.4585,26.008501,17.298738
2011-07-27 17:00:00+00:00,0.2,29.543917,1003.85846,69.16929,7.881304,0.27812836,1002.4997,34.2085,25.9585,16.595179
2011-07-28 17:00:00+00:00,0.0,28.848085,1000.1751,68.065315,21.789122,0.277332,998.81854,31.3085,26.8585,29.168886
2011-07-29 17:00:00+00:00,24.699999,26.125162,998.48334,82.66805,16.015455,0.28963712,997.11676,28.008501,25.4585,30.555498
2011-07-30 17:00:00+00:00,4.9,27.031418,1002.8833,78.20161,5.148336,0.29968295,1001.51483,30.6585,24.9585,7.653705
2011-07-31 17:00:00+00:00,18.1,26.062668,1004.64154,86.53391,6.277996,0.3059683,1003.26636,29.4085,24.2085,10.009036
2011-08-01 17:00:00+00:00,8.599999,26.31475,1006.09576,85.722694,4.384484,0.32152167,1004.7197,28.0585,24.8585,5.692099
2011-08-02 17:00:00+00:00,8.0,26.654333,1006.4959,81.98874,11.6312,0.3295425,1005.1206,28.9085,24.9585,19.881649
2011-08-03 17:00:00+00:00,0.6,28.781416,1003.39185,69.176125,24.239843,0.3293425,1002.03033,32.0085,26.3585,29.46947
2011-08-04 17:00:00+00:00,0.0,29.837664,1000.7668,66.37594,25.240389,0.322775,999.41376,33.2585,27.9585,31.235058
2011-08-05 17:00:00+00:00,1.2,29.062668,1000.01666,69.79912,21.022894,0.31806758,998.66113,31.9085,26.6585,28.745949
2011-08-06 17:00:00+00:00,0.3,28.1585,1002.01666,71.01357,18.07036,0.3139808,1000.6545,31.008501,26.6085,25.603062
2011-08-07 17:00:00+00:00,0.0,28.816833,1004.0542,66.48072,15.1565695,0.30997917,1002.69214,32.4585,26.6585,23.263912
2011-08-08 17:00:00+00:00,0.0,28.025167,1003.8625,68.924675,18.845734,0.3060359,1002.497,30.508501,26.5585,23.773632
2011-08-09 17:00:00+00:00,1.1000001,28.39392,1003.47504,67.07643,12.036826,0.30298087,1002.1119,31.508501,26.758501,16.489416
2011-08-10 17:00:00+00:00,0.3,28.714752,1004.6624,67.08628,8.253381,0.29979452,1003.29926,31.8085,26.1585,14.529915
2011-08-11 17:00:00+00:00,1.1,28.348083,1005.3499,72.528725,5.623532,0.29729044,1003.9841,32.0585,25.008501,11.212135
2011-08-12 17:00:00+00:00,0.0,28.868917,1006.17487,75.02767,7.364481,0.29535618,1004.8103,32.0085,25.508501,15.192682
2011-08-13 17:00:00+00:00,0.0,29.06475,1007.86664,75.4921,12.550079,0.29251748,1006.50073,32.7585,25.9085,22.91026
2011-08-14 17:00:00+00:00,1.9000002,27.956415,1008.80005,77.79063,8.742236,0.29103914,1007.42755,31.9585,25.3585,15.496736
2011-08-15 17:00:00+00:00,1.2,27.15642,1007.84576,77.524574,5.616158,0.29190585,1006.4711,30.6585,24.8085,8.287822
2011-08-16 17:00:00+00:00,4.4,26.595999,1006.6667,80.869736,7.586414,0.29461834,1005.2911,28.7085,24.6085,11.631956
2011-08-17 17:00:00+00:00,10.299999,26.318914,1006.75824,82.934364,6.6628366,0.29749414,1005.38116,28.9585,24.758501,10.787993
2011-08-18 17:00:00+00:00,20.2,25.731417,1008.5459,86.67029,5.597847,0.3134804,1007.16364,27.8085,24.3085,10.829958
2011-08-19 17:00:00+00:00,11.3,26.189749,1009.4375,83.96891,5.7491546,0.3201242,1008.05615,29.258501,23.5585,9.9571085
2011-08-20 17:00:00+00:00,1.0,27.043917,1008.86237,80.70063,4.6405234,0.32187796,1007.48566,30.7085,23.508501,9.693296
2011-08-21 17:00:00+00:00,0.7,28.046,1007.5666,80.190414,5.6533012,0.318718,1006.1963,31.9585,24.6585,10.233123
2011-08-22 17:00:00+00:00,0.0,28.908499,1005.85834,76.41039,7.1298347,0.31453833,1004.4942,33.108498,24.9085,14.081478
2011-08-23 17:00:00+00:00,7.1,28.639746,1005.6709,78.83083,7.027326,0.31165084,1004.3057,33.358498,25.8085,11.720751
2011-08-24 17:00:00+00:00,9.5,27.13975,1006.2124,86.88781,8.992342,0.31797418,1004.8399,29.9085,25.258501,15.986595
2011-08-25 17:00:00+00:00,6.2,26.862669,1006.4583,87.674805,8.031358,0.31926042,1005.08417,29.4085,24.9085,12.682018
2011-08-26 17:00:00+00:00,3.6,26.902252,1005.98334,89.08578,7.9931602,0.32205915,1004.61005,29.3585,24.9585,16.199999
2011-08-27 17:00:00+00:00,0.90000004,27.40642,1005.39154,83.812645,6.291048,0.32071257,1004.0213,30.6085,24.3085,12.015589
2011-08-28 17:00:00+00:00,1.4000001,27.96267,1005.63763,81.412636,5.5007687,0.3177842,1004.2693,32.108498,24.9085,8.435069
2011-08-29 17:00:00+00:00,0.0,28.637663,1004.97906,71.906334,13.850338,0.31468958,1003.615,31.8085,25.9585,20.06334
2011-08-30 17:00:00+00:00,0.0,29.368917,1003.15845,66.5622,22.239397,0.30989453,1001.80005,33.358498,26.9585,30.737339
2011-08-31 17:00:00+00:00,0.0,29.06475,1003.0208,66.02184,24.86387,0.30495,1001.6613,33.5085,26.6085,30.926493
2011-09-01 17:00:00+00:00,0.0,29.020998,1003.4751,65.047104,19.97751,0.30056545,1002.11456,32.8085,26.1085,28.017622
2011-09-02 17:00:00+00:00,0.0,29.068916,1004.8792,66.49482,11.357628,0.2966983,1003.5171,32.8085,26.4085,15.463246
2011-09-03 17:00:00+00:00,3.5000002,28.200165,1006.675,75.86891,6.4060836,0.29489118,1005.30664,32.408497,25.258501,10.195057
2011-09-04 17:00:00+00:00,3.8,28.287664,1006.85834,75.246544,5.0036955,0.2950029,1005.49005,32.5085,25.1585,7.5942073
2011-09-05 17:00:00+00:00,0.8,28.764748,1006.3667,69.03671,8.993249,0.2943625,1005.00104,32.658497,25.758501,15.596767
2011-09-06 17:00:00+00:00,0.4,29.437666,1004.89996,61.6663,13.011913,0.29174125,1003.53955,33.5585,26.5585,19.969458
2011-09-07 17:00:00+00:00,0.8,28.568918,1004.5042,67.028824,9.344083,0.28961498,1003.1402,31.5585,26.3585,15.990646
2011-09-08 17:00:00+00:00,10.400001,26.233498,1006.15826,85.49912,7.4863667,0.29157922,1004.78174,28.2085,25.008501,14.480773
2011-09-09 17:00:00+00:00,25.9,25.477251,1005.42487,92.48931,11.026906,0.31128708,1004.0459,28.008501,24.4085,21.659918
2011-09-10 17:00:00+00:00,23.900003,25.698088,1005.17065,91.74258,5.3476467,0.32974747,1003.79315,27.7085,24.7085,16.055353
2011-09-11 17:00:00+00:00,6.8999996,26.050169,1007.46655,89.318726,4.944228,0.34351835,1006.08734,28.8085,24.508501,8.404285
2011-09-12 17:00:00+00:00,6.2999997,26.48142,1007.8667,86.92512,5.551515,0.34947503,1006.4888,28.8085,24.6585,9.686609
2011-09-13 17:00:00+00:00,10.4,26.073084,1006.69165,85.18633,9.110899,0.3575329,1005.31366,27.508501,25.008501,17.709658
2011-09-14 17:00:00+00:00,1.4000001,26.918917,1006.07916,76.554085,10.783169,0.35923958,1004.70575,29.2085,25.4085,15.646544
2011-09-15 17:00:00+00:00,1.8,27.616835,1005.3291,74.89848,9.084644,0.35704914,1003.95996,31.1085,25.758501,15.937878
2011-09-16 17:00:00+00:00,2.1000001,28.116835,1003.9417,73.8183,8.236907,0.35419574,1002.57666,31.1085,25.9085,14.205182
2011-09-17 17:00:00+00:00,3.3,28.129332,1005.3542,78.23802,5.902069,0.35048497,1003.9873,32.358498,25.6585,13.684735
2011-09-18 17:00:00+00:00,8.199999,27.218912,1007.1167,84.525185,6.1536045,0.35237956,1005.74316,30.0585,25.3585,9.028754
2011-09-19 17:00:00+00:00,20.900002,25.579332,1008.67487,92.105865,5.0915356,0.363835,1007.29205,26.9085,24.7085,9.028754
2011-09-20 17:00:00+00:00,104.10001,24.773085,1008.37915,93.196655,8.086463,0.4169792,1006.9927,26.1085,23.9085,12.7279215
2011-09-21 17:00:00+00:00,103.100006,24.791832,1007.71655,92.95113,13.503837,0.48531917,1006.3313,25.8085,24.3085,18.678415
2011-09-22 17:00:00+00:00,123.899994,24.662666,1007.27924,92.88354,22.1781,0.49892834,1005.89374,25.1085,24.3585,29.59235
2011-09-23 17:00:00+00:00,45.0,24.554335,1008.19165,86.82171,19.71057,0.49499086,1006.8045,25.5585,23.758501,23.993399
2011-09-24 17:00:00+00:00,16.5,24.13767,1007.9207,84.62044,20.30272,0.49310374,1006.53204,25.4085,22.9585,25.189713
2011-09-25 17:00:00+00:00,120.1,23.873083,1005.02075,89.2486,24.824966,0.49778464,1003.63477,24.7085,23.1585,31.205997
2011-09-26 17:00:00+00:00,59.899998,25.218918,1002.92926,86.23803,9.941394,0.49214426,1001.5523,27.2085,23.9585,25.944988
2011-09-27 17:00:00+00:00,0.5,26.396004,1004.7542,81.85627,10.940983,0.47417793,1003.3801,29.508501,23.8085,17.174677
2011-09-28 17:00:00+00:00,7.2999997,26.400167,1001.84174,81.12885,25.170303,0.46484002,1000.4716,27.6585,25.8085,32.571545
2011-09-29 17:00:00+00:00,8.700001,26.200167,1003.34155,82.761284,12.339959,0.46692333,1001.9687,28.1585,24.508501,23.847115
2011-09-30 17:00:00+00:00,18.7,25.008497,1007.32086,91.447075,4.427303,0.47216794,1005.93695,27.4085,23.8085,8.311245
2011-10-01 17:00:00+00:00,92.50002,24.133501,1007.9875,89.9701,16.194052,0.48628256,1006.59863,25.258501,23.4585,19.878391
2011-10-02 17:00:00+00:00,31.600002,23.45225,1007.9792,89.83704,24.86148,0.48369208,1006.5872,24.4085,22.6585,34.92742
2011-10-03 17:00:00+00:00,42.600006,21.646002,1008.4668,88.16219,26.420319,0.47839382,1007.06537,22.9585,20.6085,30.173496
2011-10-04 17:00:00+00:00,8.9,22.433502,1009.53754,78.13355,20.668623,0.47708166,1008.1384,24.8585,20.508501,24.57511
2011-10-05 17:00:00+00:00,0.4,23.3085,1011.26245,79.90775,14.546475,0.4673709,1009.86523,25.6085,21.6085,19.008545
2011-10-06 17:00:00+00:00,3.7,23.454336,1011.6499,83.21601,19.063978,0.45924506,1010.2529,24.758501,22.5585,24.184391
2011-10-07 17:00:00+00:00,8.9,24.131418,1011.2292,87.29127,11.14438,0.45489672,1009.83575,26.1585,22.758501,14.77755
2011-10-08 17:00:00+00:00,31.0,24.133501,1011.10425,93.54966,10.311308,0.4655271,1009.71094,25.4585,23.4585,16.394829
2011-10-09 17:00:00+00:00,3.8,24.964752,1011.17914,86.99405,8.8969755,0.47453204,1009.7898,27.508501,22.8585,18.430452
2011-10-10 17:00:00+00:00,24.0,24.552252,1010.1125,90.2642,12.555078,0.4745971,1008.7226,25.7085,23.758501,18.193361
2011-10-11 17:00:00+00:00,76.5,24.662668,1008.3542,91.79703,11.035794,0.49201998,1006.9673,25.508501,23.9085,14.84318
2011-10-12 17:00:00+00:00,115.29999,25.046,1007.6584,90.97141,9.183642,0.48084506,1006.27435,27.4585,23.9085,12.261158
2011-10-13 17:00:00+00:00,61.0,24.556417,1007.85834,91.98706,6.170913,0.48304334,1006.4715,25.8585,23.8085,10.636766
2011-10-14 17:00:00+00:00,32.300003,24.266832,1009.4792,93.70294,10.365389,0.47190258,1008.08905,25.508501,23.508501,18.0036
2011-10-15 17:00:00+00:00,53.699997,24.314749,1010.8374,93.557045,18.951685,0.485985,1009.4456,25.6085,23.8085,24.798225
2011-10-16 17:00:00+00:00,140.79997,23.56475,1013.875,91.566345,16.922535,0.4869834,1012.47534,24.1085,22.8585,21.767351
2011-10-17 17:00:00+00:00,26.9,24.056417,1014.4666,88.21436,9.367173,0.47295377,1013.06866,25.9085,23.0585,13.049689
2011-10-18 17:00:00+00:00,6.799999,24.521002,1012.8667,85.36204,14.238056,0.45359543,1011.47284,26.508501,22.9085,22.007162
2011-10-19 17:00:00+00:00,0.0,24.618917,1013.0125,81.86233,12.13591,0.44651046,1011.6189,26.5585,23.0585,16.65754
2011-10-20 17:00:00+00:00,4.2,23.998083,1013.13324,87.22693,7.3134494,0.43999168,1011.73676,25.8085,22.258501,13.049689
2011-10-21 17:00:00+00:00,3.2,24.10225,1012.4167,87.12436,6.1238933,0.4372883,1011.02167,26.5585,22.4585,11.165805
2011-10-22 17:00:00+00:00,0.0,24.770998,1012.17505,84.497185,6.1835713,0.4323188,1010.78326,27.3585,22.4585,11.720751
2011-10-23 17:00:00+00:00,3.0,24.985582,1012.1292,88.008095,8.909799,0.42724463,1010.7385,27.508501,23.3085,15.876775
2011-10-24 17:00:00+00:00,8.8,24.462667,1013.2917,89.89417,9.875382,0.42777917,1011.897,26.3085,23.3085,13.708391
2011-10-25 17:00:00+00:00,12.800001,23.89392,1013.7917,91.02585,14.904576,0.43347296,1012.3935,25.8085,22.8585,20.774214
2011-10-26 17:00:00+00:00,15.200001,23.93142,1013.75854,90.584145,18.619173,0.43831134,1012.36053,26.258501,22.7085,22.668568
2011-10-27 17:00:00+00:00,12.2,24.262665,1014.39166,88.8355,17.133718,0.44572338,1012.99457,26.008501,23.2085,19.93048
2011-10-28 17:00:00+00:00,8.0,24.373087,1013.72906,83.85444,15.907921,0.45009753,1012.33344,26.258501,22.9585,21.41319
2011-10-29 17:00:00+00:00,24.8,23.798086,1012.94586,87.624115,10.654949,0.45480752,1011.5485,25.9085,22.1085,16.575644
2011-10-30 17:00:00+00:00,15.300001,23.75225,1013.3167,89.6004,12.515145,0.46454254,1011.91864,25.6585,22.4085,19.416653
2011-10-31 17:00:00+00:00,18.2,23.716833,1013.3667,89.27381,13.322368,0.47127256,1011.9683,25.508501,22.4085,18.514643
2011-11-01 17:00:00+00:00,3.2,24.112665,1012.3999,84.20893,11.106387,0.47566876,1011.0048,26.6585,21.4585,18.03237
2011-11-02 17:00:00+00:00,4.0,23.518919,1011.91656,86.77067,5.489754,0.47254917,1010.51935,26.4085,20.5585,11.592895
2011-11-03 17:00:00+00:00,26.899998,23.885584,1011.58746,92.20689,10.078155,0.48008874,1010.19257,25.9585,22.758501,15.815435
2011-11-04 17:00:00+00:00,36.1,24.296,1011.02924,91.44161,10.462259,0.49533296,1009.63696,25.7085,23.3085,15.072783
2011-11-05 17:00:00+00:00,29.2,23.975168,1009.72906,93.16845,8.732589,0.49529335,1008.3371,25.4085,22.9585,17.283749
2011-11-06 17:00:00+00:00,127.50001,24.260584,1007.32916,92.63961,17.990175,0.49039757,1005.94196,25.3585,23.5585,23.795427
2011-11-07 17:00:00+00:00,170.20001,23.23558,1006.5042,92.156944,30.540878,0.4870237,1005.1133,23.9085,22.5585,36.304707
2011-11-08 17:00:00+00:00,6.3,22.327253,1011.59576,81.702705,26.299522,0.46915042,1010.1934,23.3585,21.7085,30.853073
2011-11-09 17:00:00+00:00,1.7000002,21.883501,1013.1001,78.87285,15.98142,0.46015084,1011.6934,23.1085,21.0585,19.8
2011-11-10 17:00:00+00:00,0.1,22.454332,1014.2126,74.53001,9.594798,0.45207214,1012.80707,24.4585,20.9085,12.979984
2011-11-11 17:00:00+00:00,1.5000001,22.908499,1015.3084,79.1787,6.4385624,0.44516543,1013.9035,24.6585,21.258501,10.787993
2011-11-12 17:00:00+00:00,2.3,23.173086,1015.62915,84.99842,8.697196,0.44059122,1014.22534,25.3085,21.1085,12.904882
2011-11-13 17:00:00+00:00,2.3000002,23.529333,1015.7334,83.45308,6.063495,0.43769172,1014.331,25.6585,21.8585,12.015589
2011-11-14 17:00:00+00:00,10.0,23.293917,1015.4751,87.24652,11.159893,0.435253,1014.07184,24.508501,22.4085,17.026896
2011-11-15 17:00:00+00:00,24.100002,23.502253,1013.2292,90.775,9.646125,0.44524917,1011.8301,25.258501,22.3085,16.946787
2011-11-16 17:00:00+00:00,3.4000003,23.821005,1011.4082,89.390594,15.0181465,0.44739923,1010.01324,25.9085,22.3085,21.288757
2011-11-17 17:00:00+00:00,0.1,23.8835,1009.87933,85.99085,8.0534315,0.44386244,1008.4865,27.2085,20.0585,11.792404
2011-11-18 17:00:00+00:00,0.0,22.87725,1012.8249,86.2175,5.31842,0.43832004,1011.4234,26.6585,18.6585,8.311245
2011-11-19 17:00:00+00:00,5.7,23.641832,1016.0125,86.206726,6.2114863,0.43541253,1014.6103,26.1585,21.258501,13.905509
2011-11-20 17:00:00+00:00,26.1,23.37725,1016.17505,92.671844,14.207245,0.44310328,1014.7713,24.4085,22.6085,19.803272
2011-11-21 17:00:00+00:00,12.7,23.418917,1015.7834,91.5597,21.05152,0.4574629,1014.38043,25.2085,22.6085,23.084955
2011-11-22 17:00:00+00:00,12.999997,23.150164,1017.1084,87.83588,18.30422,0.46453628,1015.7022,24.8585,22.1585,25.984919
2011-11-23 17:00:00+00:00,1.8000002,23.248085,1017.19995,77.36651,14.166907,0.467185,1015.7942,24.9085,22.1085,21.933426
2011-11-24 17:00:00+00:00,37.2,22.700167,1015.5125,90.28774,15.831628,0.47439507,1014.10645,23.758501,22.0585,22.007162
2011-11-25 17:00:00+00:00,13.4,22.71892,1014.0583,91.81473,13.487404,0.48628584,1012.6543,24.6585,21.6585,18.792551
2011-11-26 17:00:00+00:00,7.2000003,22.918917,1013.1374,90.88355,10.294596,0.48517832,1011.73584,24.6085,21.8085,12.429127
2011-11-27 17:00:00+00:00,1.1,23.346,1011.36676,88.708336,11.671844,0.4828254,1009.9694,25.5585,21.8085,16.766108
2011-11-28 17:00:00+00:00,0.3,23.77308,1011.99994,87.04046,12.253342,0.47764874,1010.6038,26.5585,21.9585,16.93531
2011-11-29 17:00:00+00:00,0.90000004,23.425165,1012.4875,84.79281,9.676631,0.47271505,1011.08905,25.4585,21.8585,14.24163
2011-11-30 17:00:00+00:00,20.400002,22.335585,1013.8582,89.58573,9.735379,0.4712726,1012.4527,24.8585,20.508501,34.17157
2011-12-01 17:00:00+00:00,22.900002,19.414751,1015.8958,85.49884,24.938826,0.49034384,1014.47345,20.258501,18.8585,34.966362
2011-12-02 17:00:00+00:00,2.1,19.979334,1014.57916,80.38325,8.514245,0.488803,1013.16144,21.8585,18.758501,13.138765
2011-12-03 17:00:00+00:00,1.2,21.127253,1015.14166,79.49509,8.522498,0.48628005,1013.7286,23.3085,19.0585,14.345898
2011-12-04 17:00:00+00:00,5.8,21.150167,1014.3167,86.24893,13.328658,0.48237333,1012.90485,22.5585,19.3585,17.388409
2011-12-05 17:00:00+00:00,15.600001,22.045998,1013.24164,93.65601,13.350006,0.48778585,1011.83563,22.758501,21.5585,17.015474
2011-12-06 17:00:00+00:00,12.000001,21.302252,1013.62506,93.833885,17.495733,0.49054956,1012.215,21.9085,20.4085,22.771244
2011-12-07 17:00:00+00:00,34.2,20.935585,1014.7292,94.18134,18.278322,0.49815503,1013.31586,22.1585,19.8585,29.301878
2011-12-08 17:00:00+00:00,23.700003,18.827251,1018.22076,89.368675,26.44661,0.48135713,1016.7924,19.6585,18.1585,29.268686
2011-12-09 17:00:00+00:00,19.6,17.606417,1020.07495,87.95325,27.086973,0.4697467,1018.638,18.2085,16.6085,30.657122
2011-12-10 17:00:00+00:00,3.2999997,16.9835,1020.95416,78.57827,21.196493,0.46893248,1019.51294,17.4585,16.3085,28.357857
2011-12-11 17:00:00+00:00,0.0,18.333502,1019.325,69.60221,16.467863,0.46212128,1017.8926,19.3585,17.1085,19.602652
2011-12-12 17:00:00+00:00,0.0,19.398085,1017.8083,70.90827,10.742545,0.45503077,1016.38324,20.6085,18.1585,16.75064
2011-12-13 17:00:00+00:00,2.2,19.977251,1016.67505,83.00939,9.445101,0.44971916,1015.25433,20.8585,18.6585,16.75064
2011-12-14 17:00:00+00:00,26.800001,20.377253,1016.63336,91.563545,17.827692,0.45489046,1015.2146,20.8585,19.8585,22.19773
2011-12-15 17:00:00+00:00,20.299995,19.323084,1019.1917,88.36393,21.897696,0.46628335,1017.76434,19.8585,18.6585,26.932714
2011-12-16 17:00:00+00:00,18.5,19.187668,1019.5081,89.702034,15.933158,0.4725822,1018.08,19.7085,18.7085,19.826164
2011-12-17 17:00:00+00:00,9.000001,20.221,1019.26654,84.46639,18.379541,0.48059914,1017.84357,21.8085,19.2085,23.773632
2011-12-18 17:00:00+00:00,6.6,19.8085,1017.79987,83.10799,13.7468405,0.48219466,1016.37695,21.8085,18.7085,19.33639
2011-12-19 17:00:00+00:00,2.7,19.985586,1016.2749,84.56991,11.671532,0.48064372,1014.85516,20.5585,19.3085,16.23596
2011-12-20 17:00:00+00:00,7.3,20.50225,1015.97504,88.06086,12.52135,0.47797742,1014.5578,21.3085,19.8585,16.766108
2011-12-21 17:00:00+00:00,27.7,20.548084,1015.80414,92.2515,10.59285,0.4888042,1014.38745,21.4085,19.9085,12.904882
2011-12-22 17:00:00+00:00,17.6,20.05642,1016.2625,89.7134,16.813494,0.49514294,1014.8426,20.758501,19.4085,20.06334
2011-12-23 17:00:00+00:00,27.099998,17.84392,1019.9417,81.33091,24.981947,0.49416664,1018.50604,19.3085,17.2085,29.354902
2011-12-24 17:00:00+00:00,5.9,17.456417,1021.3958,71.03121,15.725327,0.48432294,1019.9563,18.3585,16.3085,22.104116
2011-12-25 17:00:00+00:00,1.0,18.612669,1021.10004,74.22066,9.262416,0.47449175,1019.66644,20.0585,17.6585,12.245293
2011-12-26 17:00:00+00:00,8.700001,19.53142,1019.4041,88.94512,6.633871,0.4680679,1017.97754,20.8085,18.4085,9.47012
2011-12-27 17:00:00+00:00,17.500004,19.673084,1019.16675,93.2985,8.303585,0.4737217,1017.741,20.508501,18.8085,13.698934
2011-12-28 17:00:00+00:00,0.5,20.631416,1017.6584,89.17837,8.593665,0.4739658,1016.23944,23.0585,19.258501,13.1041975
2011-12-29 17:00:00+00:00,7.3999996,20.081419,1019.0166,92.411804,6.047487,0.4694709,1017.5931,21.758501,18.3585,12.218805
2011-12-30 17:00:00+00:00,33.4,20.114752,1019.7666,93.09509,11.716179,0.48050037,1018.3422,20.8085,19.6585,14.007655
2011-12-31 17:00:00+00:00,27.8,19.818918,1018.8083,93.111176,8.361238,0.49455795,1017.38385,20.3585,19.508501,12.287555
2012-01-01 17:00:00+00:00,5.6999993,20.841837,1016.9124,90.06427,12.630199,0.4926233,1015.49554,22.3085,19.6085,16.965895
2012-01-02 17:00:00+00:00,0.0,21.393919,1015.73755,85.899086,13.561196,0.48363087,1014.32495,23.6085,19.6585,19.255793
2012-01-03 17:00:00+00:00,19.900002,19.002253,1018.51263,90.278206,15.014369,0.47996703,1017.0845,20.7085,17.4585,30.070238
2012-01-04 17:00:00+00:00,5.3000007,17.8585,1019.67084,82.512245,18.411104,0.4788413,1018.2356,18.508501,17.3085,25.992397
2012-01-05 17:00:00+00:00,2.3,18.389753,1020.03754,84.84236,12.307672,0.47281957,1018.60443,19.4085,17.1085,15.349684
2012-01-06 17:00:00+00:00,21.4,19.379335,1021.3084,90.907776,14.136434,0.47487876,1019.87823,19.8085,18.9585,19.493261
2012-01-07 17:00:00+00:00,7.499998,20.208502,1020.95844,86.63443,15.831772,0.48312554,1019.5328,21.8085,19.2085,22.253124
2012-01-08 17:00:00+00:00,3.7,19.496,1020.1707,85.45228,14.578843,0.48171082,1018.743,20.5585,18.5585,19.469976
2012-01-09 17:00:00+00:00,5.9999995,18.985586,1019.71246,84.4384,9.417405,0.48087382,1018.2829,19.9085,18.1585,16.311613
2012-01-10 17:00:00+00:00,17.8,19.143915,1019.575,90.949486,12.51526,0.48236334,1018.14606,19.6085,18.6585,17.283749
2012-01-11 17:00:00+00:00,12.700001,19.679335,1018.52496,91.92804,11.121501,0.49265707,1017.1003,20.3085,19.1585,14.480773
2012-01-12 17:00:00+00:00,5.4,19.396002,1016.54156,91.02471,8.587199,0.49309084,1015.1184,20.0585,18.7085,10.703569
2012-01-13 17:00:00+00:00,0.0,20.535582,1012.4834,90.04687,5.808059,0.4880946,1011.0711,22.5585,18.8585,10.685391
2012-01-14 17:00:00+00:00,2.7,22.185583,1009.0625,92.84812,4.565554,0.4820455,1007.6629,25.9585,19.758501,14.05845
2012-01-15 17:00:00+00:00,7.2,21.248087,1010.0833,95.83755,8.5452585,0.47982123,1008.6779,22.4085,20.758501,15.39184
2012-01-16 17:00:00+00:00,1.0,21.9085,1010.12506,90.99616,13.977627,0.47926414,1008.72266,23.8085,20.8085,19.45333
2012-01-17 17:00:00+00:00,0.0,22.766836,1009.7915,91.54574,11.072831,0.4739212,1008.394,25.508501,20.8085,16.299694
2012-01-18 17:00:00+00:00,0.6,23.100166,1010.44586,93.96989,9.60545,0.4684343,1009.04877,25.8585,21.2085,13.32
2012-01-19 17:00:00+00:00,0.0,23.377253,1010.82916,93.05253,9.593795,0.4637971,1009.4328,26.3085,21.9085,12.768586
2012-01-20 17:00:00+00:00,0.90000004,23.291832,1009.9001,92.27276,8.729003,0.45952037,1008.50446,26.1585,21.008501,13.339445
2012-01-21 17:00:00+00:00,25.300001,21.862665,1011.5417,94.12267,10.596742,0.46195963,1010.1372,24.8085,19.3085,22.183128
2012-01-22 17:00:00+00:00,11.000002,18.548084,1016.12085,85.57895,19.233309,0.473043,1014.6939,19.008501,18.3085,26.525429
2012-01-23 17:00:00+00:00,2.4,19.15642,1015.0667,84.983025,10.296464,0.4705317,1013.6445,20.2085,17.758501,16.595179
2012-01-24 17:00:00+00:00,10.400001,18.373081,1017.10004,87.33349,15.982513,0.47307548,1015.6709,19.4085,17.6585,21.03152
2012-01-25 17:00:00+00:00,1.3000002,18.61475,1015.87915,86.119385,8.573455,0.47231293,1014.4529,19.8585,17.6085,13.905509
2012-01-26 17:00:00+00:00,0.0,20.085583,1013.92914,86.68393,6.2953568,0.46830502,1012.5129,22.6585,18.258501,11.298495
2012-01-27 17:00:00+00:00,1.3000001,21.2085,1013.3958,90.70803,6.3612847,0.46421543,1011.9858,23.6585,19.1085,12.599998
2012-01-28 17:00:00+00:00,1.5,21.381416,1014.88745,89.276634,8.81778,0.46147832,1013.4761,23.3085,20.0585,11.966954
2012-01-29 17:00:00+00:00,9.800001,20.914751,1016.55,92.08042,15.570325,0.46320954,1015.134,21.9585,20.1585,20.858265
2012-01-30 17:00:00+00:00,25.7,19.110582,1018.45,91.25586,10.781261,0.47710457,1017.0227,20.008501,18.6085,16.954432
2012-01-31 17:00:00+00:00,3.3999996,19.779335,1016.3875,88.94696,6.4493904,0.48277545,1014.96625,21.4085,18.3585,9.83268
2012-02-01 17:00:00+00:00,1.1,21.26475,1016.2043,90.96448,13.001296,0.4815613,1014.7905,22.5585,20.1085,19.45333
2012-02-02 17:00:00+00:00,9.9,20.218916,1017.28345,93.813576,12.300992,0.48471627,1015.863,21.7085,17.8585,18.0036
2012-02-03 17:00:00+00:00,0.6,19.487665,1016.01245,87.97272,9.339977,0.4864951,1014.59033,21.3085,17.7085,16.09969
2012-02-04 17:00:00+00:00,0.0,21.798086,1013.1001,89.67921,6.7374654,0.48218083,1011.69305,25.258501,19.5585,13.75558
2012-02-05 17:00:00+00:00,0.0,23.841833,1008.54584,85.54862,7.3324456,0.47629246,1007.1545,30.5585,17.7085,12.758432
2012-02-06 17:00:00+00:00,1.4000001,21.304335,1010.57086,87.3619,14.602356,0.4708167,1009.165,26.9585,18.8085,27.908709
2012-02-07 17:00:00+00:00,2.4000003,19.506418,1015.87915,85.027855,16.758814,0.46779156,1014.4573,20.3585,18.6585,18.671474
2012-02-08 17:00:00+00:00,0.7,19.883501,1015.33344,86.77645,12.470258,0.4648042,1013.91406,21.8585,18.8585,16.323528
2012-02-09 17:00:00+00:00,2.1,21.033503,1015.10834,89.66587,8.160928,0.4612421,1013.6948,23.6585,19.2085,15.034041
2012-02-10 17:00:00+00:00,6.3,21.160585,1016.9126,91.0694,12.368667,0.46222374,1015.49713,23.008501,19.6585,18.345877
2012-02-11 17:00:00+00:00,3.6,20.902252,1016.18335,90.92045,14.361656,0.46458915,1014.76776,22.758501,19.758501,18.289274
2012-02-12 17:00:00+00:00,2.2,21.237669,1015.04584,89.30071,11.925883,0.4643146,1013.6335,23.1585,19.758501,16.09969
2012-02-13 17:00:00+00:00,0.0,21.479338,1013.4085,89.518425,8.1382265,0.46087086,1011.99945,24.258501,19.4585,11.792404
2012-02-14 17:00:00+00:00,0.1,21.700167,1010.7542,90.04496,6.8222537,0.4564983,1009.3499,25.3585,19.6085,11.720751
2012-02-15 17:00:00+00:00,6.599999,21.298086,1012.6458,94.29032,11.891273,0.45447126,1011.2371,22.8585,20.1085,20.570463
2012-02-16 17:00:00+00:00,23.300001,20.004333,1015.05,93.00359,16.214045,0.45915368,1013.63165,20.508501,19.6085,19.562946
2012-02-17 17:00:00+00:00,26.700003,19.8085,1016.77075,92.16334,14.674325,0.47640085,1015.3493,20.758501,19.4085,17.31746
2012-02-18 17:00:00+00:00,26.100004,18.477251,1017.73755,91.10174,14.454594,0.49246252,1016.3081,19.258501,17.8585,17.673029
2012-02-19 17:00:00+00:00,3.6,19.15225,1015.2502,86.053894,8.357273,0.48752084,1013.8274,20.9085,17.9085,11.090103
2012-02-20 17:00:00+00:00,0.0,20.479336,1011.72504,87.33898,4.9450784,0.48249498,1010.3135,23.0585,18.9085,11.177405
2012-02-21 17:00:00+00:00,0.0,22.26267,1008.625,90.11127,6.94523,0.47569165,1007.2264,26.008501,19.1085,13.138765
2012-02-22 17:00:00+00:00,0.0,25.02725,1005.69165,84.02319,8.2988,0.46814835,1004.3099,30.258501,19.258501,17.76081
2012-02-23 17:00:00+00:00,0.0,26.350166,1005.09155,84.714195,7.609882,0.4604775,1003.71686,31.6085,21.6085,15.596767
2012-02-24 17:00:00+00:00,0.0,23.581419,1006.90424,90.57,8.47772,0.45381424,1005.5142,25.9585,21.258501,15.596767
2012-02-25 17:00:00+00:00,3.9000003,21.291834,1010.3083,92.4286,14.228761,0.45021296,1008.903,22.1585,19.6585,19.770523
2012-02-26 17:00:00+00:00,1.5000002,19.00225,1012.73334,86.644066,17.819506,0.44829214,1011.3133,19.5585,18.258501,21.470612
2012-02-27 17:00:00+00:00,0.3,18.983501,1011.179,83.81352,10.253545,0.44525084,1009.7614,20.508501,18.1085,13.570615
2012-02-28 17:00:00+00:00,0.0,20.706419,1010.8374,88.228966,5.840365,0.4410993,1009.4285,24.2085,17.758501,12.57426
2012-02-29 17:00:00+00:00,0.6,21.716835,1011.44574,90.94907,6.431276,0.43739545,1010.0408,23.7085,20.5585,11.609651
2012-03-01 17:00:00+00:00,0.90000004,22.712667,1009.3916,93.98461,7.9539223,0.4342992,1007.9942,25.7085,20.758501,13.584932
2012-03-02 17:00:00+00:00,0.0,23.891832,1008.4792,92.40884,10.980567,0.43034837,1007.08856,27.0585,21.758501,15.5843
2012-03-03 17:00:00+00:00,0.5,24.214746,1008.30835,93.181,7.086792,0.42590666,1006.91925,27.8585,21.7085,12.031756
2012-03-04 17:00:00+00:00,0.0,25.60642,1005.779,88.03849,9.244311,0.42149302,1004.3999,29.9085,20.8585,15.646544
2012-03-05 17:00:00+00:00,0.0,26.706419,1004.9626,81.9107,7.6397834,0.4159416,1003.5896,31.8585,22.3085,13.202726
2012-03-06 17:00:00+00:00,0.0,26.620996,1004.4209,85.39007,7.023775,0.4103787,1003.04816,30.9585,22.3585,15.315873
2012-03-07 17:00:00+00:00,0.90000004,25.000166,1006.04175,92.39148,6.201572,0.40754876,1004.6594,27.6585,23.3585,16.563911
2012-03-08 17:00:00+00:00,3.0,23.862669,1008.57495,94.944244,8.965782,0.40783215,1007.1841,26.5585,21.4585,14.408997
2012-03-09 17:00:00+00:00,6.4999995,20.23975,1013.4626,87.59323,21.97375,0.4096538,1012.04755,21.2085,19.5585,31.487139
2012-03-10 17:00:00+00:00,3.4000003,20.225168,1016.2207,84.50851,16.225658,0.40954003,1014.80194,21.5585,19.3085,18.782204
2012-03-11 17:00:00+00:00,2.8000004,20.296001,1017.65424,86.110176,14.217835,0.41027212,1016.2336,21.508501,19.3085,17.654688
2012-03-12 17:00:00+00:00,2.6000001,20.746,1017.4334,89.03115,9.942441,0.40999666,1016.0154,22.0585,19.8585,13.556282
2012-03-13 17:00:00+00:00,1.9000002,21.487669,1015.03754,89.36389,6.9531007,0.41170457,1013.62646,23.6085,20.4085,12.57426
2012-03-14 17:00:00+00:00,0.0,22.61683,1012.90424,90.001945,6.465185,0.4093038,1011.5013,27.0585,20.258501,13.779114
2012-03-15 17:00:00+00:00,0.0,24.260584,1010.18353,92.93204,6.8345513,0.40527248,1008.79193,28.5585,20.758501,14.404499
2012-03-16 17:00:00+00:00,9.499999,25.483498,1008.83325,90.85438,7.6307564,0.40316543,1007.44946,29.508501,22.1585,13.910169
2012-03-17 17:00:00+00:00,0.8,25.246002,1010.0251,90.94555,7.2965446,0.40673128,1008.6385,28.6585,22.6585,13.849476
2012-03-18 17:00:00+00:00,0.70000005,24.979332,1010.15826,92.616905,5.596994,0.4047942,1008.7702,28.5585,22.258501,13.441071
2012-03-19 17:00:00+00:00,2.3,25.096,1009.8042,89.43457,6.5847383,0.40295258,1008.41705,29.508501,21.8085,11.631956
2012-03-20 17:00:00+00:00,0.0,24.75225,1009.6416,90.72881,11.305224,0.40079343,1008.2534,27.9085,22.1585,19.164719
2012-03-21 17:00:00+00:00,0.0,25.106417,1009.6291,89.65988,10.534996,0.39687872,1008.2425,28.6085,22.3585,15.188415
2012-03-22 17:00:00+00:00,6.5,24.27725,1011.52496,90.17072,13.190232,0.3935779,1010.13165,29.3585,19.4585,28.460497
2012-03-23 17:00:00+00:00,4.7999997,18.625166,1018.7085,78.13336,20.680838,0.3968192,1017.27814,19.3085,18.3585,29.035288
2012-03-24 17:00:00+00:00,0.5,19.710585,1017.84174,78.29219,12.12473,0.39553714,1016.41797,21.0585,18.3085,21.629978
2012-03-25 17:00:00+00:00,3.8999999,20.775167,1017.3918,85.692505,9.420366,0.3954954,1015.9739,21.6585,20.1085,15.141414
2012-03-26 17:00:00+00:00,7.4,21.164751,1017.45416,90.025696,8.241742,0.3976338,1016.03827,22.0585,19.9585,13.910169
2012-03-27 17:00:00+00:00,0.3,22.991837,1016.2334,87.38779,10.628998,0.3989829,1014.8276,25.6085,20.9585,16.279802
2012-03-28 17:00:00+00:00,0.0,23.089752,1013.92914,86.7958,11.652606,0.39544713,1012.5273,26.258501,20.258501,14.345898
2012-03-29 17:00:00+00:00,0.0,23.270998,1012.46246,87.60305,10.091791,0.39100882,1011.0634,26.7085,20.4585,13.363711
2012-03-30 17:00:00+00:00,14.400001,22.108503,1016.0667,91.77567,16.092875,0.39345875,1014.6569,24.2085,19.9085,26.341572
2012-03-31 17:00:00+00:00,11.0,21.018915,1016.44586,89.267395,13.590917,0.40459752,1015.03046,22.4585,19.8085,21.398056
2012-04-01 17:00:00+00:00,0.1,22.652252,1013.7542,88.36138,5.747589,0.40418795,1012.35034,25.508501,20.258501,9.957108
2012-04-02 17:00:00+00:00,0.0,23.760584,1014.4375,92.49609,5.1576552,0.40119326,1013.038,27.2085,21.0585,12.074766
2012-04-03 17:00:00+00:00,0.8,24.293917,1013.4541,93.29009,6.2189846,0.39920416,1012.0586,27.1585,22.2085,10.990322
2012-04-04 17:00:00+00:00,3.1,25.687666,1011.48334,88.20356,5.198608,0.39763582,1010.09686,30.0585,22.2085,8.854829
2012-04-05 17:00:00+00:00,0.1,25.546,1011.03326,87.65509,6.2187476,0.3954438,1009.6467,29.7085,22.1585,12.229406
2012-04-06 17:00:00+00:00,6.1000004,23.698082,1012.87915,93.49197,10.464023,0.3940629,1011.4815,26.2085,22.1585,17.64
2012-04-07 17:00:00+00:00,1.9000002,22.62725,1013.67065,90.4499,12.025178,0.3953025,1012.2669,23.7085,22.008501,16.854767
2012-04-08 17:00:00+00:00,0.5,23.358503,1012.83344,89.094086,7.2883744,0.3943642,1011.43414,26.2085,21.4585,12.397806
2012-04-09 17:00:00+00:00,0.3,24.821,1011.60834,91.257965,6.839702,0.39122042,1010.21747,28.5585,21.3585,14.044615
2012-04-10 17:00:00+00:00,0.0,25.718918,1009.07086,89.386375,6.9465575,0.38840342,1007.6877,30.008501,21.5585,14.33234
2012-04-11 17:00:00+00:00,0.0,26.496,1007.2332,85.11062,7.105728,0.38515338,1005.85645,30.7085,22.1585,13.849477
2012-04-12 17:00:00+00:00,0.0,27.058502,1007.87085,85.4674,6.5198784,0.3813529,1006.49536,31.4085,22.8585,14.973577
2012-04-13 17:00:00+00:00,0.0,27.121002,1008.38745,87.16808,6.2719216,0.3777084,1007.0118,31.0585,23.7085,14.118243
2012-04-14 17:00:00+00:00,0.0,27.82725,1007.21674,83.1719,7.5645804,0.37363997,1005.84576,32.2085,23.6085,17.31746
2012-04-15 17:00:00+00:00,0.1,28.123085,1005.95844,80.333115,6.7767625,0.36929378,1004.5906,32.7585,24.4585,12.496719
2012-04-16 17:00:00+00:00,0.0,28.410582,1005.07513,81.393936,6.5777965,0.36552337,1003.7098,33.158497,24.4085,13.397612
2012-04-17 17:00:00+00:00,0.0,28.539755,1004.9749,79.79495,5.6510243,0.36105123,1003.6104,33.2085,24.8585,10.739832
2012-04-18 17:00:00+00:00,0.0,28.498085,1005.77094,77.53958,7.141603,0.35651663,1004.40485,33.5585,23.9085,13.584932
2012-04-19 17:00:00+00:00,0.0,29.198084,1005.7751,76.25678,6.219382,0.35182205,1004.4121,34.408497,24.8085,11.983188
2012-04-20 17:00:00+00:00,19.9,25.627249,1007.62085,84.36654,10.349366,0.3593904,1006.2393,30.2085,23.4585,28.51282
2012-04-21 17:00:00+00:00,0.0,24.9085,1008.05835,85.6634,8.229884,0.36574292,1006.6731,27.7085,22.4585,13.202726
2012-04-22 17:00:00+00:00,0.3,27.193916,1006.03754,83.07891,7.28174,0.36213955,1004.6653,32.108498,22.3085,14.05845
2012-04-23 17:00:00+00:00,0.0,29.177252,1004.63745,75.743126,7.763538,0.35753548,1003.2761,34.2585,24.6085,13.608762
2012-04-24 17:00:00+00:00,0.0,30.200163,1004.63745,69.80906,7.0190067,0.3517746,1003.28076,35.408497,25.4585,12.261157
2012-04-25 17:00:00+00:00,0.70000005,26.88975,1007.57513,81.420715,11.600461,0.34767747,1006.1994,30.508501,24.4085,23.966375
2012-04-26 17:00:00+00:00,0.0,27.506414,1006.8042,81.78695,5.987364,0.34503666,1005.4323,31.4085,23.9085,13.363711
2012-04-27 17:00:00+00:00,0.0,28.64183,1005.43335,76.99189,6.272015,0.34130505,1004.0684,33.108498,24.6085,9.387651
2012-04-28 17:00:00+00:00,0.0,29.671,1004.8833,71.40593,7.050354,0.33725873,1003.52374,34.0585,25.5585,11.808878
2012-04-29 17:00:00+00:00,0.2,30.029333,1004.0124,67.040054,6.9354625,0.3331317,1002.6558,34.658497,26.1085,11.770403
2012-04-30 17:00:00+00:00,0.0,30.420998,1004.2625,63.846115,7.656585,0.32894623,1002.9072,35.5085,26.1085,12.096214
2012-05-01 17:00:00+00:00,0.0,30.950165,1004.3625,62.365955,7.021298,0.32499465,1003.00946,35.7585,26.6085,12.768586
2012-05-02 17:00:00+00:00,0.0,31.456415,1003.4749,59.326885,8.607754,0.32104373,1002.1255,36.7585,27.4085,13.755579
2012-05-03 17:00:00+00:00,1.6,30.88975,1003.42505,64.288704,9.477668,0.31750587,1002.0728,36.2085,27.7085,14.759999
2012-05-04 17:00:00+00:00,0.3,29.739748,1005.4417,71.59091,7.4727497,0.31557503,1004.0817,34.358498,26.8085,16.24394
2012-05-05 17:00:00+00:00,0.4,28.431414,1006.82904,79.67909,9.98604,0.31340504,1005.4617,31.9585,25.3585,19.930477
2012-05-06 17:00:00+00:00,2.8999999,27.885584,1006.6458,82.4352,8.31872,0.3130604,1005.2761,31.508501,25.1585,16.039202
2012-05-07 17:00:00+00:00,2.7,28.02933,1006.78754,80.569115,6.720295,0.31481954,1005.41815,31.8585,25.0585,13.493999
2012-05-08 17:00:00+00:00,0.4,28.356413,1007.8374,78.761024,5.869065,0.31409457,1006.4681,32.7085,24.8085,10.703569
2012-05-09 17:00:00+00:00,0.0,29.548082,1007.75836,71.72767,7.7401786,0.31101504,1006.39453,34.108498,25.6585,15.876775
2012-05-10 17:00:00+00:00,1.3000001,29.950165,1005.34174,70.319695,7.2551475,0.30805162,1003.98267,34.8085,26.1585,15.986595
2012-05-11 17:00:00+00:00,1.9000001,29.587664,1003.8708,73.76748,6.5080934,0.30634043,1002.51245,34.4585,25.3585,11.542478
2012-05-12 17:00:00+00:00,1.1,29.704338,1003.07495,71.00653,6.0649967,0.30547085,1001.71826,33.658497,26.508501,13.746156
2012-05-13 17:00:00+00:00,5.6,29.183496,1003.95,74.98549,6.745705,0.30544373,1002.5896,33.9585,25.8085,13.979871
2012-05-14 17:00:00+00:00,14.1,27.12725,1005.53754,85.81895,7.5754867,0.3111696,1004.1657,31.1585,25.008501,18.775301
2012-05-15 17:00:00+00:00,1.0,26.460585,1005.075,84.5501,9.660398,0.3182017,1003.7009,28.9585,25.1085,14.689588
2012-05-16 17:00:00+00:00,6.1000004,26.408503,1004.87494,88.97611,5.6372247,0.31955957,1003.5009,29.258501,24.1585,9.904906
2012-05-17 17:00:00+00:00,2.5,27.59183,1005.4958,84.09896,5.974154,0.32287002,1004.1262,30.4585,24.4085,10.97262
2012-05-18 17:00:00+00:00,0.0,29.079332,1006.0166,76.462845,5.8190746,0.3204342,1004.6531,33.108498,25.008501,11.165805
2012-05-19 17:00:00+00:00,0.0,29.768913,1004.7751,69.832954,6.3251643,0.31608292,1003.4161,34.0085,26.4585,12.074766
2012-05-20 17:00:00+00:00,0.0,29.793913,1003.88745,68.72934,8.048133,0.31207964,1002.5303,34.0585,26.5585,15.315873
2012-05-21 17:00:00+00:00,0.4,29.929329,1003.98346,69.02854,7.0208993,0.30856463,1002.6264,34.5585,26.508501,11.808878
2012-05-22 17:00:00+00:00,0.2,29.604334,1003.55414,68.30706,8.894447,0.3056679,1002.1963,33.608498,26.7085,16.746773
2012-05-23 17:00:00+00:00,0.8,28.581415,1002.81256,71.30898,8.744494,0.30367205,1001.4512,32.5585,26.9085,16.904673
2012-05-24 17:00:00+00:00,0.0,28.85225,1003.19995,72.05276,6.420843,0.30199918,1001.8393,33.108498,25.4585,13.276144
2012-05-25 17:00:00+00:00,1.6,28.493912,1005.0459,75.38123,5.84321,0.30044383,1003.68097,32.7585,25.4085,10.787993
2012-05-26 17:00:00+00:00,43.5,27.137667,1005.7124,87.54856,4.8705964,0.31297252,1004.34064,30.4085,25.8085,10.97262
2012-05-27 17:00:00+00:00,4.0,27.248085,1005.7957,85.38375,6.3138313,0.33147126,1004.4244,30.258501,24.9585,10.195057
2012-05-28 17:00:00+00:00,4.0,28.135582,1006.2666,80.77749,6.756174,0.33124956,1004.8986,31.8585,25.4085,12.783802
2012-05-29 17:00:00+00:00,19.000002,28.141832,1005.8457,81.554596,7.1856904,0.3328654,1004.4782,32.908497,25.4585,14.512064
2012-05-30 17:00:00+00:00,17.5,26.848083,1006.0542,89.246025,5.425958,0.34438622,1004.6805,29.6585,25.4585,9.0645685
2012-05-31 17:00:00+00:00,22.199997,26.64183,1005.5625,89.39721,6.287395,0.35854504,1004.1888,29.6085,24.8585,9.9571085
2012-06-01 17:00:00+00:00,10.499999,27.36892,1004.1709,86.80664,4.936667,0.37307122,1002.80206,30.9085,25.008501,10.086427
2012-06-02 17:00:00+00:00,0.0,28.43975,1002.53754,79.39575,5.4856453,0.37448546,1001.1757,31.8085,25.5585,8.0899935
2012-06-03 17:00:00+00:00,0.0,28.975164,1002.13745,75.192825,6.8291173,0.37037173,1000.7786,32.608498,26.508501,10.739832
2012-06-04 17:00:00+00:00,0.0,29.060583,1001.7043,77.48461,5.8351135,0.36561,1000.34644,32.5085,25.8585,10.799999
2012-06-05 17:00:00+00:00,1.6,28.704332,1001.00824,79.80738,5.4196396,0.36210123,999.64984,31.758501,25.6585,12.181624
2012-06-06 17:00:00+00:00,4.5,28.256416,1001.2793,83.83016,5.4165235,0.36018744,999.9183,31.8585,25.9085,12.783802
2012-06-07 17:00:00+00:00,3.9,28.312666,1003.10406,82.41491,4.7755632,0.36202288,1001.7412,32.408497,25.3085,12.413477
2012-06-08 17:00:00+00:00,0.0,29.416832,1003.8125,71.26404,7.1276875,0.35906878,1002.45355,32.7085,26.008501,12.4811535
2012-06-09 17:00:00+00:00,0.0,29.710585,1002.89166,65.43299,16.270168,0.35359457,1001.53516,32.658497,27.9585,21.980644
2012-06-10 17:00:00+00:00,0.0,30.306417,1002.34186,63.14255,18.373013,0.3475251,1000.9888,33.608498,28.3085,23.263912
2012-06-11 17:00:00+00:00,0.0,30.487663,1002.3208,62.048557,22.937805,0.34110415,1000.96857,33.858498,28.6585,29.142216
2012-06-12 17:00:00+00:00,0.0,30.5085,1002.5918,60.936146,29.976875,0.33509004,1001.23895,33.8085,28.3085,34.614334
2012-06-13 17:00:00+00:00,0.2,30.650167,1000.96246,58.684536,32.687294,0.33017918,999.61273,33.158497,28.8085,37.84283
2012-06-14 17:00:00+00:00,0.5,29.573082,1000.375,64.86717,24.206923,0.32687292,999.0214,32.4585,27.7085,30.489683
2012-06-15 17:00:00+00:00,20.300001,26.45225,1000.44586,82.42522,21.05345,0.33229208,999.07806,27.6585,25.508501,24.569832
2012-06-16 17:00:00+00:00,1.0,27.42308,1000.6624,76.52638,27.139349,0.3417246,999.29865,29.4585,25.6585,32.305862
2012-06-17 17:00:00+00:00,3.1000001,27.43766,1000.80414,73.52131,31.318232,0.34057543,999.4404,28.6585,26.9085,33.84766
2012-06-18 17:00:00+00:00,0.0,28.562662,999.34576,66.362885,36.50877,0.33774376,997.989,31.0585,27.1585,42.192245
2012-06-19 17:00:00+00:00,0.0,28.816833,1001.0125,66.610344,29.783865,0.33296505,999.6546,32.158497,27.008501,35.747112
2012-06-20 17:00:00+00:00,0.0,29.050163,1003.9917,64.5644,21.775427,0.3291496,1002.6308,30.7085,28.0585,25.864943
2012-06-21 17:00:00+00:00,0.0,29.39183,1004.8791,63.030933,19.130182,0.3256376,1003.51855,32.358498,27.8085,25.671307
2012-06-22 17:00:00+00:00,0.0,29.350168,1003.2666,63.996933,18.487299,0.32283708,1001.908,32.5085,27.508501,23.993399
2012-06-23 17:00:00+00:00,0.0,29.104334,1003.5749,63.312687,22.939539,0.31979,1002.2149,31.7085,27.6085,32.20944
2012-06-24 17:00:00+00:00,0.0,29.57933,1003.8083,60.624863,20.744497,0.31671497,1002.45013,32.408497,28.0585,30.7542
2012-06-25 17:00:00+00:00,0.0,29.833498,1002.55005,60.308456,24.784378,0.3136867,1001.1945,33.7085,27.6585,32.84494
2012-06-26 17:00:00+00:00,0.0,30.51683,1002.5207,58.14281,20.40088,0.3101479,1001.1684,34.7085,28.008501,28.03612
2012-06-27 17:00:00+00:00,0.0,30.589746,1003.08746,56.9823,15.8177805,0.30661252,1001.7346,34.8085,27.8585,21.67786
2012-06-28 17:00:00+00:00,0.2,30.731415,1002.1375,56.5659,14.484112,0.3034775,1000.78656,34.858498,27.9085,23.683512
2012-06-29 17:00:00+00:00,0.3,29.383501,1001.56244,62.187775,16.261778,0.30147204,1000.2065,32.408497,27.5585,23.893261
2012-06-30 17:00:00+00:00,1.9000002,27.916832,1003.76263,69.284485,8.54691,0.30077162,1002.3968,29.9085,25.758501,13.324863
2012-07-01 17:00:00+00:00,4.3999996,26.850166,1004.47076,77.02035,4.765424,0.3021216,1003.09937,31.0585,24.758501,7.386582
2012-07-02 17:00:00+00:00,3.3999999,27.968916,1002.3709,72.74462,6.3244634,0.30247536,1001.00714,31.9085,25.2085,10.587918
2012-07-03 17:00:00+00:00,1.6,27.854334,1001.7458,77.64008,7.9622416,0.3021696,1000.38257,32.158497,25.1085,12.522619
2012-07-04 17:00:00+00:00,7.7999997,27.754335,1002.9084,81.0653,5.329528,0.30425546,1001.54297,32.0585,25.4585,11.4862
2012-07-05 17:00:00+00:00,0.6,28.5335,1003.6084,74.32829,6.477877,0.30544835,1002.24554,32.2085,25.4085,11.212135
2012-07-06 17:00:00+00:00,0.2,29.03975,1003.40424,66.882614,7.093485,0.30257592,1002.04395,32.8085,25.6585,11.090103
2012-07-07 17:00:00+00:00,0.1,29.118917,1004.1833,67.38022,7.2288113,0.29975212,1002.8223,33.4585,25.5585,12.10157
2012-07-08 17:00:00+00:00,0.3,29.443918,1005.5957,68.242584,6.9156384,0.297057,1004.2343,33.8085,25.508501,15.778516
2012-07-09 17:00:00+00:00,0.0,29.696001,1005.7542,68.17458,7.152372,0.2951296,1004.39374,34.408497,25.508501,12.43434
2012-07-10 17:00:00+00:00,0.1,29.866835,1004.9666,67.034676,6.896688,0.2937859,1003.608,34.4585,25.8085,15.379206
2012-07-11 17:00:00+00:00,0.0,30.179329,1004.5876,65.828224,6.515618,0.29175046,1003.2307,34.2585,26.4085,11.966954
2012-07-12 17:00:00+00:00,0.0,30.57933,1004.64996,60.981625,7.6653976,0.2896808,1003.295,35.0085,27.008501,12.599998
2012-07-13 17:00:00+00:00,0.0,30.814749,1004.40826,57.81702,12.954179,0.2874879,1003.0545,34.908497,27.4085,19.513195
2012-07-14 17:00:00+00:00,0.4,31.450167,1005.00836,56.541973,15.913676,0.28568336,1003.65674,36.2585,28.4085,22.104116
2012-07-15 17:00:00+00:00,0.0,31.866829,1005.09985,55.632633,13.101943,0.28417745,1003.75,36.858498,28.8585,17.566378
2012-07-16 17:00:00+00:00,0.0,31.675161,1004.13336,57.243732,11.725186,0.2825212,1002.7837,36.2085,29.008501,17.072504
2012-07-17 17:00:00+00:00,0.5,31.287664,1004.23737,57.24045,9.797723,0.28144124,1002.88605,35.608498,28.508501,15.530151
2012-07-18 17:00:00+00:00,0.0,30.96058,1005.2917,58.98833,7.731949,0.2803162,1003.9375,35.4585,27.5585,12.10157
2012-07-19 17:00:00+00:00,1.9,30.460579,1005.4041,62.187393,7.0091,0.27966413,1004.04767,35.608498,27.4085,12.24
2012-07-20 17:00:00+00:00,0.4,30.746002,1004.0291,59.827026,19.49607,0.2797821,1002.6756,35.7085,27.9585,26.758923
2012-07-21 17:00:00+00:00,0.0,30.743917,999.89575,59.17271,33.01548,0.27861664,998.5479,34.5585,28.5585,39.31259
2012-07-22 17:00:00+00:00,0.8000001,29.187666,998.3957,61.25374,31.032682,0.2779655,997.0432,32.5085,27.758501,34.56187
2012-07-23 17:00:00+00:00,0.1,28.468912,999.0207,65.46176,29.544502,0.27797127,997.6641,30.758501,26.9585,35.97479
2012-07-24 17:00:00+00:00,3.4000003,28.743917,1001.98334,62.70332,24.229958,0.28007212,1000.6238,32.358498,26.2085,30.631746
2012-07-25 17:00:00+00:00,0.0,30.06267,1003.9084,56.71052,14.654719,0.27855003,1002.552,33.2585,27.4585,20.073025
2012-07-26 17:00:00+00:00,0.0,29.28975,1003.6458,61.259716,20.14896,0.27749246,1002.28656,32.108498,27.3085,29.795301
2012-07-27 17:00:00+00:00,0.0,29.923086,1003.35846,61.453365,16.898252,0.27643833,1002.0022,34.158497,27.0585,22.065973
2012-07-28 17:00:00+00:00,0.0,28.660582,1003.79156,66.35351,22.456488,0.27566245,1002.4292,32.408497,26.508501,30.886656
2012-07-29 17:00:00+00:00,0.0,28.331415,1002.4666,63.7478,24.718817,0.275235,1001.1045,31.9085,26.6585,33.161064
2012-07-30 17:00:00+00:00,5.1999993,27.241835,1001.3,70.39907,24.478806,0.27670875,999.9346,29.1085,26.258501,33.626774
2012-07-31 17:00:00+00:00,2.6,28.291832,1000.675,67.29237,26.853224,0.28112376,999.3151,31.7085,24.9585,35.29102
2012-08-01 17:00:00+00:00,0.0,29.239748,1000.87085,65.09884,24.583708,0.27904043,999.5151,33.358498,26.9085,29.882166
2012-08-02 17:00:00+00:00,0.0,29.196,1001.9417,63.45131,26.795485,0.2770442,1000.5842,33.2085,26.7085,31.487143
2012-08-03 17:00:00+00:00,0.0,29.63975,1001.825,59.873318,30.174837,0.27556413,1000.4697,33.658497,27.1085,36.918873
2012-08-04 17:00:00+00:00,0.0,30.200163,1001.14996,58.733704,31.254585,0.27435163,999.79803,34.608498,27.6085,36.969738
2012-08-05 17:00:00+00:00,0.0,30.393919,1001.31244,59.43753,31.345915,0.27331963,999.9611,34.5585,28.2085,36.55906
2012-08-06 17:00:00+00:00,0.4,29.468916,1002.0083,62.00896,24.851257,0.27280247,1000.65204,32.9585,27.6585,32.2396
2012-08-07 17:00:00+00:00,0.6,28.89808,1001.9624,63.648922,19.448061,0.27286717,1000.6036,32.0585,27.258501,26.36616
2012-08-08 17:00:00+00:00,0.0,28.841833,1002.1999,61.780025,18.055597,0.27292547,1000.84064,31.8085,26.7085,23.686249
2012-08-09 17:00:00+00:00,0.0,29.42933,1003.9207,59.040283,15.181054,0.272433,1002.5618,32.8085,27.258501,20.87379
2012-08-10 17:00:00+00:00,0.0,29.425163,1005.1375,61.9355,22.33949,0.27183792,1003.7766,32.608498,27.1085,29.827904
2012-08-11 17:00:00+00:00,0.0,29.83975,1003.31683,59.70868,23.50537,0.27165133,1001.96014,33.9585,27.508501,30.886656
2012-08-12 17:00:00+00:00,0.0,30.516832,1002.39594,58.728703,19.5981,0.2711288,1001.0435,34.9585,27.9585,26.7565
2012-08-13 17:00:00+00:00,0.0,31.20017,1003.29987,55.24831,11.029992,0.2703858,1001.9495,35.0085,28.258501,19.164717
2012-08-14 17:00:00+00:00,2.3,30.81475,1004.1626,56.721035,8.372928,0.27058956,1002.80927,35.2085,28.1585,12.55879
2012-08-15 17:00:00+00:00,0.2,29.687668,1002.9541,61.782364,14.155097,0.27124378,1001.5975,34.108498,27.5585,22.884789
2012-08-16 17:00:00+00:00,2.0000002,27.754333,1000.47906,71.983475,19.516756,0.2715529,999.11725,29.1085,26.6085,28.174458
2012-08-17 17:00:00+00:00,0.4,29.67308,1003.54584,62.610825,9.208739,0.2717104,1002.18823,34.108498,26.9585,15.580141
2012-08-18 17:00:00+00:00,0.0,30.325163,1006.66235,61.32559,6.750647,0.2707842,1005.3035,35.158497,26.508501,13.684735
2012-08-19 17:00:00+00:00,1.3,30.258497,1005.80414,60.87927,7.7295985,0.27001047,1004.4463,34.9585,27.1585,13.608762
2012-08-20 17:00:00+00:00,2.6,30.304335,1005.1165,63.677032,8.175358,0.27062002,1003.7597,35.8085,27.1085,14.88242
2012-08-21 17:00:00+00:00,12.4,28.479332,1005.5833,77.17219,7.7882495,0.27530086,1004.2175,33.908497,25.9585,12.10157
2012-08-22 17:00:00+00:00,4.4999995,27.421003,1005.9209,79.604256,7.9986057,0.28492627,1004.54987,31.3585,24.6585,19.813087
2012-08-23 17:00:00+00:00,5.7,26.841833,1006.62915,83.02098,8.825432,0.2870233,1005.25464,30.5585,25.0585,16.954432
2012-08-24 17:00:00+00:00,4.5,27.318916,1007.1584,81.5684,8.171054,0.29011503,1005.7852,30.508501,25.2085,13.441071
2012-08-25 17:00:00+00:00,0.0,28.250166,1004.8708,71.43217,14.439879,0.28896877,1003.50507,32.358498,25.5585,21.316135
2012-08-26 17:00:00+00:00,0.0,29.200167,1003.8999,65.57275,14.8422365,0.28540164,1002.5398,32.5585,26.258501,21.897945
2012-08-27 17:00:00+00:00,6.6,28.848082,1005.3457,70.33597,7.3790727,0.28488833,1003.9822,32.5585,26.758501,11.304229
2012-08-28 17:00:00+00:00,2.0,28.85016,1007.49164,69.19096,8.987071,0.2874929,1006.125,32.5085,25.6585,15.725037
2012-08-29 17:00:00+00:00,0.0,29.275164,1006.94574,63.404175,12.34891,0.2845179,1005.58185,32.8085,26.9085,17.935081
2012-08-30 17:00:00+00:00,0.4,30.075163,1005.31665,61.310745,8.993625,0.28090087,1003.95856,34.5085,27.4585,16.135872
2012-08-31 17:00:00+00:00,0.2,28.750166,1004.8958,64.998184,9.520268,0.27821288,1003.5323,32.158497,26.9085,15.349684
2012-09-01 17:00:00+00:00,31.899998,26.258501,1005.28326,83.95621,6.1188827,0.28531376,1003.9079,29.9085,24.6585,11.659777
2012-09-02 17:00:00+00:00,13.999999,25.458504,1006.19165,88.91746,8.925942,0.30627334,1004.8115,28.758501,24.258501,14.336861
2012-09-03 17:00:00+00:00,26.000002,24.652252,1007.6042,92.81805,11.414555,0.32599294,1006.2182,26.4085,23.508501,15.84409
2012-09-04 17:00:00+00:00,33.100002,25.298086,1007.16675,93.24761,12.5992,0.35488164,1005.7844,26.9085,24.5585,15.941944
2012-09-05 17:00:00+00:00,5.5999994,26.406418,1007.5876,89.72635,6.6249557,0.36780122,1006.20953,28.7085,24.758501,13.53236
2012-09-06 17:00:00+00:00,5.3,26.660583,1009.6875,89.36435,5.3982368,0.3718134,1008.30804,29.4585,24.8085,9.746631
2012-09-07 17:00:00+00:00,0.1,26.952248,1010.72925,84.915726,4.6207047,0.37306204,1009.3494,30.4085,24.1585,10.233123
2012-09-08 17:00:00+00:00,0.4,27.316833,1009.79596,84.56985,4.6080523,0.36950418,1008.4192,30.4585,24.3085,12.738099
2012-09-09 17:00:00+00:00,0.0,27.091837,1009.07916,84.19596,8.172805,0.36550334,1007.70233,30.008501,24.3585,13.237039
2012-09-10 17:00:00+00:00,1.9000001,27.204336,1008.3166,86.210754,4.89403,0.3623096,1006.9412,30.1585,24.9585,10.739832
2012-09-11 17:00:00+00:00,1.4000001,27.108498,1007.69995,84.51531,4.866613,0.360055,1006.3252,30.5585,24.008501,9.085988
2012-09-12 17:00:00+00:00,7.7,26.637667,1007.6208,83.25056,7.0680194,0.35780585,1006.2441,30.2085,24.2085,12.324414
2012-09-13 17:00:00+00:00,34.100002,24.46475,1008.375,93.698326,12.55733,0.37879875,1006.9871,25.9085,23.7085,18.03237
2012-09-14 17:00:00+00:00,47.5,24.410583,1009.0833,93.71518,9.358571,0.4248021,1007.69434,25.0585,23.9585,14.05845
2012-09-15 17:00:00+00:00,15.600001,25.156416,1010.5708,90.22813,7.0157275,0.45285752,1009.18317,27.1085,23.8085,12.819235
2012-09-16 17:00:00+00:00,6.4,25.735586,1011.0459,88.450874,5.892786,0.4592588,1009.6602,27.8085,24.1585,7.8954163
2012-09-17 17:00:00+00:00,1.2,26.331415,1009.4875,87.53422,6.414623,0.4590496,1008.1067,28.6585,24.1585,11.298495
2012-09-18 17:00:00+00:00,0.4,26.916834,1008.58344,85.33915,10.897515,0.4552084,1007.20654,29.5585,24.8585,15.158522
2012-09-19 17:00:00+00:00,0.8,26.950167,1008.85406,85.45075,8.999188,0.45123458,1007.47705,29.758501,24.0585,13.324863
2012-09-20 17:00:00+00:00,0.2,27.289747,1008.44165,84.72159,7.334355,0.44716296,1007.06683,29.9585,25.0585,12.10157
2012-09-21 17:00:00+00:00,0.2,27.073082,1007.6792,84.80184,6.972994,0.44250664,1006.3042,30.3085,23.6085,13.755579
2012-09-22 17:00:00+00:00,0.1,27.6085,1006.14594,82.88658,6.0545535,0.4378655,1004.7754,31.3085,24.508501,12.57426
2012-09-23 17:00:00+00:00,0.0,27.387667,1005.31665,82.24554,7.7730083,0.43310916,1003.94635,30.7085,23.8085,15.192682
2012-09-24 17:00:00+00:00,4.5,27.11892,1007.13745,84.67232,9.100438,0.43005624,1005.7636,29.8085,24.6585,15.463246
2012-09-25 17:00:00+00:00,20.999998,25.423086,1009.42084,91.76063,8.608452,0.43765214,1008.03595,27.4085,24.6585,15.281989
2012-09-26 17:00:00+00:00,20.099998,25.741835,1009.4875,88.491264,9.3127,0.4547925,1008.10406,27.6585,24.4585,13.527572
2012-09-27 17:00:00+00:00,12.299999,26.168913,1009.8499,83.1004,6.5569725,0.46301913,1008.468,28.8085,23.8585,12.475961
2012-09-28 17:00:00+00:00,13.800001,25.477251,1011.05005,86.529144,5.1378603,0.46980917,1009.6631,27.9085,23.9085,11.304229
2012-09-29 17:00:00+00:00,12.2,25.339752,1011.72906,83.261406,8.196897,0.47518918,1010.3406,27.6585,23.508501,14.081478
2012-09-30 17:00:00+00:00,3.4,25.25225,1012.2373,86.50268,8.331216,0.4749175,1010.84796,27.4585,23.9085,14.205182
2012-10-01 17:00:00+00:00,0.6,25.975166,1011.99585,82.426735,7.1440296,0.4725326,1010.6099,28.6585,23.8085,11.177405
2012-10-02 17:00:00+00:00,0.2,25.950167,1009.3125,86.26763,6.6541595,0.46774578,1007.9302,29.008501,22.8585,11.367109
2012-10-03 17:00:00+00:00,0.0,26.291834,1008.1292,86.45118,9.120387,0.4632525,1006.75,29.258501,23.1085,15.5843
2012-10-04 17:00:00+00:00,0.3,26.414755,1009.92914,81.02859,13.953129,0.4592378,1008.5483,28.758501,24.5585,19.813087
2012-10-05 17:00:00+00:00,4.3999996,25.771004,1011.54584,80.150734,14.373656,0.45676413,1010.1596,27.508501,23.0585,20.774214
2012-10-06 17:00:00+00:00,65.1,24.731417,1010.87085,91.17197,25.864548,0.4813771,1009.4807,25.8585,24.2085,30.432245
2012-10-07 17:00:00+00:00,8.699999,25.039755,1011.55,90.58108,17.092094,0.4934779,1010.16034,26.9585,23.9085,20.991426
2012-10-08 17:00:00+00:00,1.9000002,25.1085,1012.1292,87.42319,9.742679,0.48932746,1010.739,27.9085,22.3085,12.429127
2012-10-09 17:00:00+00:00,7.5999994,25.237669,1012.75006,87.083984,4.8513675,0.48789796,1011.3597,27.6085,23.2085,9.227524
2012-10-10 17:00:00+00:00,1.0,24.92517,1012.2542,88.48963,5.3214045,0.48433462,1010.8631,27.508501,23.008501,7.928177
2012-10-11 17:00:00+00:00,0.6,25.17308,1011.74176,85.71682,6.9297757,0.4798183,1010.35236,27.8085,22.8085,10.97262
2012-10-12 17:00:00+00:00,0.3,25.600164,1011.19995,81.35294,10.9393015,0.4747438,1009.8135,28.4085,23.1085,16.263872
2012-10-13 17:00:00+00:00,0.0,25.15642,1012.27924,78.03721,10.230667,0.46849748,1010.8891,28.4585,21.4585,14.081478
2012-10-14 17:00:00+00:00,0.0,24.625168,1013.30853,80.68095,7.5164223,0.46256673,1011.91425,28.6585,19.6585,11.304229
2012-10-15 17:00:00+00:00,0.0,25.225168,1013.43335,81.48403,8.116504,0.45707878,1012.04175,29.1585,21.4585,13.1041975
2012-10-16 17:00:00+00:00,0.0,25.345999,1014.2251,78.20583,7.058086,0.4523742,1012.83325,28.0585,22.758501,10.44
2012-10-17 17:00:00+00:00,1.1,24.818918,1013.9251,84.128136,6.482769,0.44857633,1012.53094,28.258501,21.4585,12.979984
2012-10-18 17:00:00+00:00,1.5000001,25.381418,1013.6667,86.784065,10.064767,0.44653928,1012.2758,27.9585,23.4085,15.39184
2012-10-19 17:00:00+00:00,0.6,25.502249,1013.53735,85.68899,8.900553,0.44401714,1012.1472,27.9085,23.4085,13.854155
2012-10-20 17:00:00+00:00,0.4,25.566832,1013.75415,81.72326,12.390103,0.44154134,1012.364,28.0585,23.1085,17.81909
2012-10-21 17:00:00+00:00,1.5,24.777246,1013.81256,84.21453,10.579939,0.43941876,1012.41864,27.1085,22.1585,14.264361
2012-10-22 17:00:00+00:00,3.7,24.977255,1012.9417,86.178734,7.9148216,0.43958881,1011.54987,26.9585,23.0585,12.496718
2012-10-23 17:00:00+00:00,1.0,25.143915,1011.9124,82.49313,10.837958,0.43896922,1010.52295,27.758501,22.4085,16.394829
2012-10-24 17:00:00+00:00,1.8000001,25.425169,1011.64166,81.75796,10.159257,0.4370992,1010.25366,28.1085,22.6585,15.273505
2012-10-25 17:00:00+00:00,1.6000001,25.273087,1010.4875,84.11059,9.731262,0.4358705,1009.1005,28.008501,22.4585,15.542662
2012-10-26 17:00:00+00:00,58.299995,24.63975,1006.825,92.9017,25.034758,0.45644042,1005.4402,25.7085,24.0585,33.818928
2012-10-27 17:00:00+00:00,23.300001,25.79392,1006.7625,83.73292,17.670511,0.4865775,1005.383,28.3085,24.1085,33.857227
2012-10-28 17:00:00+00:00,0.0,26.121002,1009.5874,87.63143,5.848349,0.48426342,1008.2055,29.508501,22.758501,9.72
2012-10-29 17:00:00+00:00,7.7999997,25.08767,1010.6458,89.83097,13.16925,0.48106873,1009.25775,27.3085,23.4585,18.792551
2012-10-30 17:00:00+00:00,32.4,23.123085,1013.9792,89.56192,27.933342,0.49225175,1012.57733,24.1085,22.5585,34.247337
2012-10-31 17:00:00+00:00,6.4999995,23.36892,1014.4333,83.15981,13.342786,0.48994926,1013.032,24.3585,22.6085,20.364674
2012-11-01 17:00:00+00:00,1.1,24.08767,1013.0583,83.180664,6.046252,0.48440203,1011.6622,25.5585,22.6085,9.585739
2012-11-02 17:00:00+00:00,0.2,24.612669,1011.95,87.30573,8.567064,0.4794437,1010.55786,27.0585,22.5585,14.587776
2012-11-03 17:00:00+00:00,6.2,23.933502,1012.40405,91.65577,7.8661885,0.47726092,1011.0081,25.758501,22.758501,11.525623
2012-11-04 17:00:00+00:00,2.7000003,24.318918,1012.554,91.64347,8.106777,0.4777021,1011.1599,26.9085,23.008501,13.0447235
2012-11-05 17:00:00+00:00,4.0999994,24.364748,1013.1499,91.81326,8.501107,0.47721753,1011.75507,26.4085,23.1585,12.783802
2012-11-06 17:00:00+00:00,2.0,25.041832,1011.56683,88.44812,14.318574,0.47617757,1010.1772,27.4585,23.4585,18.430452
2012-11-07 17:00:00+00:00,0.0,25.750162,1009.7043,87.18713,11.862419,0.47250745,1008.3203,28.8085,23.3085,15.273505
2012-11-08 17:00:00+00:00,0.0,26.38558,1009.7417,88.28773,9.874959,0.4677075,1008.3608,29.3085,23.4085,12.979984
2012-11-09 17:00:00+00:00,0.0,26.385582,1010.5918,88.38193,9.819795,0.46342173,1009.20966,29.6585,23.2085,16.23596
2012-11-10 17:00:00+00:00,7.8000007,25.162666,1012.94574,92.65595,11.709853,0.46149376,1011.555,27.2085,23.5585,15.978484
2012-11-11 17:00:00+00:00,24.800001,24.016836,1014.54584,92.66473,14.824325,0.47352877,1013.1474,25.5585,23.3585,18.947083
2012-11-12 17:00:00+00:00,8.5,24.304337,1014.4124,89.3476,11.662259,0.48471296,1013.01556,26.6585,23.1085,16.454008
2012-11-13 17:00:00+00:00,1.9,24.525162,1012.64996,86.06069,14.450395,0.48329875,1011.25653,26.8585,22.8585,20.892412
2012-11-14 17:00:00+00:00,8.599999,24.3835,1012.7874,88.727394,12.590663,0.48235336,1011.3931,26.258501,22.758501,18.345877
2012-11-15 17:00:00+00:00,13.200001,24.879335,1012.5417,90.36965,11.368252,0.48575416,1011.1499,26.3585,24.1085,16.203999
2012-11-16 17:00:00+00:00,19.9,22.941835,1014.1167,89.21856,23.271502,0.49304047,1012.7138,24.1585,21.9085,34.2303
2012-11-17 17:00:00+00:00,5.7,22.98142,1013.94165,89.01017,8.461518,0.494055,1012.5391,23.758501,22.1085,12.864649
2012-11-18 17:00:00+00:00,1.2,24.254333,1013.3293,89.8183,4.7036586,0.4919984,1011.9336,26.258501,22.508501,9.957108
2012-11-19 17:00:00+00:00,0.6,25.104332,1012.5374,88.27601,7.0068994,0.48781213,1011.1468,27.1585,23.508501,12.682018
2012-11-20 17:00:00+00:00,0.0,25.943918,1010.68335,88.811035,7.04641,0.48247537,1009.2991,29.3085,22.2085,11.542478
2012-11-21 17:00:00+00:00,0.0,26.768915,1008.8416,84.53254,8.357567,0.47704706,1007.4637,31.0585,22.9585,15.463246
2012-11-22 17:00:00+00:00,1.3,26.571001,1009.5083,87.62812,6.4915767,0.47190788,1008.1286,30.6085,22.8085,11.753877
2012-11-23 17:00:00+00:00,8.100001,24.943916,1012.30005,93.484886,5.682054,0.47446004,1010.9089,26.9085,24.0585,11.631956
2012-11-24 17:00:00+00:00,0.2,25.248085,1012.4333,89.748955,5.647493,0.47545335,1011.04346,28.2085,23.4085,10.883676
2012-11-25 17:00:00+00:00,4.2000003,25.30433,1012.325,89.32905,8.328226,0.47260794,1010.93555,28.8585,22.258501,20.172853
2012-11-26 17:00:00+00:00,24.699999,22.696001,1013.5456,88.64886,21.63502,0.4828993,1012.1426,23.508501,21.9585,25.922499
2012-11-27 17:00:00+00:00,0.0,23.835585,1012.63324,84.47984,7.0315514,0.4817487,1011.23663,26.2085,21.8085,11.609651
2012-11-28 17:00:00+00:00,1.1,25.24392,1011.65424,86.04383,5.8866787,0.47810075,1010.26544,27.508501,23.8085,12.783802
2012-11-29 17:00:00+00:00,0.0,25.454332,1010.6416,88.09833,6.4096103,0.47455826,1009.2551,28.758501,22.758501,11.212135
2012-11-30 17:00:00+00:00,0.0,25.639748,1010.92914,89.799164,9.579257,0.4699142,1009.5432,28.9585,22.4585,13.684735
2012-12-01 17:00:00+00:00,1.2,24.487665,1012.71674,85.33933,12.418914,0.46604457,1011.3228,27.7085,22.3585,21.611996
2012-12-02 17:00:00+00:00,6.6,23.414751,1013.88763,86.98505,12.002288,0.46490207,1012.48706,24.8085,22.508501,15.978486
2012-12-03 17:00:00+00:00,3.5999997,23.083498,1013.03754,88.061775,11.871301,0.46823797,1011.6367,24.5585,21.758501,16.279802
2012-12-04 17:00:00+00:00,13.0,22.604334,1014.11664,88.67801,18.093946,0.46924832,1012.71216,24.6085,20.4085,30.633865
2012-12-05 17:00:00+00:00,8.3,21.225164,1015.41656,86.63974,14.087784,0.47705796,1014.0039,22.508501,20.1085,21.841648
2012-12-06 17:00:00+00:00,1.2000002,22.468918,1014.5291,83.457245,8.512572,0.4761813,1013.12335,24.1585,21.258501,16.93531
2012-12-07 17:00:00+00:00,6.100001,22.293917,1014.071,86.18414,12.071704,0.47491458,1012.66486,23.9085,21.1585,17.873556
2012-12-08 17:00:00+00:00,3.1000004,22.712667,1013.02924,89.24741,6.197602,0.47469413,1011.62665,24.7085,21.3585,12.496719
2012-12-09 17:00:00+00:00,0.0,23.475166,1012.26245,83.84299,11.118008,0.4730538,1010.8647,26.3585,20.758501,15.137133
2012-12-10 17:00:00+00:00,3.3000002,22.802252,1013.3499,87.56675,10.37423,0.47043422,1011.94727,26.258501,19.6585,15.725037
2012-12-11 17:00:00+00:00,11.0,22.49183,1015.1958,91.524254,13.687732,0.4745554,1013.78937,24.4085,21.5585,17.581125
2012-12-12 17:00:00+00:00,2.5,23.554335,1014.8916,86.827034,16.027933,0.4773771,1013.49066,25.8585,21.7085,21.829777
2012-12-13 17:00:00+00:00,0.0,24.223083,1015.28326,86.91898,11.107514,0.4748658,1013.88477,26.8585,21.758501,16.923828
2012-12-14 17:00:00+00:00,0.0,24.68975,1013.4458,89.31054,9.744284,0.471688,1012.05206,27.6585,22.5585,13.708391
2012-12-15 17:00:00+00:00,0.0,24.975166,1012.69586,90.43325,6.5921836,0.4681151,1011.30444,28.0585,23.0585,11.019764
2012-12-16 17:00:00+00:00,0.0,24.718916,1012.32916,90.59124,10.506321,0.46471334,1010.9368,27.8085,22.7085,15.188415
2012-12-17 17:00:00+00:00,10.199999,23.760582,1014.68335,90.73075,15.584794,0.46361208,1013.28345,26.4085,21.7085,23.4
2012-12-18 17:00:00+00:00,66.3,22.291834,1014.325,92.93873,11.873985,0.49068758,1012.91876,23.258501,21.6085,17.87718
2012-12-19 17:00:00+00:00,0.0,23.985582,1012.46674,88.26282,11.215477,0.49133,1011.0708,26.8085,21.9585,17.339897
2012-12-20 17:00:00+00:00,0.0,24.0335,1012.66675,89.12979,9.817115,0.4841516,1011.27075,26.9585,21.8085,13.37825
2012-12-21 17:00:00+00:00,16.7,23.310583,1014.21246,92.84201,13.1754875,0.48270416,1012.8111,24.7085,22.008501,17.782686
2012-12-22 17:00:00+00:00,56.699993,20.18767,1019.1709,90.44985,27.793756,0.49677873,1017.7478,22.1585,18.4085,34.07091
2012-12-23 17:00:00+00:00,6.299999,19.612669,1019.33344,80.04659,15.240153,0.49464503,1017.9073,20.508501,18.3585,26.099379
2012-12-24 17:00:00+00:00,2.0,21.568918,1015.7874,79.29138,10.617078,0.48919713,1014.37573,23.3585,19.9085,14.003029
2012-12-25 17:00:00+00:00,15.2,22.110582,1013.83746,91.288635,14.148281,0.49170586,1012.43097,24.1085,21.0585,18.079027
2012-12-26 17:00:00+00:00,7.5999994,22.262667,1013.06244,91.968605,10.376817,0.4934334,1011.6579,23.8585,21.3085,15.226764
2012-12-27 17:00:00+00:00,6.8999987,22.843918,1012.3206,92.21616,10.728156,0.49386373,1010.92,24.758501,21.7085,14.561099
2012-12-28 17:00:00+00:00,4.6000004,23.256416,1012.4792,92.81434,7.570431,0.4895784,1011.0801,25.1085,22.1085,14.345898
2012-12-29 17:00:00+00:00,20.999992,18.000168,1018.6584,83.531395,29.044382,0.49126542,1017.22516,21.5585,16.5585,36.080906
2012-12-30 17:00:00+00:00,5.0999994,17.13767,1019.3584,81.474236,16.10869,0.485307,1017.9201,18.0585,16.3085,23.42491
2012-12-31 17:00:00+00:00,3.9,18.721,1017.7083,82.60996,7.2722354,0.47907832,1016.28,19.7085,17.508501,14.471821
2013-01-01 17:00:00+00:00,0.0,20.785585,1015.9333,82.88365,6.8567185,0.4720216,1014.5175,23.1585,18.6585,12.245294
2013-01-02 17:00:00+00:00,7.6000004,21.462667,1017.62915,88.31715,8.292902,0.46666336,1016.2144,23.7085,19.7085,14.57889
2013-01-03 17:00:00+00:00,15.300001,19.064753,1016.2002,91.042336,11.132525,0.4741058,1014.77563,20.7085,17.8585,16.610792
2013-01-04 17:00:00+00:00,4.9,19.893917,1014.6084,88.94462,8.737069,0.47397423,1013.1901,20.6585,18.8085,12.4811535
2013-01-05 17:00:00+00:00,21.600002,20.621,1015.47504,91.48129,9.278844,0.4770546,1014.0591,21.9085,19.9585,11.212135
2013-01-06 17:00:00+00:00,16.9,20.175167,1015.7959,91.558784,8.991696,0.49029538,1014.3774,20.9085,19.8085,11.841756
2013-01-07 17:00:00+00:00,1.8000002,20.591833,1014.9167,89.91433,8.383594,0.49135625,1013.5012,21.4085,20.1585,14.88242
2013-01-08 17:00:00+00:00,19.499998,19.637669,1016.179,89.54781,18.535408,0.48838505,1014.7576,20.2085,18.3585,25.12016
2013-01-09 17:00:00+00:00,9.7,18.364752,1017.37494,88.19821,15.221241,0.48682925,1015.9455,19.2085,17.7085,18.998314
2013-01-10 17:00:00+00:00,5.0999994,18.4585,1017.60425,86.11941,14.696185,0.48295343,1016.1748,19.4585,17.6085,18.844202
2013-01-11 17:00:00+00:00,3.8000004,17.979334,1017.78326,83.349464,20.45779,0.47784206,1016.3513,19.2085,17.258501,24.627789
2013-01-12 17:00:00+00:00,1.1,18.216835,1016.2874,81.41303,12.172599,0.47251454,1014.85864,19.508501,16.8585,17.31746
2013-01-13 17:00:00+00:00,1.3000001,19.918919,1016.06244,83.83563,7.293327,0.46750626,1014.6424,21.758501,18.0585,13.202726
2013-01-14 17:00:00+00:00,0.2,21.293917,1016.8083,79.077,14.082433,0.4622816,1015.39374,23.8085,19.0585,18.775303
2013-01-15 17:00:00+00:00,0.3,20.460585,1018.13336,83.383125,12.881963,0.45614135,1016.7128,23.8085,17.0585,19.296133
2013-01-16 17:00:00+00:00,0.2,20.591837,1020.20416,79.54504,14.463268,0.45040834,1018.7815,23.008501,17.8085,23.023119
2013-01-17 17:00:00+00:00,6.399999,20.121,1021.57495,82.55981,19.346369,0.44772336,1020.1482,21.6585,18.9585,24.482647
2013-01-18 17:00:00+00:00,1.4000001,20.629333,1018.6292,80.95058,15.897491,0.446455,1017.2089,23.2085,19.0585,18.751125
2013-01-19 17:00:00+00:00,0.0,21.414755,1016.9292,86.10416,11.429134,0.44179454,1015.5149,24.758501,18.3085,15.39184
2013-01-20 17:00:00+00:00,0.0,22.206419,1017.05,87.16401,11.346245,0.43700626,1015.63947,25.008501,19.9085,16.09969
2013-01-21 17:00:00+00:00,0.0,22.037668,1017.4333,85.926476,10.097264,0.43260834,1016.02155,24.3085,20.1585,14.618837
2013-01-22 17:00:00+00:00,1.2,21.454336,1016.7039,88.77674,8.400537,0.42920873,1015.29047,23.8585,19.4085,13.1041975
2013-01-23 17:00:00+00:00,0.1,21.675169,1015.81256,87.71054,8.704314,0.42600378,1014.4012,24.508501,19.0585,13.37825
2013-01-24 17:00:00+00:00,1.1,21.941833,1015.825,88.86411,14.13127,0.42304966,1014.415,24.1585,19.7085,22.007162
2013-01-25 17:00:00+00:00,0.0,22.58975,1015.37915,84.8106,12.223229,0.41977873,1013.9729,25.2085,21.258501,16.92383
2013-01-26 17:00:00+00:00,6.2,20.837671,1017.81665,91.41834,9.2886,0.4199892,1016.3985,22.4085,18.6085,14.84318
2013-01-27 17:00:00+00:00,1.5,19.385586,1018.19165,87.37671,12.723489,0.42177582,1016.76605,20.5585,18.3085,15.807239
2013-01-28 17:00:00+00:00,1.4000001,20.866837,1017.87085,87.49307,10.015184,0.42126966,1016.4527,22.7085,19.508501,19.296133
2013-01-29 17:00:00+00:00,0.0,22.1335,1017.6541,84.95266,16.703758,0.41895044,1016.2426,24.9585,19.758501,23.039999
2013-01-30 17:00:00+00:00,0.0,22.850166,1017.4707,83.50771,17.228596,0.4151608,1016.06274,25.6585,21.4085,21.413193
2013-01-31 17:00:00+00:00,0.1,22.481417,1017.20416,84.91753,14.435825,0.41157746,1015.79486,24.7085,20.508501,17.447933
2013-02-01 17:00:00+00:00,0.8,21.941833,1017.4959,84.89562,13.05822,0.4084525,1016.08344,24.5585,20.1585,18.089775
2013-02-02 17:00:00+00:00,0.70000005,22.427248,1016.05817,89.492134,8.62499,0.4061546,1014.6502,25.3085,20.0585,14.693999
2013-02-03 17:00:00+00:00,0.0,23.287666,1016.4626,91.27245,9.214915,0.40446118,1015.0581,25.8085,21.758501,13.32
2013-02-04 17:00:00+00:00,0.0,23.727251,1015.6541,91.67093,10.926919,0.4018483,1014.25275,26.6085,22.1085,15.596767
2013-02-05 17:00:00+00:00,0.0,23.806414,1013.1208,90.64704,11.905986,0.39860538,1011.7234,27.1585,21.758501,16.595179
2013-02-06 17:00:00+00:00,0.0,24.16892,1009.02924,88.55179,10.560414,0.39478207,1007.63885,29.1585,20.1585,19.211996
2013-02-07 17:00:00+00:00,0.3,23.852251,1011.8791,89.24769,12.787716,0.39145586,1010.4836,27.1085,21.258501,19.959719
2013-02-08 17:00:00+00:00,3.0000002,22.971,1016.2708,90.06726,13.823479,0.39072087,1014.86505,24.8585,21.508501,18.430452
2013-02-09 17:00:00+00:00,14.2,20.729334,1016.55,91.19218,9.178691,0.39870545,1015.13306,21.4585,20.1585,16.09969
2013-02-10 17:00:00+00:00,0.2,22.250168,1015.16254,85.38746,15.641934,0.40131,1013.7548,24.9085,20.258501,21.96
2013-02-11 17:00:00+00:00,0.3,22.371,1016.3584,81.50882,13.8774605,0.39821962,1014.94965,24.6085,20.758501,18.079027
2013-02-12 17:00:00+00:00,2.0,22.112669,1016.0208,85.599724,14.387803,0.39695582,1014.6115,24.2085,20.5585,20.519999
2013-02-13 17:00:00+00:00,0.4,22.770998,1013.9001,87.63467,12.266969,0.39528504,1012.4965,25.1585,21.1085,15.725037
2013-02-14 17:00:00+00:00,3.7,22.946001,1013.96246,92.42139,13.47741,0.3946096,1012.55975,24.5585,21.9085,19.721298
2013-02-15 17:00:00+00:00,4.3,22.720999,1014.7707,88.434,14.549161,0.39901248,1013.36597,24.4585,21.4585,18.899143
2013-02-16 17:00:00+00:00,0.0,23.06475,1011.97076,86.86466,14.611705,0.39702746,1010.57135,26.0585,20.7085,18.1041
2013-02-17 17:00:00+00:00,0.0,23.787668,1009.9709,88.15347,11.294941,0.3936913,1008.57764,27.3085,21.3585,17.462784
2013-02-18 17:00:00+00:00,0.0,23.450165,1010.27924,91.53956,9.165341,0.39029577,1008.88385,27.758501,20.258501,16.299694
2013-02-19 17:00:00+00:00,0.8,23.208498,1014.375,83.06414,17.236029,0.38778046,1012.9729,25.1585,21.5585,24.482647
2013-02-20 17:00:00+00:00,3.7,22.191833,1015.7791,86.60325,15.611238,0.38653255,1014.37036,24.4085,20.4585,22.81957
2013-02-21 17:00:00+00:00,15.399997,21.11892,1018.17084,88.90905,15.540647,0.39311004,1016.7535,22.9085,19.6585,21.166653
2013-02-22 17:00:00+00:00,13.2,20.406418,1018.9709,87.656395,16.46052,0.40636003,1017.549,21.0585,19.7085,22.45315
2013-02-23 17:00:00+00:00,6.1000004,20.873089,1017.03345,89.92041,8.533387,0.41104916,1015.6165,22.1585,20.0585,14.24163
2013-02-24 17:00:00+00:00,1.1,22.150167,1015.34174,91.1969,7.3655066,0.41176555,1013.93317,24.2085,20.6585,11.885453
2013-02-25 17:00:00+00:00,0.0,23.3835,1013.575,91.60497,10.729642,0.41032922,1012.17487,25.9585,21.7085,14.021525
2013-02-26 17:00:00+00:00,0.1,23.835585,1011.39594,92.25155,10.112834,0.4074929,1010.001,26.4585,21.7085,14.973576
2013-02-27 17:00:00+00:00,0.0,25.043917,1009.21246,91.33426,10.605973,0.40466166,1007.826,28.9085,22.5585,15.158522
2013-02-28 17:00:00+00:00,0.0,26.254333,1009.05414,89.54648,9.33585,0.40085992,1007.6735,30.758501,22.5585,17.462782
2013-03-01 17:00:00+00:00,1.0,24.885584,1013.03326,92.90405,11.781199,0.39751217,1011.6412,27.9585,22.8085,19.416653
2013-03-02 17:00:00+00:00,57.6,21.810585,1018.27094,92.549736,15.979988,0.41392335,1016.8567,23.258501,19.8085,24.648829
2013-03-03 17:00:00+00:00,26.699997,19.454336,1020.8999,90.75236,16.869219,0.44634584,1019.47095,20.1085,18.9085,21.38897
2013-03-04 17:00:00+00:00,14.8,19.752253,1020.30005,89.61182,9.8080435,0.45903373,1018.87305,20.7085,18.8585,13.004921
2013-03-05 17:00:00+00:00,1.6000001,21.706419,1018.3835,83.68579,12.564929,0.4621359,1016.96857,23.4585,19.8085,17.072504
2013-03-06 17:00:00+00:00,0.70000005,22.210587,1018.0166,86.727745,14.202911,0.46045795,1016.6049,24.4085,20.4085,19.08
2013-03-07 17:00:00+00:00,0.0,21.862669,1016.1917,86.95163,9.944871,0.45678636,1014.7807,25.1085,19.2085,14.973577
2013-03-08 17:00:00+00:00,0.0,21.966835,1013.11255,86.11805,11.562665,0.452293,1011.70636,25.3585,19.6585,16.23596
2013-03-09 17:00:00+00:00,0.0,22.502253,1011.4793,91.681305,8.721178,0.44768324,1010.0777,27.0585,18.3585,14.77755
2013-03-10 17:00:00+00:00,0.3,23.468916,1012.4541,92.58791,10.747039,0.44413665,1011.0561,26.3585,21.6585,16.73516
2013-03-11 17:00:00+00:00,0.0,23.758505,1011.6584,91.60192,12.50022,0.44135848,1010.26263,26.8085,22.1085,16.766108
2013-03-12 17:00:00+00:00,0.0,24.066832,1012.19586,91.77563,7.9183583,0.43943414,1010.8007,28.4585,21.3585,15.905319
2013-03-13 17:00:00+00:00,0.9,23.691832,1014.74176,94.89207,10.052953,0.43850425,1013.3415,26.2085,21.7085,16.24394
2013-03-14 17:00:00+00:00,0.1,23.866835,1016.21246,89.872955,17.459543,0.43651918,1014.8111,25.6085,22.8085,21.67487
2013-03-15 17:00:00+00:00,0.0,24.179335,1014.875,89.40015,15.090809,0.43260324,1013.4768,27.3585,22.0585,19.45333
2013-03-16 17:00:00+00:00,0.0,25.241837,1010.02515,89.854095,10.566712,0.4282072,1008.6384,29.508501,21.3085,18.430452
2013-03-17 17:00:00+00:00,0.0,26.546003,1007.16656,85.260765,6.8715215,0.42357585,1005.78986,31.9585,22.0585,14.830076
2013-03-18 17:00:00+00:00,0.0,26.768919,1007.29565,83.82424,7.0438848,0.41898116,1005.91986,31.758501,22.8585,16.676977
2013-03-19 17:00:00+00:00,0.0,26.935583,1008.34576,87.08731,8.303686,0.41455173,1006.9694,30.9585,23.1585,16.171976
2013-03-20 17:00:00+00:00,0.0,25.616838,1009.0708,89.57255,7.8203263,0.41106042,1007.68744,28.4085,23.1085,12.904882
2013-03-21 17:00:00+00:00,0.0,25.914751,1008.9167,91.02221,9.551051,0.40778747,1007.53467,29.4085,23.6085,16.394829
2013-03-22 17:00:00+00:00,0.0,26.329332,1008.80414,89.003685,8.151724,0.40451625,1007.4243,30.1085,23.008501,17.581125
2013-03-23 17:00:00+00:00,0.0,27.26892,1007.4334,85.81939,7.784261,0.4003793,1006.0596,31.8585,22.3585,14.471821
2013-03-24 17:00:00+00:00,0.0,27.146002,1006.2249,86.79742,9.813985,0.39605713,1004.8523,31.3085,22.6085,16.766108
2013-03-25 17:00:00+00:00,2.2,27.412672,1006.40405,83.78961,8.773829,0.39294124,1005.03253,32.2585,23.1585,15.39184
2013-03-26 17:00:00+00:00,0.4,25.916838,1008.7917,89.50718,6.4340043,0.3915343,1007.4099,29.8585,22.8085,11.4862
2013-03-27 17:00:00+00:00,0.0,26.746002,1008.35406,89.3021,7.7114487,0.38817963,1006.97687,29.8585,23.5585,15.876775
2013-03-28 17:00:00+00:00,0.1,26.22725,1008.3459,89.404106,7.861301,0.3847209,1006.9661,29.9085,23.4585,16.919998
2013-03-29 17:00:00+00:00,0.0,26.393919,1007.9082,90.81256,7.9847565,0.38173214,1006.52997,29.758501,23.7085,17.731598
2013-03-30 17:00:00+00:00,3.0,25.925165,1010.2542,92.28342,6.637409,0.38019994,1008.8704,27.9085,24.508501,11.874544
2013-03-31 17:00:00+00:00,0.90000004,25.720999,1011.5,90.674164,9.024745,0.3799046,1010.11346,28.9085,24.1585,14.4
2013-04-01 17:00:00+00:00,0.0,26.271002,1010.16254,89.964485,9.540608,0.3774033,1008.7806,29.4085,24.2085,13.039754
2013-04-02 17:00:00+00:00,0.0,27.475166,1006.66254,87.61019,10.855106,0.37372792,1005.2908,31.6085,24.258501,18.775301
2013-04-03 17:00:00+00:00,0.0,29.416832,1003.15405,78.564156,6.8607726,0.3693408,1001.7959,34.358498,24.7085,12.287555
2013-04-04 17:00:00+00:00,0.0,30.714746,1001.5918,64.41808,10.924255,0.36395666,1000.2412,36.108498,26.2085,19.164717
2013-04-05 17:00:00+00:00,5.8,25.518919,1005.58344,75.225266,20.147203,0.36107707,1004.20404,32.7585,22.3085,34.726475
2013-04-06 17:00:00+00:00,4.5,23.237669,1009.62915,84.59141,10.05894,0.36295462,1008.2337,24.258501,22.3585,14.345898
2013-04-07 17:00:00+00:00,0.1,25.18142,1009.1667,87.98992,9.019198,0.3643912,1007.78107,28.2085,23.3085,14.578888
2013-04-08 17:00:00+00:00,0.70000005,25.458502,1010.59576,90.90283,8.316732,0.36307296,1009.2095,28.258501,23.508501,15.2947035
2013-04-09 17:00:00+00:00,4.3999996,24.520998,1012.4001,92.60242,8.594787,0.36386,1011.0068,25.3085,24.1085,11.966954
2013-04-10 17:00:00+00:00,11.700001,23.881416,1013.15424,91.35999,11.446483,0.36768124,1011.757,25.6085,22.8085,15.696165
2013-04-11 17:00:00+00:00,44.3,23.148085,1015.0542,93.093605,16.843725,0.40045795,1013.65094,24.508501,22.4585,21.129885
2013-04-12 17:00:00+00:00,9.199999,23.160582,1014.9792,90.42213,11.526624,0.42782208,1013.57587,24.9585,22.258501,15.124284
2013-04-13 17:00:00+00:00,2.6,23.571,1013.5291,90.786865,10.784112,0.43023086,1012.13007,25.2085,22.508501,17.208603
2013-04-14 17:00:00+00:00,0.0,24.481417,1009.8833,89.49612,11.078452,0.42929295,1008.49347,26.5585,22.4585,16.62249
2013-04-15 17:00:00+00:00,4.8,26.131418,1007.04987,88.608826,6.8657813,0.42765427,1005.67145,30.1585,22.2085,14.512064
2013-04-16 17:00:00+00:00,13.900002,25.666832,1006.7332,91.05203,5.772953,0.43258795,1005.35333,27.9585,23.758501,10.948973
2013-04-17 17:00:00+00:00,2.1,25.945997,1006.37506,90.01922,5.5590177,0.43919337,1004.9966,28.9585,23.6585,10.1887
2013-04-18 17:00:00+00:00,0.0,27.243914,1005.6292,85.16964,7.136511,0.4368563,1004.25775,31.6585,22.8585,16.42247
2013-04-19 17:00:00+00:00,4.2,27.656418,1006.8293,86.46158,6.8408146,0.43248954,1005.458,32.0085,23.6585,13.708391
2013-04-20 17:00:00+00:00,8.0,26.616835,1009.154,91.01939,4.3801174,0.43432793,1007.77515,29.8085,24.6585,8.891344
2013-04-21 17:00:00+00:00,0.1,26.631418,1010.14996,91.34441,9.39235,0.43625495,1008.7697,29.4585,24.3585,15.459054
2013-04-22 17:00:00+00:00,0.70000005,26.816833,1010.55835,89.758125,7.3756413,0.4331613,1009.1783,30.6085,24.2085,14.77755
2013-04-23 17:00:00+00:00,0.90000004,26.506414,1010.54175,88.713646,6.9982285,0.43221542,1009.16034,30.2085,24.1085,11.384198
2013-04-24 17:00:00+00:00,16.900002,27.291838,1009.3333,87.97643,7.1718535,0.43242708,1007.9571,31.258501,24.1585,13.849477
2013-04-25 17:00:00+00:00,1.5,26.345999,1009.9583,88.60314,6.5979724,0.4387134,1008.57697,29.258501,24.1085,10.239453
2013-04-26 17:00:00+00:00,1.0,26.670998,1008.7834,86.45464,7.249169,0.43685624,1007.4051,30.6085,23.1085,15.856354
2013-04-27 17:00:00+00:00,0.0,27.473082,1007.74585,86.160645,8.122375,0.43271497,1006.37274,31.4585,23.6085,15.39184
2013-04-28 17:00:00+00:00,10.4,27.012665,1008.2126,87.74009,7.019708,0.43056667,1006.8367,31.3585,23.9585,15.509274
2013-04-29 17:00:00+00:00,0.0,28.056414,1007.5208,82.08791,6.2161984,0.4316176,1006.15045,33.0585,24.0585,14.88242
2013-04-30 17:00:00+00:00,2.9,27.468916,1006.4167,81.65696,6.7274437,0.42673922,1005.0452,33.0085,24.1585,12.522619
2013-05-01 17:00:00+00:00,0.6,26.454332,1006.2417,89.51899,6.506784,0.42571545,1004.8659,29.3585,23.6585,12.72283
2013-05-02 17:00:00+00:00,10.999999,26.258501,1006.8958,89.18061,5.3352923,0.4262358,1005.51825,29.8085,23.4585,10.233123
2013-05-03 17:00:00+00:00,5.9000006,25.46475,1009.95825,91.98226,5.442608,0.43186286,1008.57294,27.1585,23.7085,13.237039
2013-05-04 17:00:00+00:00,5.5999994,25.523085,1011.2375,92.529724,8.618424,0.4347442,1009.8506,27.7085,24.008501,13.570615
2013-05-05 17:00:00+00:00,0.0,26.500166,1009.5625,89.119865,8.457376,0.4330921,1008.1824,29.4585,23.4085,13.849476
2013-05-06 17:00:00+00:00,4.0,26.843916,1008.4333,90.681786,6.786136,0.4307567,1007.0564,30.1585,24.258501,12.904882
2013-05-07 17:00:00+00:00,0.8,27.27517,1007.35846,85.40109,7.2461514,0.42912546,1005.9848,31.4585,23.258501,16.09969
2013-05-08 17:00:00+00:00,4.7,27.614752,1007.3125,86.41443,4.8821454,0.4268004,1005.9406,31.8085,24.3085,10.495713
2013-05-09 17:00:00+00:00,9.2,27.520998,1006.5041,86.74994,5.867393,0.4295734,1005.1329,31.9585,24.508501,13.324863
2013-05-10 17:00:00+00:00,13.099999,26.133501,1006.575,91.3348,7.5823855,0.44096497,1005.19727,29.2085,24.9085,14.33234
2013-05-11 17:00:00+00:00,0.6,26.943916,1007.3333,88.75318,5.096969,0.45210755,1005.95844,30.0585,23.6085,12.287555
2013-05-12 17:00:00+00:00,0.3,28.650164,1005.95416,80.74152,7.125628,0.44747052,1004.5887,32.8085,24.3085,13.608762
2013-05-13 17:00:00+00:00,0.0,29.508501,1003.9333,75.63532,6.133778,0.44137454,1002.57446,33.0585,25.9585,8.714677
2013-05-14 17:00:00+00:00,0.0,30.206419,1002.79584,73.31205,7.7146726,0.43463907,1001.44165,34.608498,26.7085,10.315115
2013-05-15 17:00:00+00:00,0.0,31.037668,1003.0166,70.57928,7.1422343,0.42733422,1001.6658,35.3085,27.5585,9.686609
2013-05-16 17:00:00+00:00,5.0,30.339752,1005.2749,74.24082,9.084841,0.4212321,1003.91815,34.7085,27.1085,14.57889
2013-05-17 17:00:00+00:00,0.0,29.866835,1005.54987,74.88089,6.3974843,0.4175475,1004.1906,34.158497,26.1585,8.534353
2013-05-18 17:00:00+00:00,0.0,29.516832,1005.1167,72.10225,11.502758,0.4114571,1003.7563,33.2585,27.258501,17.873556
2013-05-19 17:00:00+00:00,0.0,30.252249,1004.32935,67.05186,8.330531,0.40541506,1002.9732,34.158497,27.258501,14.529915
2013-05-20 17:00:00+00:00,1.2,29.68975,1004.6084,71.720695,8.652286,0.3998959,1003.24945,33.2085,27.508501,15.463246
2013-05-21 17:00:00+00:00,0.0,29.41475,1005.03326,75.34931,8.077247,0.3952225,1003.6726,32.858498,26.2085,14.904173
2013-05-22 17:00:00+00:00,2.0,29.175165,1007.0041,75.96394,7.288034,0.39106044,1005.63965,33.5085,26.4585,12.10157
2013-05-23 17:00:00+00:00,1.1,28.818918,1007.35004,80.057045,6.477918,0.38786122,1005.98346,32.658497,25.9085,9.387651
2013-05-24 17:00:00+00:00,0.4,29.106417,1006.86255,77.103745,5.8873935,0.38405037,1005.49786,32.8085,26.2085,13.5515
2013-05-25 17:00:00+00:00,0.0,29.833502,1006.175,72.06605,6.9088483,0.37920627,1004.8145,34.3085,25.758501,13.783817
2013-05-26 17:00:00+00:00,0.0,30.337662,1006.05835,67.16984,7.2591643,0.37361038,1004.7004,34.908497,26.4585,12.538134
2013-05-27 17:00:00+00:00,0.0,30.177252,1006.375,70.27731,7.8394437,0.3682704,1005.0157,35.0085,26.1085,16.039202
2013-05-28 17:00:00+00:00,0.2,29.48142,1007.53326,77.32998,6.9865794,0.36396134,1006.1696,33.908497,25.6085,14.759999
2013-05-29 17:00:00+00:00,0.1,28.310585,1008.4917,82.51115,7.40057,0.36088288,1007.1214,31.4085,25.0585,12.287555
2013-05-30 17:00:00+00:00,0.0,28.181417,1008.0334,80.50767,7.9754777,0.35797167,1006.6629,31.5585,24.9585,13.896187
2013-05-31 17:00:00+00:00,0.0,28.141832,1006.37085,78.03203,9.2247,0.35511005,1005.0026,31.4085,24.3585,17.283749
2013-06-01 17:00:00+00:00,8.0,27.468918,1005.4832,82.89974,6.017828,0.3559854,1004.113,32.2585,24.5585,14.587776
2013-06-02 17:00:00+00:00,1.6,27.137665,1006.2417,85.18937,4.1014876,0.36151627,1004.8691,30.3585,24.008501,11.503113
2013-06-03 17:00:00+00:00,1.0,27.410583,1008.03754,84.71296,4.925573,0.36213374,1006.6636,30.8085,25.2085,11.043261
2013-06-04 17:00:00+00:00,13.200001,27.479334,1008.5291,85.0489,5.249524,0.36334336,1007.1548,31.0585,25.1085,10.105681
2013-06-05 17:00:00+00:00,3.8,28.031416,1007.79584,82.331856,7.0602145,0.36786747,1006.42523,31.9585,24.5585,14.799459
2013-06-06 17:00:00+00:00,2.8000002,28.856415,1005.8167,77.72842,5.1276,0.36617708,1004.45233,33.0085,25.508501,8.161764
2013-06-07 17:00:00+00:00,0.0,30.333504,1002.9209,66.50449,7.6765275,0.36236084,1001.5671,34.408497,27.258501,11.808878
2013-06-08 17:00:00+00:00,0.0,30.77308,1000.98334,64.501854,8.538781,0.35621333,999.63403,34.9585,27.508501,14.05845
2013-06-09 17:00:00+00:00,20.5,29.329329,1001.7251,74.558304,11.435211,0.35455206,1000.3682,34.608498,25.508501,18.86139
2013-06-10 17:00:00+00:00,64.0,25.285585,1005.62103,85.74537,18.82319,0.41030547,1004.2405,26.508501,24.5585,25.006397
2013-06-11 17:00:00+00:00,3.6999998,24.985582,1006.07513,85.192085,15.496831,0.4156904,1004.6927,26.2085,24.2085,22.392464
2013-06-12 17:00:00+00:00,1.4000001,25.496002,1004.92096,80.14758,10.745414,0.4145967,1003.5424,28.258501,23.0585,16.645864
2013-06-13 17:00:00+00:00,0.0,24.762667,1003.8166,76.5431,10.289484,0.40970555,1002.43634,28.258501,21.4585,13.779114
2013-06-14 17:00:00+00:00,0.0,25.281416,1003.33325,78.33571,8.404799,0.40394458,1001.956,29.6585,21.2085,12.261158
2013-06-15 17:00:00+00:00,0.0,26.483498,1003.2583,79.693436,5.807462,0.3991263,1001.88666,30.8585,22.2085,11.525623
2013-06-16 17:00:00+00:00,0.0,27.88975,1002.12915,77.18226,7.370186,0.39509633,1000.76544,31.6085,24.2085,12.7279215
2013-06-17 17:00:00+00:00,0.0,29.154333,1000.78326,71.59136,6.9924583,0.3898109,999.4272,33.3085,25.7085,11.681987
2013-06-18 17:00:00+00:00,0.0,29.943914,1001.0959,66.640236,8.354391,0.38376912,999.7429,34.0585,26.9585,15.042659
2013-06-19 17:00:00+00:00,0.0,29.916834,1001.86255,66.50751,9.867168,0.3778046,1000.5083,33.608498,27.1585,17.447933
2013-06-20 17:00:00+00:00,1.2,27.812668,1002.35846,73.638565,16.180868,0.37469706,1000.9941,29.3585,26.1085,20.94507
2013-06-21 17:00:00+00:00,10.400001,26.325167,999.79175,82.00467,24.807734,0.3778846,998.42426,27.1585,25.8085,29.035288
2013-06-22 17:00:00+00:00,5.0000005,27.256418,999.7292,75.64504,21.130358,0.38422045,998.3659,29.008501,26.0585,30.7542
2013-06-23 17:00:00+00:00,0.0,29.091833,1004.41235,66.943,11.956429,0.38133383,1003.0512,31.9585,27.1585,15.629971
2013-06-24 17:00:00+00:00,0.0,28.90225,1006.80835,70.004944,14.388129,0.37631798,1005.4429,31.4085,27.3585,20.380579
2013-06-25 17:00:00+00:00,0.0,28.91892,1006.46265,68.64737,15.527511,0.3715383,1005.0976,31.8085,27.0585,21.746502
2013-06-26 17:00:00+00:00,0.0,29.456419,1005.36255,64.65614,9.212213,0.36578754,1004.00165,33.4585,26.3085,13.551501
2013-06-27 17:00:00+00:00,0.0,30.273085,1004.5,61.463135,9.932799,0.35982123,1003.14386,34.0585,27.3585,15.530151
2013-06-28 17:00:00+00:00,0.0,30.275164,1005.20825,62.7886,7.7050033,0.35387918,1003.85114,34.7585,26.8585,12.261157
2013-06-29 17:00:00+00:00,1.5,29.683496,1005.2791,72.23051,6.42357,0.3490233,1003.9194,34.7585,25.7085,10.739832
2013-06-30 17:00:00+00:00,0.0,29.958496,1002.54156,69.834496,6.6450553,0.34563634,1001.1867,34.8085,26.4085,10.587917
2013-07-01 17:00:00+00:00,0.5,29.431414,1003.6167,70.37682,7.000271,0.34204495,1002.258,33.7585,26.7085,12.287555
2013-07-02 17:00:00+00:00,0.4,29.220995,1005.7375,73.351814,5.875344,0.3391908,1004.37494,33.0585,25.3585,10.703569
2013-07-03 17:00:00+00:00,0.0,29.087662,1005.44165,74.50895,6.848305,0.3365034,1004.07886,32.9585,25.5585,12.397806
2013-07-04 17:00:00+00:00,0.0,29.035582,1005.5166,75.169525,7.3984,0.33387503,1004.1536,33.2585,25.508501,15.856356
2013-07-05 17:00:00+00:00,1.6,28.764753,1006.10834,74.514915,7.925728,0.33155498,1004.74316,33.158497,25.758501,13.237038
2013-07-06 17:00:00+00:00,7.2000003,28.414743,1006.90826,76.80089,5.206168,0.33131292,1005.5405,33.2585,25.508501,10.137692
2013-07-07 17:00:00+00:00,7.0,27.835585,1007.44995,80.368416,5.034206,0.33493254,1006.0788,32.0085,25.1585,8.647496
2013-07-08 17:00:00+00:00,0.2,28.198084,1006.5042,72.56257,7.2901645,0.33542714,1005.1358,31.6585,25.8585,12.387348
2013-07-09 17:00:00+00:00,0.4,28.948082,1005.6167,67.67094,7.884792,0.33145547,1004.2531,33.2085,25.1585,10.990322
2013-07-10 17:00:00+00:00,1.6,28.802248,1007.03754,70.622025,6.36818,0.32829246,1005.67145,33.408497,25.6085,12.738099
2013-07-11 17:00:00+00:00,1.0,29.760582,1005.8875,65.196434,8.330786,0.32507172,1004.5273,34.658497,26.4085,14.05845
2013-07-12 17:00:00+00:00,0.0,30.483498,1002.63763,62.44565,8.233147,0.32122168,1001.28467,35.0585,27.3585,14.386494
2013-07-13 17:00:00+00:00,0.2,29.875162,1003.13745,66.28772,8.042573,0.31800124,1001.7813,33.608498,26.8585,13.53236
2013-07-14 17:00:00+00:00,2.0,29.335585,1004.86237,72.61258,6.4053407,0.31603333,1003.50165,33.2085,25.6085,15.484185
2013-07-15 17:00:00+00:00,0.5,29.516832,1005.2708,68.87986,6.583528,0.31441548,1003.91034,34.0085,26.0585,12.6462
2013-07-16 17:00:00+00:00,0.0,29.614748,1004.35834,63.983154,7.131935,0.31146422,1002.9993,33.4585,26.3585,13.217443
2013-07-17 17:00:00+00:00,0.2,29.716833,1002.73755,65.34562,7.784111,0.30903587,1001.3813,33.7585,26.8085,13.708391
2013-07-18 17:00:00+00:00,0.4,29.525167,1002.7417,68.195,4.7183995,0.30706632,1001.3845,33.9585,26.1585,6.87779
2013-07-19 17:00:00+00:00,1.2,28.177252,1003.28754,71.53665,9.330209,0.30600753,1001.9236,31.0585,26.5585,14.84318
2013-07-20 17:00:00+00:00,4.7999997,27.587664,1002.77496,77.426735,5.7038326,0.305905,1001.4092,30.9085,25.008501,10.483357
2013-07-21 17:00:00+00:00,0.8000001,27.229332,1003.69586,81.919106,5.0506234,0.30760294,1002.3271,29.8085,25.1585,7.928177
2013-07-22 17:00:00+00:00,20.4,26.341833,1004.18756,88.37202,5.1304545,0.31357875,1002.814,29.1585,24.7085,10.948973
2013-07-23 17:00:00+00:00,12.5,26.083502,1004.33325,85.42733,7.793225,0.3335346,1002.9583,28.2085,24.6085,13.207634
2013-07-24 17:00:00+00:00,15.500001,26.723085,1003.48755,75.95061,14.884727,0.3437196,1002.11676,28.758501,24.8085,24.490585
2013-07-25 17:00:00+00:00,0.1,27.923086,1003.4626,71.55181,17.642107,0.34243003,1002.09717,30.008501,26.6585,21.461555
2013-07-26 17:00:00+00:00,3.3999996,27.254333,1004.1042,76.87449,13.180892,0.34312046,1002.73505,28.5585,26.6585,18.075441
2013-07-27 17:00:00+00:00,26.300001,26.654335,1004.11676,77.42314,13.05766,0.35939252,1002.7446,28.4585,25.3085,18.671474
2013-07-28 17:00:00+00:00,4.9,27.054335,1005.01245,80.60203,5.3653374,0.36509666,1003.6412,30.3585,24.9585,8.699793
2013-07-29 17:00:00+00:00,0.4,27.677248,1004.7041,75.56977,6.454539,0.36511293,1003.336,31.008501,25.4085,10.948973
2013-07-30 17:00:00+00:00,1.7,27.456419,1003.3667,77.95338,7.8129086,0.3635392,1001.9993,30.8085,25.4585,12.429127
2013-07-31 17:00:00+00:00,3.8,27.716833,1002.0959,78.848854,11.22899,0.3611813,1000.73145,31.1085,25.258501,17.654688
2013-08-01 17:00:00+00:00,13.400001,26.098083,1001.7917,84.13891,17.705313,0.364185,1000.4204,27.258501,25.3085,22.79684
2013-08-02 17:00:00+00:00,3.3,26.862663,1003.7458,80.55219,13.880673,0.3717171,1002.3755,29.8085,25.0585,21.068459
2013-08-03 17:00:00+00:00,4.8,27.235586,1008.09174,80.832306,6.7950654,0.37081835,1006.717,31.008501,24.7085,12.9249525
2013-08-04 17:00:00+00:00,0.3,27.602251,1008.3625,82.2029,6.1415906,0.36932883,1006.989,31.8585,24.3085,10.829959
2013-08-05 17:00:00+00:00,1.3,27.454338,1005.8667,83.77924,5.0922484,0.36579502,1004.49603,31.1585,24.1585,11.592895
2013-08-06 17:00:00+00:00,15.400002,26.154335,1004.1875,86.54296,12.801566,0.37547836,1002.81323,28.4585,25.2085,21.933426
2013-08-07 17:00:00+00:00,7.2000003,26.8585,1006.2749,82.683784,4.5963845,0.3788046,1004.90094,30.9585,24.3085,9.3876505
2013-08-08 17:00:00+00:00,2.4,26.948082,1007.67914,85.54172,5.229002,0.3809667,1006.30365,30.3085,24.3085,9.693296
2013-08-09 17:00:00+00:00,1.1,27.035582,1008.00836,84.72692,5.3284764,0.3803879,1006.6328,29.6085,23.9085,9.360001
2013-08-10 17:00:00+00:00,0.3,27.060583,1007.5874,85.28993,4.764187,0.37753668,1006.2126,30.0585,24.3085,10.799999
2013-08-11 17:00:00+00:00,4.3999996,26.004333,1006.1335,90.06742,3.9186385,0.37588036,1004.7557,28.3585,24.3085,5.937272
2013-08-12 17:00:00+00:00,0.0,27.293915,1003.69995,81.57194,8.917043,0.37442374,1002.3315,30.3585,24.1585,12.594856
2013-08-13 17:00:00+00:00,0.0,28.004333,1002.3459,71.00338,24.560816,0.36983252,1000.9824,30.508501,26.3585,31.771912
2013-08-14 17:00:00+00:00,0.0,28.83767,1003.00836,66.301445,28.901161,0.36405706,1001.6477,32.158497,26.7085,34.793587
2013-08-15 17:00:00+00:00,0.0,29.516836,1001.4543,64.661285,30.413233,0.3576504,1000.0987,32.608498,27.3585,35.110615
2013-08-16 17:00:00+00:00,0.0,29.346003,1000.3918,63.59966,31.919767,0.35149214,999.0369,31.9585,27.508501,37.351627
2013-08-17 17:00:00+00:00,0.0,29.254335,1000.9333,64.509575,29.870626,0.3462,999.57745,31.758501,27.6585,37.363766
2013-08-18 17:00:00+00:00,0.0,29.416832,1001.0376,65.08849,26.919113,0.3413737,999.6821,32.2585,27.4585,31.557035
2013-08-19 17:00:00+00:00,0.0,28.71058,1001.1123,67.990295,22.849249,0.3375329,999.75415,31.3085,26.9585,29.024128
2013-08-20 17:00:00+00:00,0.0,28.393919,1000.93335,67.21195,21.809753,0.3346063,999.5737,31.8585,26.8085,27.345785
2013-08-21 17:00:00+00:00,3.8000002,27.748083,1000.79584,72.10202,21.315092,0.33426917,999.43353,30.5585,26.508501,26.339111
2013-08-22 17:00:00+00:00,0.0,28.498083,1001.72504,66.31736,23.1299,0.3329533,1000.36475,31.4085,26.758501,26.081993
2013-08-23 17:00:00+00:00,0.0,28.818914,1001.91675,65.552376,20.670977,0.32945588,1000.5576,31.7085,27.008501,27.698954
2013-08-24 17:00:00+00:00,0.1,28.954332,1003.8376,65.891136,12.172786,0.32597584,1002.4764,32.5585,26.8085,17.429354
2013-08-25 17:00:00+00:00,1.9000001,28.295998,1005.3208,70.41808,7.872622,0.3244263,1003.9546,31.8085,26.508501,14.917212
2013-08-26 17:00:00+00:00,3.7,27.900167,1005.93335,74.567314,7.8241954,0.32471952,1004.56445,31.508501,25.8585,12.303366
2013-08-27 17:00:00+00:00,0.0,28.789751,1005.4709,70.52126,9.014693,0.32379332,1004.1066,33.0085,25.6085,15.042659
2013-08-28 17:00:00+00:00,0.1,29.72725,1005.20416,65.79189,11.288175,0.32021505,1003.84467,33.908497,26.9085,15.856354
2013-08-29 17:00:00+00:00,0.5,29.979332,1005.8833,62.09837,9.143211,0.3166655,1004.524,34.158497,27.258501,14.57889
2013-08-30 17:00:00+00:00,0.4,29.660583,1007.3875,67.022675,5.8874116,0.3135387,1006.0247,33.7585,25.6585,15.617529
2013-08-31 17:00:00+00:00,1.8,29.273085,1009.1333,71.61342,6.7096496,0.31123248,1007.76654,33.108498,26.258501,12.4811535
2013-09-01 17:00:00+00:00,0.8,29.152246,1009.77496,70.9038,4.9787974,0.3102475,1008.40656,33.8085,26.1085,7.24486
2013-09-02 17:00:00+00:00,0.0,30.441828,1007.75433,61.196026,6.714382,0.30786046,1006.3943,35.608498,25.8085,10.685391
2013-09-03 17:00:00+00:00,0.6,30.327248,1006.4875,60.120327,8.480345,0.30485377,1005.1289,34.2085,27.9085,12.4811535
2013-09-04 17:00:00+00:00,19.2,29.025167,1007.1167,71.548325,4.9734244,0.3052375,1005.7512,34.408497,25.7085,14.081478
2013-09-05 17:00:00+00:00,24.900002,26.510584,1010.2708,86.66434,7.1506805,0.33217254,1008.8897,29.3585,24.8085,14.618837
2013-09-06 17:00:00+00:00,14.4,25.46058,1010.8792,88.21877,6.6498933,0.34296128,1009.4925,28.008501,24.258501,14.291592
2013-09-07 17:00:00+00:00,5.4999995,25.85225,1010.82916,85.73469,6.9591613,0.35407206,1009.44434,28.8085,23.6585,10.00256
2013-09-08 17:00:00+00:00,4.6,25.756416,1010.8916,88.7477,7.5015697,0.35500047,1009.50635,27.8585,24.258501,13.513193
2013-09-09 17:00:00+00:00,20.299997,25.104338,1008.66656,91.781136,6.5319824,0.36234,1007.28125,26.4585,24.1585,12.620554
2013-09-10 17:00:00+00:00,9.599999,26.03975,1007.70416,88.95951,6.850181,0.37408832,1006.32465,28.4085,24.4085,11.923557
2013-09-11 17:00:00+00:00,6.6,26.010588,1009.07074,91.147835,5.3353157,0.3778871,1007.689,28.6585,24.5585,10.805999
2013-09-12 17:00:00+00:00,7.2999997,25.808502,1009.2583,89.4338,8.934971,0.38322166,1007.8755,27.4085,24.4085,13.217443
2013-09-13 17:00:00+00:00,8.2,26.296003,1006.9084,86.25642,9.976197,0.38811123,1005.53094,28.8085,24.6085,15.876775
2013-09-14 17:00:00+00:00,2.0,27.11058,1005.4207,79.103355,13.371188,0.393903,1004.0491,30.5585,25.008501,20.598795
2013-09-15 17:00:00+00:00,13.7,26.22725,1005.9876,84.30634,11.078561,0.39524046,1004.611,29.0585,24.8085,16.641972
2013-09-16 17:00:00+00:00,25.199999,25.489752,1005.4792,90.30383,13.114292,0.40896842,1004.10004,27.508501,24.4085,19.969458
2013-09-17 17:00:00+00:00,172.1,25.15017,1001.78326,94.05716,32.35651,0.46641505,1000.4078,25.4585,24.6085,39.067875
2013-09-18 17:00:00+00:00,50.600002,25.710585,1000.39996,93.45333,20.37171,0.4983238,999.0288,27.008501,24.9085,32.25166
2013-09-19 17:00:00+00:00,13.0,26.329332,1003.8875,90.39453,5.922549,0.49309087,1002.5144,28.8585,24.6085,8.714677
2013-09-20 17:00:00+00:00,65.29999,25.852251,1004.66675,90.906715,6.4369354,0.4939967,1003.29047,28.9085,24.6585,11.966954
2013-09-21 17:00:00+00:00,9.8,26.77308,1002.2,81.330284,10.1673,0.48733497,1000.8311,29.6085,24.4585,15.629971
2013-09-22 17:00:00+00:00,0.2,27.72725,1001.49164,75.46841,13.167294,0.47992384,1000.12823,31.6585,25.1585,16.58346
2013-09-23 17:00:00+00:00,0.0,28.043922,1004.2583,75.05509,11.980309,0.47189668,1002.8925,31.758501,25.3585,18.25026
2013-09-24 17:00:00+00:00,3.6,26.958498,1007.64996,83.058464,5.934681,0.46634176,1006.2747,30.2085,24.9085,14.336861
2013-09-25 17:00:00+00:00,40.699997,24.627253,1009.43353,92.22332,12.307259,0.48020926,1008.0447,25.1085,24.258501,22.45315
2013-09-26 17:00:00+00:00,13.4,24.700167,1009.84576,90.98609,7.4830613,0.49400625,1008.4571,26.3585,23.2085,11.808878
2013-09-27 17:00:00+00:00,6.8,24.891836,1008.7375,90.108246,10.79193,0.48927376,1007.3511,27.1585,23.3585,17.654686
2013-09-28 17:00:00+00:00,7.4,24.885584,1006.39996,85.49868,21.19415,0.487475,1005.01685,26.7085,23.2085,27.381306
2013-09-29 17:00:00+00:00,181.9,23.302252,1000.06244,86.90799,32.982998,0.49711585,998.68066,24.4085,22.6585,55.866154
2013-09-30 17:00:00+00:00,9.099999,24.737669,1008.90845,84.76699,6.0233073,0.48353466,1007.521,27.9085,21.3585,9.659814
2013-10-01 17:00:00+00:00,50.500008,24.598085,1011.1584,93.57897,13.652603,0.48933086,1009.7673,25.7085,24.0585,20.466246
2013-10-02 17:00:00+00:00,49.6,24.623083,1011.2083,91.87235,18.25514,0.48343298,1009.8173,26.3585,23.8085,22.007162
2013-10-03 17:00:00+00:00,12.799999,24.660585,1010.9167,91.71958,11.489936,0.4762471,1009.5262,26.9085,23.4085,18.455048
2013-10-04 17:00:00+00:00,0.0,25.095999,1010.1248,83.57334,7.157719,0.47010413,1008.73755,27.9585,22.508501,10.587917
2013-10-05 17:00:00+00:00,2.4,25.216833,1010.66254,81.64126,6.725641,0.4602575,1009.2749,27.4085,23.3085,14.404499
2013-10-06 17:00:00+00:00,0.5,25.33558,1010.86255,75.355385,13.392601,0.45191285,1009.47534,27.6085,23.0585,19.64558
2013-10-07 17:00:00+00:00,0.0,24.614752,1011.2666,73.89706,12.799735,0.44248378,1009.8755,27.8085,21.1585,20.150354
2013-10-08 17:00:00+00:00,0.70000005,24.514748,1011.4001,79.29142,9.204463,0.43452665,1010.00806,28.008501,20.9585,14.84318
2013-10-09 17:00:00+00:00,4.2,24.441832,1012.4875,85.05743,10.844012,0.42863584,1011.09375,27.5585,21.508501,17.462784
2013-10-10 17:00:00+00:00,15.300001,24.516836,1011.78754,91.56357,7.9840946,0.4324808,1010.39526,26.6585,23.508501,12.475961
2013-10-11 17:00:00+00:00,3.0,24.946,1010.72076,90.83096,7.4384036,0.43468753,1009.33203,27.6585,23.008501,12.964998
2013-10-12 17:00:00+00:00,0.70000005,25.22933,1009.36664,87.450325,11.47973,0.43170747,1007.98096,27.8585,22.6585,19.914217
2013-10-13 17:00:00+00:00,46.3,24.818916,1006.22906,89.645935,27.76709,0.4368342,1004.8459,25.758501,24.1085,35.50155
2013-10-14 17:00:00+00:00,89.69999,24.946001,1001.95844,92.35965,40.377693,0.4854467,1000.58154,25.3085,24.6085,47.06234
2013-10-15 17:00:00+00:00,17.000002,25.923086,1008.37506,91.09842,22.216957,0.49456957,1006.99384,27.6585,25.008501,26.141552
2013-10-16 17:00:00+00:00,16.400002,25.21267,1012.9334,91.813446,11.446294,0.49431422,1011.54254,27.1585,24.0585,14.57889
2013-10-17 17:00:00+00:00,21.400002,24.189749,1014.6543,91.88638,12.63325,0.49012375,1013.25635,25.1085,23.6085,17.313717
2013-10-18 17:00:00+00:00,25.200003,24.104334,1015.37506,90.84562,13.165854,0.47961673,1013.9758,25.4585,23.4585,19.881649
2013-10-19 17:00:00+00:00,18.4,24.143919,1014.52496,88.46691,11.584194,0.4798663,1013.12695,25.8085,22.8585,18.584509
2013-10-20 17:00:00+00:00,15.9,24.073084,1013.9124,88.74595,8.04815,0.46433207,1012.51514,26.1085,22.8085,13.0447235
2013-10-21 17:00:00+00:00,6.5000005,23.729334,1015.1082,90.33512,8.5380335,0.4620155,1013.7076,25.7085,22.4085,11.435313
2013-10-22 17:00:00+00:00,8.299999,23.746,1014.75836,87.008156,9.121566,0.4604721,1013.35834,25.9085,22.3085,15.683776
2013-10-23 17:00:00+00:00,3.8,23.841837,1014.20844,81.55073,15.594884,0.45821,1012.8096,25.5585,22.758501,22.346113
2013-10-24 17:00:00+00:00,1.2,22.748085,1015.49164,79.80156,12.548359,0.45377424,1014.08594,23.3585,21.7085,20.211363
2013-10-25 17:00:00+00:00,0.90000004,22.675169,1016.3667,82.23077,4.389442,0.44901124,1014.9593,24.758501,21.008501,7.42159
2013-10-26 17:00:00+00:00,1.4000001,22.685585,1015.85004,79.21173,9.135246,0.44414136,1014.44354,25.4585,19.9085,16.394829
2013-10-27 17:00:00+00:00,0.2,23.34183,1015.64166,81.390015,8.800311,0.43919042,1014.2385,26.0585,19.9585,13.049689
2013-10-28 17:00:00+00:00,4.2,23.96892,1015.6999,86.84153,8.080623,0.43472254,1014.2996,26.3085,22.3085,16.610792
2013-10-29 17:00:00+00:00,5.4,24.410585,1014.6208,88.38992,12.442684,0.43545917,1013.22394,26.7085,22.9085,18.775301
2013-10-30 17:00:00+00:00,0.2,24.687668,1014.8999,84.16512,10.737167,0.43141377,1013.50415,27.008501,22.9585,15.158522
2013-10-31 17:00:00+00:00,0.0,24.050165,1014.22504,84.28741,7.799708,0.42654994,1012.82697,26.8085,21.258501,13.32
2013-11-01 17:00:00+00:00,1.1,23.829336,1013.58325,84.00564,7.546903,0.4224579,1012.1853,26.8585,20.3085,14.77755
2013-11-02 17:00:00+00:00,1.0,24.021002,1014.28326,85.47466,11.187213,0.41963506,1012.88525,26.758501,21.3585,18.391735
2013-11-03 17:00:00+00:00,10.900001,23.891836,1015.4709,84.91683,17.76068,0.4189988,1014.0704,25.9085,22.258501,25.764534
2013-11-04 17:00:00+00:00,22.4,23.810585,1014.3457,91.98281,21.706032,0.43513918,1012.9466,25.1085,23.1585,26.121714
2013-11-05 17:00:00+00:00,31.800003,23.806417,1014.3833,94.10018,21.59873,0.45663294,1012.9842,24.8585,23.3085,24.27265
2013-11-06 17:00:00+00:00,47.6,23.773085,1013.69165,94.179375,20.795269,0.48507413,1012.29315,24.3085,23.258501,24.023088
2013-11-07 17:00:00+00:00,9.8,24.36267,1013.01666,91.31963,15.148189,0.49428496,1011.6221,26.3585,23.1585,18.998314
2013-11-08 17:00:00+00:00,7.6999993,24.55433,1011.3332,87.47042,11.615039,0.49351087,1009.94183,26.508501,22.9585,19.201874
2013-11-09 17:00:00+00:00,65.4,24.354332,1004.7332,90.5975,27.647509,0.49198088,1003.35004,24.8085,23.9085,47.149002
2013-11-10 17:00:00+00:00,0.5,26.114752,1007.87067,85.30555,8.7988615,0.45658886,1006.4913,29.4585,23.258501,10.97262
2013-11-11 17:00:00+00:00,6.6000004,24.996,1009.9917,91.01529,7.1841254,0.44786087,1008.6042,28.2085,23.3085,13.358861
2013-11-12 17:00:00+00:00,20.5,23.600164,1011.85834,90.65274,15.218021,0.45476505,1010.4616,24.008501,23.008501,24.503809
2013-11-13 17:00:00+00:00,30.900002,23.554335,1013.46246,88.63406,18.079033,0.46087337,1012.0633,24.5585,23.1085,23.675303
2013-11-14 17:00:00+00:00,58.2,22.733498,1014.5249,92.50064,24.45495,0.48831463,1013.12054,23.508501,22.0585,27.684914
2013-11-15 17:00:00+00:00,132.4,23.043917,1015.15826,92.574715,17.99745,0.49137458,1013.75446,23.758501,22.1585,20.188908
2013-11-16 17:00:00+00:00,17.100002,23.123083,1015.9375,90.40908,13.907314,0.47819042,1014.5328,24.508501,22.258501,18.998316
2013-11-17 17:00:00+00:00,4.8999996,23.104334,1016.60834,86.61075,13.84589,0.46775624,1015.2027,24.508501,22.008501,21.746504
2013-11-18 17:00:00+00:00,2.6000001,23.083504,1016.45416,82.60143,18.649933,0.46086666,1015.0486,24.508501,22.0585,24.149532
2013-11-19 17:00:00+00:00,16.200003,22.416834,1015.14166,89.893196,14.251934,0.46011838,1013.7348,23.508501,21.7085,18.556595
2013-11-20 17:00:00+00:00,11.9,22.837667,1013.98737,91.864296,13.473809,0.46646085,1012.58417,25.0585,21.6585,16.75064
2013-11-21 17:00:00+00:00,19.899996,23.135584,1013.87085,92.33546,13.481229,0.47402754,1012.4692,25.0585,22.1085,19.296133
2013-11-22 17:00:00+00:00,2.3000002,23.921,1013.1457,91.48749,13.243161,0.4774092,1011.74896,25.9585,22.7085,16.700275
2013-11-23 17:00:00+00:00,1.9,24.356417,1012.64594,89.06875,7.992556,0.4719088,1011.2517,26.7085,22.5585,14.255272
2013-11-24 17:00:00+00:00,36.200005,22.602255,1012.7459,92.581085,12.816941,0.47979835,1011.3432,23.3585,21.8585,20.598795
2013-11-25 17:00:00+00:00,4.8999996,23.171003,1012.81665,90.10791,8.939586,0.48896587,1011.41656,25.258501,21.8085,14.77755
2013-11-26 17:00:00+00:00,5.1000004,23.93142,1014.2834,88.891335,11.634725,0.48578334,1012.8848,26.1585,22.1585,16.394829
2013-11-27 17:00:00+00:00,53.8,21.414751,1018.7959,91.78025,24.891699,0.49306294,1017.3791,22.9585,19.9085,33.857227
2013-11-28 17:00:00+00:00,26.899996,19.760586,1019.89996,89.03338,16.572153,0.49063587,1018.4738,19.9585,19.508501,23.584808
2013-11-29 17:00:00+00:00,10.599998,20.114752,1018.2417,88.6096,11.477592,0.4720634,1016.8195,21.1585,19.2085,15.315873
2013-11-30 17:00:00+00:00,12.099999,20.700167,1019.4334,76.143486,16.290598,0.47280547,1018.0124,21.8085,19.758501,24.798223
2013-12-01 17:00:00+00:00,0.3,20.881418,1018.2834,67.65416,10.083034,0.4646217,1016.8648,21.8585,20.1085,17.533146
2013-12-02 17:00:00+00:00,1.2,20.418919,1016.7209,80.69371,5.8907304,0.45673752,1015.30225,22.1085,18.9585,11.525623
2013-12-03 17:00:00+00:00,13.0,21.014753,1015.925,89.45136,10.791058,0.45455632,1014.5103,22.4085,19.758501,19.376562
2013-12-04 17:00:00+00:00,0.1,21.618917,1014.63763,79.64278,12.715362,0.45639965,1013.2275,23.9585,19.0585,18.733839
2013-12-05 17:00:00+00:00,1.8000001,20.60642,1014.8542,78.63702,12.924072,0.45131087,1013.43915,22.758501,18.4585,23.803596
2013-12-06 17:00:00+00:00,0.0,19.941837,1015.7959,79.32169,5.9501176,0.44621956,1014.3763,23.1585,16.0085,8.404285
2013-12-07 17:00:00+00:00,0.0,19.885584,1014.07495,80.07904,5.2582498,0.44033706,1012.65753,23.6585,15.408501,8.78872
2013-12-08 17:00:00+00:00,0.1,20.168919,1013.6582,84.57173,8.431387,0.4353696,1012.24286,23.2085,16.0085,15.546833
2013-12-09 17:00:00+00:00,0.0,21.350166,1012.78754,79.091255,7.564194,0.4309275,1011.3787,24.1585,19.008501,11.252519
2013-12-10 17:00:00+00:00,1.2,21.11475,1013.4751,87.22184,6.4396873,0.42666456,1012.0642,24.6085,18.1085,13.849476
2013-12-11 17:00:00+00:00,1.9000002,21.764753,1013.0125,91.227264,7.6810813,0.42535052,1011.6055,23.258501,20.6585,14.277983
2013-12-12 17:00:00+00:00,4.3,21.65642,1014.15845,91.46746,11.1604185,0.4244988,1012.7493,23.758501,20.2085,17.148247
2013-12-13 17:00:00+00:00,5.4999995,20.496,1014.6042,88.24981,18.4413,0.4241546,1013.1889,21.5585,19.8585,21.470612
2013-12-14 17:00:00+00:00,9.400001,19.639753,1013.95825,88.69702,19.933914,0.42515048,1012.5398,20.5585,18.6585,24.514387
2013-12-15 17:00:00+00:00,16.4,16.810583,1016.0459,88.28991,22.786402,0.43039465,1014.6106,18.5585,15.408501,25.460936
2013-12-16 17:00:00+00:00,18.999998,15.429334,1017.10004,87.80286,21.153131,0.44285166,1015.65643,16.1585,14.9585,23.688984
2013-12-17 17:00:00+00:00,5.1,16.448084,1018.27496,78.5621,20.217825,0.44564915,1016.8348,17.1585,15.7085,23.762726
2013-12-18 17:00:00+00:00,1.1,16.696003,1019.8626,72.339584,16.640882,0.44452623,1018.4212,17.6085,15.7585,20.532627
2013-12-19 17:00:00+00:00,0.1,17.143919,1020.7458,64.27427,15.327892,0.441992,1019.3056,18.2085,16.258501,19.35314
2013-12-20 17:00:00+00:00,8.299999,17.198084,1021.48755,76.96266,18.225248,0.4400771,1020.0464,17.9585,16.9085,24.216522
2013-12-21 17:00:00+00:00,13.699999,17.212667,1020.96265,87.99972,16.77861,0.44576836,1019.52216,17.8085,16.7085,22.68
2013-12-22 17:00:00+00:00,14.4,17.873085,1019.6875,87.93549,11.99038,0.4530188,1018.2524,18.6085,17.2085,18.1041
2013-12-23 17:00:00+00:00,9.5,18.129335,1020.8,86.91131,17.072176,0.4588109,1019.3645,19.1585,17.3085,20.892412
2013-12-24 17:00:00+00:00,2.5,18.123085,1019.85425,75.834694,15.112545,0.46041456,1018.42017,19.008501,17.258501,21.26744
2013-12-25 17:00:00+00:00,0.3,18.456419,1019.6292,69.852455,15.834843,0.45787466,1018.197,19.9585,17.508501,23.377836
2013-12-26 17:00:00+00:00,3.6999998,17.996,1020.73334,73.22318,12.4003935,0.45657086,1019.2973,18.9085,17.0585,18.947083
2013-12-27 17:00:00+00:00,12.799998,17.104334,1019.45416,85.28947,10.523841,0.45968994,1018.01556,17.7085,16.5585,14.773164
2013-12-28 17:00:00+00:00,9.5,17.452251,1019.6084,86.137535,11.455636,0.46758243,1018.17114,18.3585,16.8085,16.641972
2013-12-29 17:00:00+00:00,6.5999985,17.918919,1020.40405,83.08918,12.352009,0.4715004,1018.96826,18.7085,17.2085,18.1041
2013-12-30 17:00:00+00:00,2.1000001,18.245998,1020.5417,75.52144,12.140339,0.47175622,1019.10724,19.2085,17.6085,17.339897
2013-12-31 17:00:00+00:00,0.0,18.666836,1018.13324,70.41657,5.926876,0.46891797,1016.7041,20.6585,17.6585,10.739832
2014-01-01 17:00:00+00:00,0.0,18.875166,1014.4709,83.06679,9.086087,0.4649254,1013.04767,23.5585,13.2585,14.044615
2014-01-02 17:00:00+00:00,0.7,19.87725,1014.43756,87.71912,7.0646667,0.46062383,1013.01935,24.8085,14.5585,13.1041975
2014-01-03 17:00:00+00:00,1.7000002,20.468918,1017.1458,86.62226,11.340041,0.4591014,1015.72687,21.7085,18.9585,18.345877
2014-01-04 17:00:00+00:00,0.8,20.164751,1015.2292,82.75417,10.495766,0.45742878,1013.81134,22.508501,18.5585,18.486622
2014-01-05 17:00:00+00:00,0.0,20.314753,1013.3001,86.26172,12.231892,0.45412347,1011.88556,24.5585,16.8585,16.595179
2014-01-06 17:00:00+00:00,0.0,21.150167,1012.51263,88.49439,9.448309,0.45000967,1011.10297,26.3085,15.9585,15.226764
2014-01-07 17:00:00+00:00,0.0,21.541832,1015.0667,90.90902,6.4258313,0.44639838,1013.6557,24.3085,19.7085,10.009036
2014-01-08 17:00:00+00:00,7.5,20.698084,1017.82104,90.750824,13.251694,0.4460812,1016.4021,22.6585,19.6585,21.434364
2014-01-09 17:00:00+00:00,7.5,20.650167,1018.8459,88.56568,16.415392,0.45523214,1017.4255,22.3085,19.4085,22.3229
2014-01-10 17:00:00+00:00,2.8999999,20.83975,1019.0708,87.43213,13.971175,0.45765588,1017.65106,22.3585,19.4585,18.998314
2014-01-11 17:00:00+00:00,4.2,20.633501,1020.0168,86.674995,12.509346,0.45834413,1018.59467,22.508501,18.9585,18.278645
2014-01-12 17:00:00+00:00,24.000002,18.123085,1020.32086,90.578606,19.588884,0.46874,1018.8859,19.3085,16.508501,27.36947
2014-01-13 17:00:00+00:00,8.300001,16.281416,1021.9458,80.98269,22.775772,0.47883916,1020.49945,17.008501,15.8085,26.437336
2014-01-14 17:00:00+00:00,0.2,17.143919,1021.88745,70.697334,10.646869,0.47761413,1020.4456,18.8585,15.7085,16.299694
2014-01-15 17:00:00+00:00,2.8999999,17.735586,1020.85834,84.795555,5.3497925,0.47589418,1019.4207,19.0585,15.6085005,10.538843
2014-01-16 17:00:00+00:00,4.4,18.437668,1021.2,85.30413,12.738847,0.47655454,1019.76556,20.6585,16.6085,21.24305
2014-01-17 17:00:00+00:00,0.1,18.712667,1023.75006,69.55894,15.939042,0.47565374,1022.3133,20.2085,17.3085,20.519999
2014-01-18 17:00:00+00:00,3.9,17.941832,1022.20416,80.1831,9.055516,0.4741316,1020.76587,19.9585,15.158501,18.0
2014-01-19 17:00:00+00:00,3.3999996,18.464754,1021.72076,80.53515,13.671975,0.47522545,1020.2858,20.508501,16.9085,21.626984
2014-01-20 17:00:00+00:00,0.0,18.18767,1023.11255,60.96729,21.80261,0.47287214,1021.674,19.508501,16.508501,26.758923
2014-01-21 17:00:00+00:00,1.4000001,17.264751,1022.8042,63.368866,12.608681,0.46948805,1021.3616,19.4085,14.7085,17.595861
2014-01-22 17:00:00+00:00,0.0,17.450169,1020.2124,67.7841,7.442864,0.46576795,1018.7744,19.8085,14.408501,13.627795
2014-01-23 17:00:00+00:00,0.0,17.964752,1015.2292,81.467674,11.712224,0.46200383,1013.8006,22.6085,12.658501,19.469976
2014-01-24 17:00:00+00:00,0.0,18.510588,1014.7041,86.72803,7.5030246,0.45767534,1013.2789,23.5585,12.8585005,11.966954
2014-01-25 17:00:00+00:00,0.6,19.487667,1017.5708,88.78246,5.5135856,0.45447585,1016.1463,22.2085,16.4085,10.703569
2014-01-26 17:00:00+00:00,3.1000001,19.56475,1018.1375,87.91274,7.7735677,0.454383,1016.7127,22.3585,17.258501,12.758432
2014-01-27 17:00:00+00:00,0.1,20.175167,1016.8625,87.44018,10.816174,0.45224664,1015.4423,22.8585,17.6585,18.72346
2014-01-28 17:00:00+00:00,0.4,20.302256,1017.71246,84.52725,11.526814,0.44908246,1016.2918,22.758501,18.4085,19.13426
2014-01-29 17:00:00+00:00,0.0,19.481417,1018.3499,84.05538,6.793173,0.4456071,1016.92456,22.9585,16.0085,10.636766
2014-01-30 17:00:00+00:00,0.0,20.062668,1016.99567,85.39794,8.535846,0.44197217,1015.575,23.1585,17.6085,15.281989
2014-01-31 17:00:00+00:00,0.0,19.754333,1013.7249,88.52387,8.113535,0.43807498,1012.3073,24.0585,16.0585,13.797912
2014-02-01 17:00:00+00:00,0.0,19.72517,1010.54584,90.23426,8.431755,0.43417582,1009.1324,24.758501,15.408501,15.546833
2014-02-02 17:00:00+00:00,0.0,20.656418,1009.325,91.72274,7.3118796,0.43056798,1007.9177,24.4085,17.508501,13.661038
2014-02-03 17:00:00+00:00,0.0,21.446005,1009.875,89.75244,10.305457,0.42738044,1008.47076,24.508501,19.4585,15.542662
2014-02-04 17:00:00+00:00,0.0,22.535583,1008.87933,89.197975,12.41515,0.42417762,1007.48145,25.9585,19.9585,16.203999
2014-02-05 17:00:00+00:00,0.0,23.052248,1008.03754,90.4764,8.711242,0.42065048,1006.64355,27.008501,19.758501,15.937878
2014-02-06 17:00:00+00:00,0.0,23.298082,1007.4917,89.93777,8.404308,0.41694626,1006.09937,27.758501,18.758501,16.263872
2014-02-07 17:00:00+00:00,0.0,23.335587,1006.81665,88.94892,7.9518104,0.41327286,1005.4256,27.9585,18.8585,15.192682
2014-02-08 17:00:00+00:00,0.0,23.37725,1007.26245,85.14529,6.830721,0.40947044,1005.8709,29.4085,18.4085,12.864649
2014-02-09 17:00:00+00:00,9.2,19.162664,1014.01263,87.839874,19.077917,0.41030955,1012.59155,21.1585,17.7085,22.657131
2014-02-10 17:00:00+00:00,4.7999997,17.662666,1015.8542,84.43499,14.108613,0.41308126,1014.42334,18.1085,17.2085,17.414476
2014-02-11 17:00:00+00:00,0.1,18.564749,1014.3542,83.93902,8.510517,0.41319165,1012.92993,20.4585,17.3585,14.336861
2014-02-12 17:00:00+00:00,6.499999,18.010586,1018.34174,85.377846,16.940893,0.41423586,1016.9091,18.9585,16.9085,22.782625
2014-02-13 17:00:00+00:00,2.7,17.27725,1019.62506,80.986206,12.974183,0.41593167,1018.187,18.3585,16.7085,19.083395
2014-02-14 17:00:00+00:00,0.0,18.789751,1016.67914,82.8675,5.5000644,0.4143996,1015.2526,21.4585,16.4085,10.308831
2014-02-15 17:00:00+00:00,0.0,20.664751,1015.0374,87.23229,7.0274568,0.41157618,1013.62225,24.5585,17.5585,12.24
2014-02-16 17:00:00+00:00,0.0,22.196,1014.32513,90.12487,8.862052,0.40815005,1012.91815,26.4585,18.7085,15.941944
2014-02-17 17:00:00+00:00,1.6,22.806417,1013.1042,91.26644,9.196494,0.40463838,1011.7019,26.9085,19.3585,27.103
2014-02-18 17:00:00+00:00,7.5,16.302252,1020.60004,81.02378,24.90635,0.40587214,1019.1556,18.1585,15.4585,31.765793
2014-02-19 17:00:00+00:00,2.2,16.379335,1021.8667,79.234764,12.321202,0.4063975,1020.4211,17.7085,15.2085,18.374111
2014-02-20 17:00:00+00:00,6.7,18.279333,1019.675,87.92419,5.405699,0.4103625,1018.2419,21.2085,16.3585,11.631956
2014-02-21 17:00:00+00:00,0.0,20.879335,1017.1709,87.97183,10.6436205,0.40972045,1015.75366,23.9585,18.1085,16.87398
2014-02-22 17:00:00+00:00,0.0,21.535585,1017.33325,86.23292,17.433455,0.4069642,1015.9192,24.3085,19.8085,21.791153
2014-02-23 17:00:00+00:00,0.0,21.496,1016.0457,85.72281,16.344904,0.40326545,1014.63324,24.8585,19.5585,21.602999
2014-02-24 17:00:00+00:00,0.0,21.68975,1014.7166,88.34836,10.432945,0.39961624,1013.30707,25.7085,18.758501,15.876775
2014-02-25 17:00:00+00:00,0.0,21.741835,1015.37915,90.55961,9.843179,0.39646256,1013.9688,25.1585,19.4585,14.973577
2014-02-26 17:00:00+00:00,0.0,22.114752,1015.2666,89.6849,13.4716215,0.39367664,1013.8581,25.3085,20.4585,17.935081
2014-02-27 17:00:00+00:00,0.0,22.764755,1012.854,88.81082,11.74173,0.39060298,1011.4521,26.508501,19.508501,16.87398
2014-02-28 17:00:00+00:00,0.0,24.029337,1010.81244,87.17054,9.325667,0.38697627,1009.4191,29.258501,19.258501,17.373497
2014-03-01 17:00:00+00:00,0.0,23.535583,1010.37915,91.33004,6.3686223,0.38334504,1008.98413,27.8085,20.008501,13.363711
2014-03-02 17:00:00+00:00,0.0,22.979334,1011.7708,92.524506,8.083682,0.3805491,1010.37134,26.1585,20.9085,13.854155
2014-03-03 17:00:00+00:00,0.0,23.225168,1013.3416,91.914116,7.418671,0.3779879,1011.9409,26.3085,20.5585,13.281023
2014-03-04 17:00:00+00:00,1.5000001,22.925169,1014.5916,92.06637,12.357613,0.3769079,1013.188,25.0585,21.7085,17.377226
2014-03-05 17:00:00+00:00,0.0,23.57725,1012.46655,90.624855,10.949937,0.3756871,1011.06885,26.7085,21.1585,14.512064
2014-03-06 17:00:00+00:00,0.0,23.687668,1013.44586,91.37702,12.582527,0.37338126,1012.0471,26.9585,21.258501,18.359999
2014-03-07 17:00:00+00:00,0.0,24.021002,1013.2874,91.177124,9.567628,0.37120458,1011.8908,27.7085,21.6085,14.05845
2014-03-08 17:00:00+00:00,3.5,23.004335,1014.93756,93.21695,8.377974,0.37000957,1013.5337,25.008501,20.6085,15.379206
2014-03-09 17:00:00+00:00,2.8999994,20.787668,1016.99164,89.84418,13.361505,0.37176833,1015.5744,22.1585,19.758501,15.072783
2014-03-10 17:00:00+00:00,0.1,22.510584,1015.77094,87.41821,8.4955015,0.37076458,1014.3635,25.6585,20.258501,14.799459
2014-03-11 17:00:00+00:00,0.0,24.406418,1011.7043,89.88608,9.588626,0.36772457,1010.3113,28.8085,20.258501,15.905319
2014-03-12 17:00:00+00:00,0.3,24.587667,1012.00006,91.173065,6.626175,0.36486503,1010.6077,29.1085,21.008501,15.379206
2014-03-13 17:00:00+00:00,10.1,22.991835,1016.26245,93.68629,9.414435,0.36545292,1014.8569,25.9585,20.508501,15.379206
2014-03-14 17:00:00+00:00,3.9999998,20.954334,1017.9709,90.61441,11.372433,0.37240377,1016.5532,22.3085,19.758501,16.992609
2014-03-15 17:00:00+00:00,1.6000001,22.677252,1017.52924,90.1995,10.237157,0.3726188,1016.1202,25.6085,20.7085,17.551615
2014-03-16 17:00:00+00:00,0.0,23.21267,1015.9666,89.306786,10.433883,0.37108293,1014.56244,25.9085,21.3085,16.09969
2014-03-17 17:00:00+00:00,0.0,23.948082,1013.21674,89.982185,10.339189,0.36810043,1011.8198,27.3585,21.8085,15.111424
2014-03-18 17:00:00+00:00,0.0,24.57725,1010.1333,90.97483,8.736963,0.36478424,1008.7436,28.4085,21.5585,15.815435
2014-03-19 17:00:00+00:00,0.0,24.93558,1010.56244,91.65802,8.438122,0.36186206,1009.17365,29.2085,21.7085,16.167967
2014-03-20 17:00:00+00:00,20.600002,21.393919,1014.28754,94.03162,15.459771,0.3683525,1012.8769,23.3585,19.9085,24.162947
2014-03-21 17:00:00+00:00,14.7,21.783503,1015.40015,92.32731,14.744686,0.38898587,1013.98975,24.2085,20.1585,22.253124
2014-03-22 17:00:00+00:00,5.8,21.923082,1017.0207,91.41682,14.306584,0.4069321,1015.6089,23.8585,20.8585,16.563911
2014-03-23 17:00:00+00:00,1.4000002,22.58767,1015.65826,88.35501,15.110581,0.40957963,1014.2515,24.758501,21.1085,17.992796
2014-03-24 17:00:00+00:00,0.0,23.143919,1013.22076,88.94003,12.697269,0.40733048,1011.82007,25.9085,21.3085,16.965895
2014-03-25 17:00:00+00:00,0.0,23.26475,1012.0749,88.88912,10.566677,0.40376505,1010.67633,26.3085,21.508501,14.48972
2014-03-26 17:00:00+00:00,0.0,23.741835,1010.3,90.268166,8.946652,0.40003172,1008.90594,27.5585,20.7085,14.618837
2014-03-27 17:00:00+00:00,0.0,26.023085,1008.22095,89.514,9.4493475,0.3958316,1006.84015,30.0585,22.3085,17.163355
2014-03-28 17:00:00+00:00,0.0,27.441833,1007.55835,82.77862,7.952885,0.391282,1006.18506,32.7085,22.6585,15.141414
2014-03-29 17:00:00+00:00,0.0,27.523087,1006.6167,84.52606,7.993105,0.3866713,1005.2453,31.758501,22.508501,14.05845
2014-03-30 17:00:00+00:00,0.0,28.441833,1005.5041,79.29412,7.274037,0.38172713,1004.1382,34.2085,23.4585,13.358861
2014-03-31 17:00:00+00:00,0.0,26.158503,1006.73755,88.219666,7.5437303,0.37693205,1005.3597,30.0585,22.9085,15.827721
2014-04-01 17:00:00+00:00,0.0,25.6085,1008.64996,90.54993,8.861906,0.3737763,1007.2671,28.508501,23.9585,13.698934
2014-04-02 17:00:00+00:00,0.1,25.760588,1010.0583,91.054085,5.813953,0.37097177,1008.6741,29.7085,23.258501,12.55879
2014-04-03 17:00:00+00:00,6.9999995,23.875168,1013.4292,94.339195,7.622709,0.37306336,1012.03174,24.6085,22.8085,12.538134
2014-04-04 17:00:00+00:00,1.3,24.243917,1012.91675,89.86324,7.009848,0.37637416,1011.5215,27.008501,22.6585,12.7279215
2014-04-05 17:00:00+00:00,1.7,24.868917,1012.4541,90.00315,6.3184304,0.37536547,1011.0625,28.6585,22.3085,13.608762
2014-04-06 17:00:00+00:00,0.0,25.1835,1012.1209,89.54077,6.3242517,0.37369964,1010.73126,28.0585,23.1085,11.91812
2014-04-07 17:00:00+00:00,0.3,25.110588,1011.2917,90.45898,5.41861,0.37175074,1009.90283,29.0585,22.6085,14.618837
2014-04-08 17:00:00+00:00,0.3,25.637667,1010.59174,89.653175,6.8066163,0.36992535,1009.20624,29.3585,22.4585,13.237039
2014-04-09 17:00:00+00:00,0.0,26.141832,1010.0334,88.525276,9.110822,0.36702132,1008.6508,29.8085,22.7085,14.618837
2014-04-10 17:00:00+00:00,0.4,26.204336,1009.56665,87.359245,7.6485677,0.3636967,1008.1851,30.0585,22.9585,15.137133
2014-04-11 17:00:00+00:00,0.0,26.564749,1008.8167,84.79864,8.259971,0.36079168,1007.4378,30.6585,22.508501,18.228943
2014-04-12 17:00:00+00:00,0.0,26.456419,1010.0791,88.14446,8.738017,0.35708126,1008.6982,30.0585,23.758501,13.138765
2014-04-13 17:00:00+00:00,0.0,26.227251,1011.30005,88.893616,7.811484,0.3538849,1009.91626,29.508501,23.9085,14.618837
2014-04-14 17:00:00+00:00,0.0,26.383497,1011.1833,86.15171,11.22532,0.35060334,1009.80054,29.7085,23.9085,17.28
2014-04-15 17:00:00+00:00,0.70000005,26.466833,1009.27094,85.657196,10.477491,0.34752795,1007.89087,30.3585,22.8585,16.954432
2014-04-16 17:00:00+00:00,0.1,26.941833,1008.38763,83.86191,10.034846,0.34474802,1007.0109,30.6585,22.758501,16.039202
2014-04-17 17:00:00+00:00,0.0,27.091835,1009.1167,85.41535,10.120657,0.34168038,1007.7398,31.008501,23.5585,18.0036
2014-04-18 17:00:00+00:00,0.1,27.614752,1008.05835,83.48339,10.320942,0.33863544,1006.6853,31.8585,23.4085,18.014393
2014-04-19 17:00:00+00:00,0.0,27.473082,1008.1501,85.82236,10.280857,0.33571497,1006.7763,30.9085,24.258501,18.345877
2014-04-20 17:00:00+00:00,0.0,27.73142,1008.675,84.39533,9.878155,0.3328458,1007.3016,31.5585,24.0585,16.65754
2014-04-21 17:00:00+00:00,0.4,28.03142,1009.40424,84.75001,9.0928545,0.32985875,1008.03125,31.8585,24.3085,16.65754
2014-04-22 17:00:00+00:00,0.0,28.277252,1008.18335,84.20132,9.228846,0.32765087,1006.8132,31.8585,24.508501,18.014393
2014-04-23 17:00:00+00:00,0.0,28.914751,1006.66656,79.38133,9.426534,0.32477537,1005.30145,32.9585,24.9085,18.25026
2014-04-24 17:00:00+00:00,0.0,29.185583,1007.70404,79.18108,8.90619,0.32157084,1006.3388,33.4585,25.2085,17.414476
2014-04-25 17:00:00+00:00,0.3,28.421,1008.57074,82.28205,9.193677,0.31919757,1007.20087,32.5085,25.2085,16.203999
2014-04-26 17:00:00+00:00,0.2,27.133501,1010.25006,85.91003,10.580358,0.3170588,1008.87177,31.258501,24.9585,18.514643
2014-04-27 17:00:00+00:00,4.9000006,25.53766,1011.75,91.343994,9.967285,0.3194084,1010.3626,27.6585,24.3085,16.29174
2014-04-28 17:00:00+00:00,2.5,25.248085,1011.07513,91.939606,6.310946,0.3239204,1009.687,27.4585,23.9585,13.276144
2014-04-29 17:00:00+00:00,9.9,25.185585,1009.5,93.17834,5.277945,0.32981208,1008.11395,27.4585,23.7085,11.304229
2014-04-30 17:00:00+00:00,2.0000002,25.410583,1010.0,92.26411,5.537607,0.33617663,1008.61426,28.0585,23.7085,13.854155
2014-05-01 17:00:00+00:00,3.4,25.36267,1011.67487,90.59672,5.71563,0.33854333,1010.28687,27.258501,24.1585,12.7279215
2014-05-02 17:00:00+00:00,2.0,25.941833,1011.48737,86.54946,4.2703433,0.33850417,1010.10223,28.508501,24.0585,10.799999
2014-05-03 17:00:00+00:00,4.2,26.135584,1009.92914,89.467476,5.236466,0.33884504,1008.5469,29.758501,23.4585,10.587917
2014-05-04 17:00:00+00:00,11.1,25.11892,1011.45416,89.55782,12.241771,0.34145293,1010.06525,29.1085,23.258501,23.532547
2014-05-05 17:00:00+00:00,7.999999,24.993917,1013.2124,87.573494,12.590694,0.34878585,1011.8205,26.758501,23.8085,15.978484
2014-05-06 17:00:00+00:00,0.0,25.700167,1011.52924,87.83027,8.375474,0.34839794,1010.14264,28.508501,24.008501,15.137133
2014-05-07 17:00:00+00:00,5.5,26.448084,1009.13745,89.57303,6.194411,0.34913877,1007.7576,29.4085,23.3585,10.538843
2014-05-08 17:00:00+00:00,0.0,28.258497,1006.5083,76.74093,6.3301663,0.34764668,1005.1404,33.108498,23.9585,8.714677
2014-05-09 17:00:00+00:00,0.0,29.462667,1005.20404,68.73364,7.8202205,0.34236214,1003.8433,34.0085,25.508501,11.885453
2014-05-10 17:00:00+00:00,0.0,30.620996,1005.51666,62.76209,10.729259,0.33639827,1004.1607,34.158497,27.258501,16.323528
2014-05-11 17:00:00+00:00,3.1,29.21475,1006.7082,75.43903,5.489945,0.33216456,1005.3445,33.8085,26.0585,12.413476
2014-05-12 17:00:00+00:00,2.0,29.373083,1005.41675,76.01406,7.0560727,0.33025292,1004.05524,34.4585,25.4585,15.580141
2014-05-13 17:00:00+00:00,0.0,30.177252,1003.81256,68.11916,9.461432,0.32640752,1002.45685,34.358498,26.8085,12.031756
2014-05-14 17:00:00+00:00,0.2,30.775164,1002.825,65.55221,8.482484,0.32157207,1001.4732,35.408497,27.6585,12.397806
2014-05-15 17:00:00+00:00,0.6,29.946,1005.0041,76.02563,5.59957,0.31730837,1003.6458,33.5585,26.5585,9.659814
2014-05-16 17:00:00+00:00,1.5,29.698084,1006.15826,76.39969,6.9325185,0.31402633,1004.7972,34.5085,26.1085,12.371645
2014-05-17 17:00:00+00:00,0.0,30.127253,1006.80414,71.95399,6.7242255,0.31148756,1005.44415,34.858498,26.258501,12.496719
2014-05-18 17:00:00+00:00,0.0,30.483498,1007.4124,70.38734,7.746696,0.30801257,1006.0534,34.9585,27.1085,16.327497
2014-05-19 17:00:00+00:00,0.9,30.483496,1006.51245,70.24346,7.5980544,0.30501786,1005.15454,35.408497,26.5585,14.186923
2014-05-20 17:00:00+00:00,0.0,30.946,1004.97076,65.6252,7.9141426,0.30226466,1003.61694,35.8085,26.7085,15.072783
2014-05-21 17:00:00+00:00,0.0,31.666832,1003.55005,60.010937,8.242423,0.29914123,1002.2011,36.7585,27.758501,12.24
2014-05-22 17:00:00+00:00,0.2,31.793915,1005.3999,58.18253,8.100664,0.29618415,1004.0494,36.608498,28.4585,13.551501
2014-05-23 17:00:00+00:00,0.2,30.723082,1007.7375,66.794945,8.166532,0.29379797,1006.3789,35.2085,26.8585,15.119999
2014-05-24 17:00:00+00:00,0.0,30.562662,1008.7834,71.590034,8.227181,0.29215217,1007.42267,34.858498,26.6085,16.039202
2014-05-25 17:00:00+00:00,0.0,29.921003,1008.94586,75.876724,8.265092,0.29084334,1007.58203,33.408497,26.508501,17.399586
2014-05-26 17:00:00+00:00,1.7,29.802248,1007.7209,74.42948,6.8746815,0.29042926,1006.35834,34.108498,25.8085,15.941944
2014-05-27 17:00:00+00:00,0.0,30.731415,1006.8667,68.25396,7.6107297,0.2896146,1005.50934,35.5085,26.4085,13.608762
2014-05-28 17:00:00+00:00,0.0,31.266832,1005.6792,64.22248,7.395473,0.28758207,1004.32587,36.108498,27.7085,11.304229
2014-05-29 17:00:00+00:00,0.9,31.054329,1004.90826,66.47986,7.492087,0.2864558,1003.5551,35.858498,26.9585,17.782688
2014-05-30 17:00:00+00:00,0.0,30.99392,1005.50824,67.34986,5.9949245,0.2850638,1004.15405,35.0085,27.4085,10.1887
2014-05-31 17:00:00+00:00,0.2,30.927248,1006.03754,68.353745,7.451096,0.2836775,1004.6822,35.2585,27.1585,16.575644
2014-06-01 17:00:00+00:00,0.0,31.31475,1004.84186,64.217514,7.872959,0.2822396,1003.48956,36.358498,27.7085,12.10157
2014-06-02 17:00:00+00:00,0.2,31.495996,1002.7541,63.335037,8.4602785,0.28078339,1001.40576,36.0085,27.8585,13.363711
2014-06-03 17:00:00+00:00,0.0,31.754335,1002.1624,62.798275,7.4956794,0.2797317,1000.816,36.158497,28.1585,13.276144
2014-06-04 17:00:00+00:00,0.0,32.00225,1001.9167,59.81465,6.4910884,0.27865592,1000.5716,36.158497,28.258501,13.684735
2014-06-05 17:00:00+00:00,0.2,31.79808,1002.35846,59.700825,6.518909,0.27750167,1001.0118,36.4585,28.2085,12.979984
2014-06-06 17:00:00+00:00,0.3,31.375168,1002.68335,58.550076,8.393528,0.2767175,1001.3345,35.4585,28.758501,16.58346
2014-06-07 17:00:00+00:00,0.0,31.229332,1002.3584,59.72347,12.3752985,0.27638212,1001.0093,35.158497,28.4085,21.218632
2014-06-08 17:00:00+00:00,0.1,31.139753,1001.43335,58.997646,17.111956,0.27610287,1000.08514,34.358498,28.7085,26.64
2014-06-09 17:00:00+00:00,0.3,30.093918,1000.3918,65.70545,25.901033,0.27576703,999.0403,32.9585,28.2085,34.04808
2014-06-10 17:00:00+00:00,2.5,28.881416,1000.45416,71.225044,19.416779,0.27672663,999.09735,30.6585,27.258501,27.908709
2014-06-11 17:00:00+00:00,18.900002,27.012665,1000.69574,82.42803,7.841913,0.28995964,999.33014,28.3085,25.6585,11.592895
2014-06-12 17:00:00+00:00,16.300001,26.93975,1002.11676,87.03652,5.210689,0.30806625,1000.7488,28.8085,25.4085,10.990322
2014-06-13 17:00:00+00:00,0.4,27.875168,1004.63745,81.57984,3.8178425,0.31349662,1003.27045,31.1085,25.6585,5.3517847
2014-06-14 17:00:00+00:00,0.0,29.06475,1004.06665,72.72204,6.082781,0.31025916,1002.7056,33.0085,25.4585,11.631956
2014-06-15 17:00:00+00:00,0.0,30.016832,1002.87085,66.66926,11.27875,0.30544075,1001.5157,33.5085,26.9585,18.837322
2014-06-16 17:00:00+00:00,0.3,30.562668,1003.8708,63.87265,8.370511,0.30049124,1002.51666,34.7585,27.9085,11.525623
2014-06-17 17:00:00+00:00,0.0,30.098082,1004.60834,64.12046,11.890992,0.29619208,1003.2513,33.3085,27.8085,17.283749
2014-06-18 17:00:00+00:00,0.0,30.67308,1003.5874,59.982098,17.075085,0.29196087,1002.23444,34.7585,28.4085,24.821732
2014-06-19 17:00:00+00:00,0.0,30.654333,1002.7624,60.88947,21.15627,0.28851584,1001.41034,33.3085,28.6085,28.185953
2014-06-20 17:00:00+00:00,0.0,30.518915,1003.1543,61.18898,28.957087,0.28574458,1001.8008,34.0585,27.758501,36.26006
2014-06-21 17:00:00+00:00,0.6,29.158493,1003.98334,65.27494,23.724396,0.28358415,1002.623,32.608498,27.4585,30.449274
2014-06-22 17:00:00+00:00,9.5,27.727247,1003.1458,72.92547,14.036549,0.28767332,1001.77997,30.8085,25.1585,22.870626
2014-06-23 17:00:00+00:00,0.2,29.57933,1002.63745,63.47581,8.651609,0.28676334,1001.28094,33.0085,27.0585,12.074766
2014-06-24 17:00:00+00:00,0.0,30.827242,1004.22925,58.904003,9.092558,0.2837179,1002.8758,35.2085,27.7085,13.783817
2014-06-25 17:00:00+00:00,0.0,29.735586,1006.0002,60.292435,22.14551,0.28094798,1004.63947,33.5585,27.6085,31.765793
2014-06-26 17:00:00+00:00,0.0,31.18975,1004.7791,57.404385,21.888563,0.27884164,1003.42676,35.7585,28.1585,29.548521
2014-06-27 17:00:00+00:00,2.3999999,30.829336,1003.02496,62.379093,15.678941,0.27797925,1001.6734,35.858498,28.4585,21.413193
2014-06-28 17:00:00+00:00,0.4,29.114746,1003.21246,67.76574,9.077058,0.27839878,1001.85297,31.4585,27.008501,14.77755
2014-06-29 17:00:00+00:00,2.8999996,28.077248,1004.41675,74.09453,6.1833653,0.279455,1003.0507,30.8585,25.6585,12.9249525
2014-06-30 17:00:00+00:00,0.1,29.95225,1006.3416,62.39139,11.552409,0.27850756,1004.9815,33.908497,26.7085,18.919704
2014-07-01 17:00:00+00:00,0.0,31.3085,1005.67505,56.990536,5.948757,0.27628833,1004.3218,36.108498,27.258501,10.195057
2014-07-02 17:00:00+00:00,0.0,31.70225,1003.24994,57.413036,9.44797,0.27438295,1001.9017,36.5085,27.9085,15.646544
2014-07-03 17:00:00+00:00,0.1,32.0085,1002.4875,57.56108,7.605192,0.2733046,1001.14166,37.0085,28.258501,13.009903
2014-07-04 17:00:00+00:00,0.5,31.754333,1003.075,60.82069,10.081695,0.27227417,1001.72736,36.358498,28.3085,16.263872
2014-07-05 17:00:00+00:00,0.2,31.552252,1003.5083,59.383167,14.662547,0.27159625,1002.1592,36.5585,28.1585,22.553934
2014-07-06 17:00:00+00:00,0.0,31.150162,1002.23346,59.514828,15.30598,0.27091837,1000.8841,35.158497,28.7085,24.472057
2014-07-07 17:00:00+00:00,0.8,30.989748,1000.94165,60.011776,13.406426,0.27031916,999.5935,35.358498,28.1585,19.770523
2014-07-08 17:00:00+00:00,1.1,30.731415,1002.0,59.622227,11.2159815,0.27002788,1000.64935,34.5585,27.9585,15.986593
2014-07-09 17:00:00+00:00,0.0,29.966835,1003.25415,61.248074,17.033476,0.26950592,1001.8982,33.908497,27.9085,26.474077
2014-07-10 17:00:00+00:00,0.0,30.466833,1003.7917,59.43069,14.247864,0.2693629,1002.4373,34.0585,28.3585,23.686249
2014-07-11 17:00:00+00:00,0.70000005,30.21058,1004.5877,62.219196,7.1917415,0.26922283,1003.2308,34.5585,27.8085,15.7908325
2014-07-12 17:00:00+00:00,0.7,29.76683,1005.43744,70.01404,7.536245,0.2691883,1004.0778,33.658497,27.008501,15.5843
2014-07-13 17:00:00+00:00,0.5,29.370996,1006.3916,72.07542,6.6785583,0.26962626,1005.0288,33.108498,26.508501,14.561099
2014-07-14 17:00:00+00:00,3.0000002,29.600166,1007.2917,65.53235,6.994537,0.27023837,1005.92865,33.7085,26.258501,11.542478
2014-07-15 17:00:00+00:00,2.0,30.031418,1006.19586,62.01594,10.890656,0.26999924,1004.8362,34.0085,26.6585,18.86139
2014-07-16 17:00:00+00:00,0.0,30.60225,1002.97504,60.12181,13.01683,0.26910123,1001.6224,34.858498,27.758501,16.92383
2014-07-17 17:00:00+00:00,7.5,28.383501,1001.1374,70.38664,22.374062,0.26950672,999.7775,31.1585,26.1585,28.551426
2014-07-18 17:00:00+00:00,2.8999999,27.416834,1002.6541,71.654884,20.360039,0.2764629,1001.2878,29.5585,26.3085,28.357855
2014-07-19 17:00:00+00:00,2.3000002,26.962667,1005.96686,70.75566,14.932953,0.278545,1004.59357,28.4585,25.1585,22.90743
2014-07-20 17:00:00+00:00,1.3,29.204336,1005.075,64.97712,12.299381,0.2771771,1003.7133,33.158497,26.9085,17.31746
2014-07-21 17:00:00+00:00,8.1,28.410582,1004.23346,71.54125,10.730584,0.27732292,1002.8693,31.7085,25.8085,19.13426
2014-07-22 17:00:00+00:00,0.0,28.150164,1003.35425,73.714935,10.476146,0.2804334,1001.99,31.008501,25.3585,14.869351
2014-07-23 17:00:00+00:00,0.0,29.033499,1003.21265,66.169685,18.342348,0.27741504,1001.85254,32.7585,26.8585,27.748037
2014-07-24 17:00:00+00:00,0.3,30.256416,1004.68744,62.031796,13.263184,0.27432206,1003.33105,34.3085,27.4085,21.26744
2014-07-25 17:00:00+00:00,0.70000005,29.706415,1006.6499,64.61474,8.605462,0.27254298,1005.2884,33.2085,27.5585,13.896187
2014-07-26 17:00:00+00:00,5.899999,27.896002,1007.10834,74.270226,9.257998,0.27380294,1005.7381,29.5585,26.1085,15.546833
2014-07-27 17:00:00+00:00,1.5,27.887663,1005.22504,71.682625,11.928894,0.2760867,1003.85724,32.5085,25.758501,16.73516
2014-07-28 17:00:00+00:00,0.1,28.435585,1004.25,68.22191,10.415065,0.27475956,1002.886,32.5085,26.258501,17.227419
2014-07-29 17:00:00+00:00,0.3,28.135582,1004.6958,73.92548,6.8163686,0.27373,1003.3299,31.508501,25.8085,10.948973
2014-07-30 17:00:00+00:00,0.5,28.98767,1004.14594,70.70374,8.386857,0.2726771,1002.78436,32.358498,26.258501,13.358861
2014-07-31 17:00:00+00:00,0.0,29.525167,1002.37494,67.165,16.895555,0.27146086,1001.0185,33.3085,27.008501,24.280659
2014-08-01 17:00:00+00:00,0.0,30.091833,1002.3291,64.11167,22.044184,0.2701517,1000.9751,34.7585,27.3585,27.475807
2014-08-02 17:00:00+00:00,0.0,29.641832,1002.6416,62.76447,24.584282,0.2690088,1001.28516,33.3085,27.6085,30.926493
2014-08-03 17:00:00+00:00,1.6000001,28.927248,1002.3123,64.74865,23.116255,0.26885667,1000.9534,33.158497,27.5585,29.940662
2014-08-04 17:00:00+00:00,13.500001,26.791838,1003.1042,76.89969,16.639425,0.27674043,1001.7343,28.758501,25.3085,27.729347
2014-08-05 17:00:00+00:00,1.2,28.310585,1003.8042,67.08634,13.065305,0.28135172,1002.4402,31.4585,26.1585,20.08916
2014-08-06 17:00:00+00:00,0.0,28.427254,1004.35406,64.36272,18.16545,0.27959254,1002.99005,30.508501,27.1585,22.553934
2014-08-07 17:00:00+00:00,0.0,29.100168,1004.5876,62.171646,18.795277,0.27735963,1003.226,31.758501,27.508501,23.773632
2014-08-08 17:00:00+00:00,0.0,28.968916,1005.95844,62.35145,22.382048,0.2748709,1004.5943,32.408497,27.7085,27.534704
2014-08-09 17:00:00+00:00,0.0,29.964746,1006.03766,61.154877,20.529646,0.27296957,1004.6779,33.658497,27.5585,27.971327
2014-08-10 17:00:00+00:00,0.0,30.864746,1003.89996,58.17191,21.942314,0.27089837,1002.54736,35.2085,28.1085,29.795301
2014-08-11 17:00:00+00:00,0.0,31.110582,1002.3459,57.64107,22.466164,0.26962966,1000.9964,34.9585,28.508501,29.574827
2014-08-12 17:00:00+00:00,0.0,30.395998,1003.7749,59.70561,16.977858,0.26890925,1002.4205,33.5085,28.4585,25.277023
2014-08-13 17:00:00+00:00,1.1,30.387665,1007.7459,61.03361,6.5786214,0.2684863,1006.3859,34.2085,27.3585,10.703569
2014-08-14 17:00:00+00:00,0.1,30.083498,1009.59174,67.03274,6.6500335,0.26776543,1008.2277,34.408497,26.258501,14.05845
2014-08-15 17:00:00+00:00,0.2,30.631416,1008.23755,62.007675,5.437805,0.26710132,1006.87775,35.7085,26.258501,9.726665
2014-08-16 17:00:00+00:00,0.0,31.439749,1006.64996,57.878414,7.443697,0.26687077,1005.29614,36.608498,27.1085,12.429127
2014-08-17 17:00:00+00:00,0.0,31.733498,1007.3289,56.985813,8.519113,0.2663879,1005.9756,36.7085,28.0585,13.830749
2014-08-18 17:00:00+00:00,0.0,32.195995,1007.5793,54.19652,9.521498,0.2655821,1006.22736,37.0585,28.6585,14.512064
2014-08-19 17:00:00+00:00,7.4000006,29.654335,1008.5291,67.81446,6.856481,0.2671512,1007.16473,35.0585,26.8585,11.304229
2014-08-20 17:00:00+00:00,0.1,29.060585,1008.9292,72.57388,6.892034,0.26996002,1007.5615,32.408497,26.4585,14.494192
2014-08-21 17:00:00+00:00,0.8,29.862665,1008.9875,69.87464,7.3939414,0.26875833,1007.6233,34.5585,25.9585,14.417988
2014-08-22 17:00:00+00:00,1.2,30.093918,1008.23334,69.38687,5.9235473,0.26841706,1006.8714,35.108498,26.6085,9.585739
2014-08-23 17:00:00+00:00,0.70000005,30.354332,1007.4084,66.7944,8.48574,0.26808792,1006.0486,35.4585,27.0585,18.39878
2014-08-24 17:00:00+00:00,1.4000001,29.614748,1007.8042,70.781235,7.864898,0.26804835,1006.4406,33.658497,26.8585,17.811815
2014-08-25 17:00:00+00:00,9.700001,26.343918,1008.2292,87.457726,6.056602,0.27495128,1006.8503,27.7085,24.8085,9.387651
2014-08-26 17:00:00+00:00,3.2000003,26.58767,1007.05005,83.95385,6.535998,0.27764544,1005.6738,29.3085,24.5585,13.276144
2014-08-27 17:00:00+00:00,5.1,27.01683,1006.8833,81.66223,8.815049,0.27849418,1005.5093,29.9085,25.258501,12.496718
2014-08-28 17:00:00+00:00,2.3000002,26.862669,1008.55414,85.60525,8.874305,0.28005746,1007.177,28.9085,25.0585,17.673029
2014-08-29 17:00:00+00:00,5.5999994,26.016832,1009.32086,87.73463,5.9851336,0.28138754,1007.9389,29.2085,24.258501,11.753876
2014-08-30 17:00:00+00:00,7.0999994,25.971,1007.3293,86.61865,6.48846,0.2860571,1005.9497,29.3585,24.2085,15.517629
2014-08-31 17:00:00+00:00,8.1,25.58558,1006.92914,88.076904,5.4679637,0.29228708,1005.5485,27.6585,23.9585,9.793059
2014-09-01 17:00:00+00:00,3.3999996,26.323084,1008.57086,86.34432,3.5420253,0.29626206,1007.19116,28.8585,24.2085,8.913181
2014-09-02 17:00:00+00:00,2.8,27.052248,1009.55414,82.58966,4.7164683,0.29733837,1008.17645,30.5585,24.1585,9.9571085
2014-09-03 17:00:00+00:00,2.4,27.981413,1007.4207,77.977615,5.844518,0.29624167,1006.05035,32.4585,24.5585,10.495713
2014-09-04 17:00:00+00:00,0.3,28.300169,1005.77094,74.25019,6.405615,0.2944391,1004.40405,32.8085,24.8585,9.511088
2014-09-05 17:00:00+00:00,0.0,27.952253,1006.575,76.73147,7.4652405,0.29044917,1005.2055,31.6085,24.3585,13.684735
2014-09-06 17:00:00+00:00,0.0,27.896002,1007.4539,77.57483,6.033735,0.28715327,1006.08325,31.6585,25.0585,13.044722
2014-09-07 17:00:00+00:00,0.0,29.5585,1006.09576,66.805954,10.764609,0.28378162,1004.7342,33.908497,25.8085,17.709658
2014-09-08 17:00:00+00:00,0.4,29.925165,1005.9875,65.56623,7.699423,0.2800834,1004.62787,34.358498,26.8585,11.841756
2014-09-09 17:00:00+00:00,2.5,29.077248,1006.66235,72.47805,6.285785,0.27796584,1005.29803,34.2585,26.4585,9.693296
2014-09-10 17:00:00+00:00,0.0,29.131416,1007.33344,68.04941,9.293939,0.2770267,1005.96826,33.0585,26.0585,13.049689
2014-09-11 17:00:00+00:00,0.2,29.723082,1005.9915,63.888096,12.657651,0.27497622,1004.63104,34.2585,26.758501,16.075521
2014-09-12 17:00:00+00:00,0.0,30.098083,1004.8374,62.213352,14.425628,0.27322912,1003.48,34.2585,27.258501,21.313093
2014-09-13 17:00:00+00:00,0.1,29.99183,1004.7458,63.711075,10.018001,0.27169505,1003.3882,34.158497,26.9085,18.919704
2014-09-14 17:00:00+00:00,0.3,28.906418,1003.0293,68.12292,16.28756,0.27073708,1001.669,31.8585,26.4585,23.157824
2014-09-15 17:00:00+00:00,16.5,26.08767,998.3499,81.71835,24.221663,0.2775575,996.98334,27.1585,25.258501,31.559086
2014-09-16 17:00:00+00:00,0.1,29.223083,1003.375,66.51223,7.3072968,0.28368834,1002.0158,33.158497,26.4585,11.119281
2014-09-17 17:00:00+00:00,0.0,29.629333,1009.37933,67.23534,8.453921,0.28029042,1008.0135,33.7585,26.3085,13.138765
2014-09-18 17:00:00+00:00,0.0,29.818916,1008.6833,71.002785,5.5248833,0.27685165,1007.31934,34.3085,25.3085,7.9932966
2014-09-19 17:00:00+00:00,0.2,30.348082,1006.14996,63.186672,12.740363,0.27408454,1004.79193,34.908497,27.1085,21.129885
2014-09-20 17:00:00+00:00,0.2,29.854334,1007.0125,63.890736,13.207952,0.2719579,1005.65137,33.4585,27.8085,21.2522
2014-09-21 17:00:00+00:00,12.099999,26.856417,1008.18335,78.71226,14.810956,0.2762396,1006.8068,28.6585,24.8085,19.652176
2014-09-22 17:00:00+00:00,3.8999999,26.316833,1009.0583,81.1251,7.550163,0.28798416,1007.67804,28.508501,24.3585,12.55879
2014-09-23 17:00:00+00:00,3.0,25.77725,1011.1458,78.69024,5.1500373,0.28827044,1009.7603,27.6585,24.5585,8.28
2014-09-24 17:00:00+00:00,0.6,26.464752,1011.90405,76.911064,3.8253157,0.2870746,1010.52057,30.008501,23.8585,6.696387
2014-09-25 17:00:00+00:00,2.2,27.450165,1011.446,78.64021,5.712482,0.28569505,1010.06757,31.2085,23.9085,9.931042
2014-09-26 17:00:00+00:00,0.0,28.214752,1011.14575,76.34832,8.579343,0.2837117,1009.7714,32.158497,24.3585,13.75558
2014-09-27 17:00:00+00:00,0.4,28.43975,1010.2,77.5494,10.814431,0.28083003,1008.8279,32.8085,24.6585,17.771753
2014-09-28 17:00:00+00:00,0.2,28.245996,1010.05005,76.041214,10.22569,0.27838287,1008.67725,32.158497,25.008501,16.520823
2014-09-29 17:00:00+00:00,0.8000001,27.925169,1011.02496,77.695045,8.532184,0.27724835,1009.64935,31.4085,25.0585,16.1198
2014-09-30 17:00:00+00:00,0.0,28.39808,1011.00415,73.75337,7.1487427,0.27598247,1009.6308,32.358498,25.1085,13.896187
2014-10-01 17:00:00+00:00,0.0,28.100166,1010.55,71.291214,6.6647677,0.27396706,1009.1758,32.2085,23.4085,12.783802
2014-10-02 17:00:00+00:00,0.0,28.071,1009.28754,71.138435,6.3808436,0.27195042,1007.91486,33.2085,22.8585,12.979984
2014-10-03 17:00:00+00:00,0.5,28.529333,1009.2957,72.83642,7.0815177,0.27051422,1007.92535,32.5085,24.8085,15.277749
2014-10-04 17:00:00+00:00,24.2,25.762667,1011.0083,86.61722,8.078033,0.27467045,1009.623,28.3585,24.3585,14.003028
2014-10-05 17:00:00+00:00,37.999996,24.59809,1012.98334,87.17621,13.625835,0.31663457,1011.5898,26.2085,23.3585,19.523155
2014-10-06 17:00:00+00:00,40.899998,24.693914,1012.54175,87.57711,12.8834715,0.33589792,1011.1492,26.508501,23.0585,20.808498
2014-10-07 17:00:00+00:00,20.7,25.377249,1012.1792,82.26685,7.8184967,0.36386,1010.7903,27.5585,23.3585,11.269782
2014-10-08 17:00:00+00:00,0.0,24.900164,1011.34174,78.29399,8.778037,0.36335793,1009.9517,28.3585,20.9585,14.264361
2014-10-09 17:00:00+00:00,0.0,24.825165,1010.4626,76.67881,7.493119,0.35953256,1009.0735,28.4085,20.6085,11.252519
2014-10-10 17:00:00+00:00,2.2,25.241835,1011.0542,76.14889,5.714927,0.35658503,1009.6662,27.2085,22.6085,11.542478
2014-10-11 17:00:00+00:00,8.1,24.95225,1013.5208,82.092964,7.78853,0.35745713,1012.1282,27.1085,22.4085,13.217443
2014-10-12 17:00:00+00:00,23.800001,24.58558,1015.53326,87.54206,7.9700074,0.37507915,1014.13605,26.6585,23.008501,15.496736
2014-10-13 17:00:00+00:00,6.6,24.277252,1016.3499,80.148605,8.136634,0.3826429,1014.95026,26.5585,22.758501,16.039202
2014-10-14 17:00:00+00:00,6.299999,23.921005,1015.30835,85.522316,7.939218,0.38417292,1013.9084,25.508501,22.2085,14.168641
2014-10-15 17:00:00+00:00,2.4,24.987665,1014.6084,84.551865,12.718675,0.38676,1013.2143,27.8085,22.8585,17.518356
2014-10-16 17:00:00+00:00,7.6000004,24.656416,1014.2874,87.44244,12.818742,0.38863376,1012.89233,26.9085,22.8585,17.015474
2014-10-17 17:00:00+00:00,22.5,24.016832,1013.425,92.19459,13.710648,0.3980933,1012.0281,25.3585,22.8585,19.011953
2014-10-18 17:00:00+00:00,3.7,25.118917,1013.0041,84.821594,11.906715,0.40689293,1011.613,26.9085,23.8085,16.645864
2014-10-19 17:00:00+00:00,2.5,25.341833,1012.90826,86.28501,7.0891,0.40662956,1011.5183,27.758501,23.258501,14.618837
2014-10-20 17:00:00+00:00,3.1000001,25.700167,1014.1624,86.64898,6.314249,0.40600374,1012.77246,28.3085,23.9585,13.779114
2014-10-21 17:00:00+00:00,5.2000003,25.262667,1014.3,88.177055,5.6017933,0.40818584,1012.9078,27.6085,23.758501,14.332341
2014-10-22 17:00:00+00:00,24.199999,24.606417,1013.48334,90.05976,7.1732497,0.41602,1012.0891,26.1585,23.5585,14.480773
2014-10-23 17:00:00+00:00,49.3,24.185583,1012.4167,94.02643,7.314905,0.45282248,1011.022,25.3085,23.3585,14.182355
2014-10-24 17:00:00+00:00,5.699999,24.683496,1012.80426,91.93439,6.4966965,0.46817127,1011.41113,27.0585,23.508501,12.287555
2014-10-25 17:00:00+00:00,5.2,24.850166,1013.89575,90.38046,6.0768094,0.46982208,1012.5022,27.008501,23.258501,13.138765
2014-10-26 17:00:00+00:00,13.800001,24.63975,1013.0334,92.060585,7.2436414,0.4758838,1011.63983,26.6085,23.7085,12.181625
2014-10-27 17:00:00+00:00,9.099999,25.0335,1012.32086,90.29917,10.078951,0.48144338,1010.9301,27.7085,23.6585,15.646544
2014-10-28 17:00:00+00:00,1.9000002,25.40225,1012.39594,88.775536,6.376535,0.4813517,1011.00684,27.8085,23.7085,12.287555
2014-10-29 17:00:00+00:00,1.3000001,25.598083,1012.0166,89.18697,10.151731,0.47793758,1010.62915,27.6085,23.9585,14.24163
2014-10-30 17:00:00+00:00,1.8000001,25.418915,1011.49585,90.560425,9.904752,0.47575668,1010.1081,27.508501,23.8085,13.779114
2014-10-31 17:00:00+00:00,1.7000002,25.514748,1011.19586,87.56963,10.53855,0.4737133,1009.80884,28.1085,23.2085,16.65754
2014-11-01 17:00:00+00:00,0.2,25.350168,1013.0999,82.61413,9.539212,0.4701058,1011.7097,28.0585,22.4585,12.287555
2014-11-02 17:00:00+00:00,37.799995,23.866835,1014.64594,91.55225,13.655557,0.47778216,1013.2466,25.8585,23.008501,18.228943
2014-11-03 17:00:00+00:00,27.800001,24.096,1014.7251,90.39066,11.165887,0.49462914,1013.3267,25.7085,23.1085,14.404499
2014-11-04 17:00:00+00:00,1.0,25.214754,1014.35834,87.50016,10.881683,0.4903284,1012.96564,28.008501,23.3585,14.934577
2014-11-05 17:00:00+00:00,0.1,25.696,1013.3875,85.500755,15.651454,0.48369503,1011.99835,28.1585,23.5585,22.392462
2014-11-06 17:00:00+00:00,0.0,25.933496,1012.64166,82.19223,15.112816,0.47707883,1011.2547,28.8585,23.7085,18.72346
2014-11-07 17:00:00+00:00,4.7999997,24.504335,1014.3167,87.89618,11.65957,0.47264662,1012.92084,27.1585,22.4085,17.208603
2014-11-08 17:00:00+00:00,4.5,23.912668,1015.19574,88.09152,7.1037636,0.47203544,1013.79596,25.6585,22.4085,10.182337
2014-11-09 17:00:00+00:00,1.2,24.881414,1013.94574,86.964806,5.5612044,0.47143552,1012.5522,27.3085,22.9585,10.163227
2014-11-10 17:00:00+00:00,2.1999998,24.989752,1013.43335,87.55822,9.183187,0.46855044,1012.04095,27.3085,23.5585,16.418526
2014-11-11 17:00:00+00:00,17.7,23.900167,1014.429,92.13614,10.925279,0.470675,1013.0303,25.6585,23.1085,15.484185
2014-11-12 17:00:00+00:00,78.4,23.191833,1015.9583,94.04714,20.06084,0.49456462,1014.55396,23.9585,22.7085,26.009844
2014-11-13 17:00:00+00:00,18.399998,23.614748,1016.2583,83.870155,16.082544,0.49732924,1014.8555,25.0585,22.6085,22.415602
2014-11-14 17:00:00+00:00,18.200003,23.32725,1015.5959,91.899376,14.722627,0.49383876,1014.1926,25.3085,22.1085,19.48661
2014-11-15 17:00:00+00:00,19.599998,23.846003,1015.1042,88.27145,14.963989,0.4932421,1013.70416,25.8085,22.6085,20.570463
2014-11-16 17:00:00+00:00,7.1000004,23.831415,1016.40845,82.38433,12.704967,0.48986244,1015.0064,25.6585,22.3085,19.319628
2014-11-17 17:00:00+00:00,3.5999997,22.816835,1018.3167,79.96938,16.452814,0.4876479,1016.9072,24.4585,21.5585,23.507753
2014-11-18 17:00:00+00:00,9.900001,22.341833,1017.6958,82.88061,10.770001,0.48901126,1016.285,24.2085,20.9585,19.008545
2014-11-19 17:00:00+00:00,5.3,22.500168,1015.6624,87.618835,7.2626004,0.48596212,1014.25543,24.3085,21.008501,13.1041975
2014-11-20 17:00:00+00:00,1.7000002,23.298082,1014.1248,85.900856,8.646335,0.48407578,1012.7237,25.758501,21.4585,13.849476
2014-11-21 17:00:00+00:00,1.8000002,23.68142,1013.94183,87.79074,6.8278785,0.4817396,1012.5425,25.9085,21.9085,12.9249525
2014-11-22 17:00:00+00:00,2.0,24.108498,1013.5874,89.61147,7.0743527,0.47902754,1012.19073,26.2085,22.6085,11.659777
2014-11-23 17:00:00+00:00,0.8,24.341835,1012.8416,91.1431,6.803613,0.47694752,1011.44696,26.508501,22.2085,11.119281
2014-11-24 17:00:00+00:00,0.70000005,24.998085,1011.75,87.69985,7.3626933,0.47485662,1010.35986,27.1585,23.5585,15.596767
2014-11-25 17:00:00+00:00,0.8,24.968918,1010.4375,88.87321,11.198451,0.4723917,1009.0491,27.4585,23.3585,15.941944
2014-11-26 17:00:00+00:00,0.0,25.556417,1010.9458,87.99304,10.188976,0.46938786,1009.5595,28.7085,23.508501,13.708391
2014-11-27 17:00:00+00:00,0.0,25.6335,1011.5417,88.094215,12.364788,0.4657084,1010.15497,28.258501,24.3085,15.484185
2014-11-28 17:00:00+00:00,0.0,24.968916,1010.75415,87.57535,10.12033,0.4620104,1009.3654,28.1085,22.3085,13.661038
2014-11-29 17:00:00+00:00,17.5,24.477251,1009.45825,92.28021,9.966839,0.46523538,1008.0691,25.8085,23.508501,18.94024
2014-11-30 17:00:00+00:00,25.9,24.1085,1010.73737,94.23023,20.59001,0.48606881,1009.3447,25.2085,23.4585,28.802248
2014-12-01 17:00:00+00:00,60.499996,23.585585,1011.96655,93.81055,25.773499,0.4991696,1010.56964,24.1585,23.1585,30.173496
2014-12-02 17:00:00+00:00,24.700006,22.83767,1012.14166,89.73721,13.051582,0.49632248,1010.74115,23.5585,21.508501,19.513195
2014-12-03 17:00:00+00:00,14.4,21.775167,1016.20844,89.02893,22.490408,0.4915701,1014.7969,22.8585,20.8585,34.338036
2014-12-04 17:00:00+00:00,13.400001,21.171001,1018.12494,90.29812,17.054617,0.49240163,1016.7082,21.9085,20.6085,21.129885
2014-12-05 17:00:00+00:00,7.3999996,21.8585,1015.67084,90.67343,6.7899413,0.49343416,1014.2607,22.4085,21.2085,10.966713
2014-12-06 17:00:00+00:00,11.0,22.010582,1015.21265,89.8016,17.694683,0.4891695,1013.8035,23.4085,20.758501,28.883131
2014-12-07 17:00:00+00:00,20.8,20.700167,1017.3125,89.36752,18.938082,0.4925692,1015.89435,21.2085,20.3085,24.546085
2014-12-08 17:00:00+00:00,21.300001,21.316833,1017.73334,90.83993,8.751745,0.49571005,1016.31757,22.9085,20.4585,14.512064
2014-12-09 17:00:00+00:00,6.899999,21.891832,1016.55,87.426384,9.75949,0.49155632,1015.13873,24.1585,20.258501,12.88981
2014-12-10 17:00:00+00:00,11.5,21.427252,1017.09576,85.399574,16.594313,0.48822507,1015.68146,22.758501,20.5585,24.087738
2014-12-11 17:00:00+00:00,26.599998,19.83975,1019.9209,88.026794,23.79374,0.49039504,1018.49493,20.8585,18.6085,28.883131
2014-12-12 17:00:00+00:00,20.800001,18.841833,1021.76245,88.28411,18.03939,0.495725,1020.32916,19.0585,18.5585,24.993439
2014-12-13 17:00:00+00:00,7.500001,19.800169,1019.59595,91.24026,7.144918,0.49610463,1018.17035,21.008501,18.758501,12.4811535
2014-12-14 17:00:00+00:00,3.9,21.487665,1017.2583,89.81973,8.924908,0.4946005,1015.84406,23.258501,20.258501,14.113653
2014-12-15 17:00:00+00:00,29.999998,20.162666,1020.1667,88.82203,25.224508,0.4952971,1018.74194,21.4585,18.6085,34.17157
2014-12-16 17:00:00+00:00,6.8999987,18.106417,1023.14996,74.53212,21.572693,0.49256286,1021.7111,18.6085,17.8085,30.216421
2014-12-17 17:00:00+00:00,6.4,18.171,1022.0832,80.154976,9.404891,0.4847271,1020.6462,18.7085,17.5585,14.039999
2014-12-18 17:00:00+00:00,10.299999,18.798084,1021.04156,87.81721,16.577902,0.48110417,1019.60913,19.4085,18.3585,26.302181
2014-12-19 17:00:00+00:00,3.1000001,19.191835,1018.48334,80.65356,12.530922,0.47886214,1017.0564,20.0585,18.3085,17.227419
2014-12-20 17:00:00+00:00,18.900002,19.143917,1018.7417,87.57434,18.022593,0.47568372,1017.31415,20.0585,17.8585,30.141266
2014-12-21 17:00:00+00:00,7.2000003,18.498083,1020.24585,78.72674,15.0261,0.47691044,1018.8129,19.008501,17.9085,25.14852
2014-12-22 17:00:00+00:00,2.0,19.302252,1018.19165,82.765755,5.5667796,0.4725796,1016.7656,20.9085,17.8585,9.0645685
2014-12-23 17:00:00+00:00,5.6000004,20.479334,1018.6167,87.76874,8.882405,0.4682975,1017.1956,21.8085,19.3085,11.525623
2014-12-24 17:00:00+00:00,14.400001,20.262669,1016.8333,92.190056,9.722478,0.47063926,1015.4138,20.758501,19.7085,13.53236
2014-12-25 17:00:00+00:00,12.499999,20.614752,1015.10425,94.49241,7.3354607,0.4728609,1013.6887,21.258501,20.008501,10.805999
2014-12-26 17:00:00+00:00,23.399998,20.910585,1016.32086,96.1578,9.200625,0.47920918,1014.9052,21.9085,19.9585,12.641076
2014-12-27 17:00:00+00:00,61.900005,19.483501,1019.86255,91.24164,22.270071,0.4842609,1018.4349,20.8085,18.3085,31.810638
2014-12-28 17:00:00+00:00,1.0,18.66475,1019.8125,72.08721,17.308311,0.46606955,1018.38116,19.7085,17.7085,24.842607
2014-12-29 17:00:00+00:00,0.0,18.256418,1017.3625,74.006065,6.3474145,0.4569863,1015.93243,21.1085,15.3585005,9.6932955
2014-12-30 17:00:00+00:00,0.0,19.48975,1018.84186,73.91123,11.1239805,0.44864467,1017.41547,22.6085,16.5585,16.199999
2014-12-31 17:00:00+00:00,1.0,20.137667,1020.59174,66.7485,13.798461,0.4415996,1019.1663,21.758501,18.8085,21.96
2015-01-01 17:00:00+00:00,6.200001,19.771002,1019.97504,80.05776,15.853087,0.437405,1018.54877,20.9085,18.8585,23.03156
2015-01-02 17:00:00+00:00,10.399999,19.985582,1018.24585,90.25717,13.781678,0.44173336,1016.8232,20.9085,19.258501,16.394829
2015-01-03 17:00:00+00:00,0.0,21.135584,1013.55835,87.64673,10.872823,0.44200957,1012.14746,24.1585,18.9085,16.700275
2015-01-04 17:00:00+00:00,0.0,22.01267,1010.96246,88.59253,9.009511,0.43694118,1009.5593,27.0585,17.1585,15.226764
2015-01-05 17:00:00+00:00,0.0,22.921,1011.4124,91.33291,8.299452,0.4318696,1010.0131,26.6085,19.6085,12.768586
2015-01-06 17:00:00+00:00,2.0000002,22.72725,1014.8916,92.50245,16.060759,0.4298967,1013.4866,23.9085,21.4585,22.033648
2015-01-07 17:00:00+00:00,6.7999997,20.958502,1019.06256,88.417145,24.53345,0.43147877,1017.64325,21.508501,20.3085,30.222849
2015-01-08 17:00:00+00:00,10.6,20.156418,1019.2373,86.710815,22.816652,0.43467703,1017.814,21.7085,19.4085,28.174456
2015-01-09 17:00:00+00:00,33.600002,18.279335,1019.375,90.87223,15.33931,0.4502971,1017.9422,19.6085,16.7085,18.289274
2015-01-10 17:00:00+00:00,14.3,17.273083,1018.9292,86.36835,23.187407,0.45976627,1017.4921,17.758501,16.9085,28.167557
2015-01-11 17:00:00+00:00,14.2,16.68975,1020.1084,88.72999,23.384897,0.4622675,1018.66675,17.0585,16.2085,26.089447
2015-01-12 17:00:00+00:00,5.1,17.502253,1021.02924,71.197845,19.806044,0.4634384,1019.59015,18.508501,16.4585,25.420181
2015-01-13 17:00:00+00:00,0.90000004,17.996,1021.26666,70.03994,12.082484,0.4603592,1019.8298,19.4585,17.0585,16.645864
2015-01-14 17:00:00+00:00,0.0,18.0585,1020.55005,68.176025,7.8114285,0.4567637,1019.11456,19.8085,16.8585,9.726665
2015-01-15 17:00:00+00:00,0.0,18.271002,1020.3875,69.72034,10.17616,0.45263636,1018.95337,20.4085,16.3085,12.959999
2015-01-16 17:00:00+00:00,10.000001,18.352251,1020.32074,87.585075,11.06548,0.45515206,1018.8872,18.758501,17.758501,14.84318
2015-01-17 17:00:00+00:00,5.0,19.368921,1019.94995,82.96921,11.321591,0.4589499,1018.5218,21.758501,17.508501,16.485485
2015-01-18 17:00:00+00:00,9.500001,18.83558,1020.0457,82.341225,10.456949,0.46542633,1018.6148,20.1085,18.1085,16.766108
2015-01-19 17:00:00+00:00,0.0,18.718916,1019.38324,77.8957,5.4792457,0.4638021,1017.9527,21.8585,16.6585,12.261158
2015-01-20 17:00:00+00:00,0.9,18.56892,1021.0542,84.54281,8.850645,0.4598017,1019.62036,21.258501,15.5585,17.581125
2015-01-21 17:00:00+00:00,0.5,18.87517,1020.3125,83.45547,8.540067,0.45657888,1018.88135,21.8085,15.8085,12.496719
2015-01-22 17:00:00+00:00,0.0,18.556417,1016.1958,81.74468,13.183047,0.45211968,1014.76874,23.0585,14.158501,18.416384
2015-01-23 17:00:00+00:00,0.0,19.235586,1015.0542,86.65036,11.175018,0.44715872,1013.632,24.6585,14.7085,16.954432
2015-01-24 17:00:00+00:00,0.0,20.289751,1015.00836,88.22393,10.006352,0.44251922,1013.5913,25.9585,14.8585005,16.215992
2015-01-25 17:00:00+00:00,0.0,20.300167,1015.79156,91.00479,6.2788053,0.4382113,1014.3737,24.5585,17.1585,14.494192
2015-01-26 17:00:00+00:00,0.0,20.627253,1014.4583,88.17712,9.943135,0.43415663,1013.04376,24.008501,17.9085,14.408997
2015-01-27 17:00:00+00:00,0.0,20.873083,1013.6917,85.598724,13.093448,0.4300642,1012.2795,24.758501,17.8585,20.598795
2015-01-28 17:00:00+00:00,0.0,20.512667,1014.8667,85.811455,13.412173,0.42574668,1013.4509,24.8085,16.4585,20.163212
2015-01-29 17:00:00+00:00,0.0,21.014753,1017.82086,83.1858,14.591316,0.4216241,1016.4036,23.8585,19.2085,17.698677
2015-01-30 17:00:00+00:00,0.1,20.616837,1020.104,82.6249,18.068312,0.4185488,1018.6817,22.6585,19.258501,23.770906
2015-01-31 17:00:00+00:00,8.599999,20.229336,1020.2791,86.410645,20.625643,0.41880667,1018.85455,21.8085,19.1585,25.068514
2015-02-01 17:00:00+00:00,7.5999994,20.323082,1020.62915,89.164185,18.700068,0.4243746,1019.20465,22.1085,19.3085,22.91026
2015-02-02 17:00:00+00:00,3.6,20.346,1021.4041,89.29717,11.909856,0.4292721,1019.97876,22.2085,19.2085,16.039202
2015-02-03 17:00:00+00:00,1.1,20.173084,1020.0542,86.632484,13.0170145,0.42832628,1018.6297,22.8085,18.0585,18.775301
2015-02-04 17:00:00+00:00,13.599999,19.481417,1020.54584,87.937225,13.929024,0.42920634,1019.11743,21.6085,17.5585,18.455048
2015-02-05 17:00:00+00:00,33.200005,17.660585,1021.04987,90.55716,14.3126745,0.45068297,1019.61163,18.0585,17.0585,19.296133
2015-02-06 17:00:00+00:00,1.3000001,19.723083,1018.4875,84.71629,12.389622,0.4559549,1017.06305,22.1585,17.6085,18.391735
2015-02-07 17:00:00+00:00,15.900001,19.102251,1020.16254,89.57424,9.68744,0.4579413,1018.73267,20.7085,18.1085,16.923828
2015-02-08 17:00:00+00:00,12.2,19.129333,1020.6458,85.710915,12.487846,0.47743082,1019.2156,20.9585,17.8085,15.905319
2015-02-09 17:00:00+00:00,0.5,19.725168,1018.13745,82.733894,13.06911,0.4777167,1016.71356,22.0585,17.9585,18.228943
2015-02-10 17:00:00+00:00,0.0,20.006416,1015.7417,86.05544,11.061008,0.47395465,1014.32227,23.8085,16.9585,15.893093
2015-02-11 17:00:00+00:00,0.1,20.148085,1016.62085,86.84077,6.5776563,0.47026458,1015.2011,22.7085,18.3585,13.281023
2015-02-12 17:00:00+00:00,0.0,20.731419,1014.4167,85.401024,12.817314,0.46668705,1013.00275,23.8585,18.508501,20.633371
2015-02-13 17:00:00+00:00,0.0,21.304335,1012.25006,86.26443,13.842408,0.4623059,1010.84174,24.4585,18.8085,16.981165
2015-02-14 17:00:00+00:00,0.0,21.396002,1013.50415,89.90338,7.931696,0.4580396,1012.09454,24.5585,19.1085,12.984975
2015-02-15 17:00:00+00:00,0.0,21.437668,1015.29175,88.88999,8.095329,0.4545909,1013.8799,23.7085,19.508501,13.276144
2015-02-16 17:00:00+00:00,0.0,21.250168,1014.3293,89.460014,8.438735,0.4513001,1012.9179,23.8085,19.3585,12.313894
2015-02-17 17:00:00+00:00,0.5,21.968918,1014.404,91.91386,13.438737,0.44832626,1012.9961,24.1085,19.9085,18.214718
2015-02-18 17:00:00+00:00,0.0,22.204336,1015.0125,92.84815,13.512584,0.44680417,1013.6048,23.4585,21.4085,17.414476
2015-02-19 17:00:00+00:00,0.0,22.902254,1013.81665,90.45168,11.1427145,0.44421533,1012.4139,26.008501,21.3585,14.277983
2015-02-20 17:00:00+00:00,0.0,23.208502,1011.9751,92.4417,6.72199,0.44093335,1010.5762,26.5585,20.3085,13.363711
2015-02-21 17:00:00+00:00,1.9000001,23.608503,1012.5542,91.55521,5.6402316,0.43913504,1011.1565,27.3085,21.258501,12.074766
2015-02-22 17:00:00+00:00,0.0,24.420998,1011.62085,88.652596,7.156876,0.439275,1010.2282,29.1085,20.1085,14.205182
2015-02-23 17:00:00+00:00,0.1,25.087667,1010.28326,87.65583,7.8126454,0.43491375,1008.89575,29.3585,20.5585,12.783802
2015-02-24 17:00:00+00:00,0.0,25.181417,1009.1543,87.014984,9.963521,0.4305012,1007.7683,29.3585,20.6585,17.114204
2015-02-25 17:00:00+00:00,0.0,25.27725,1009.54175,87.57529,7.583105,0.42604217,1008.1558,29.9085,20.9585,16.24394
2015-02-26 17:00:00+00:00,0.0,24.72725,1010.3625,89.303856,9.696343,0.42180666,1008.97296,28.3585,21.3085,15.496736
2015-02-27 17:00:00+00:00,0.0,24.687666,1011.4626,91.128426,10.398075,0.41776338,1010.0713,28.3585,22.258501,16.65754
2015-02-28 17:00:00+00:00,3.3,23.191833,1015.1418,94.083015,14.118912,0.41558334,1013.73846,25.008501,22.258501,20.456745
2015-03-01 17:00:00+00:00,1.0,23.121,1012.8543,90.43387,13.689804,0.41595757,1011.4537,25.8585,21.6085,18.806337
2015-03-02 17:00:00+00:00,0.0,25.037672,1008.0,87.06629,9.0118065,0.41236338,1006.6152,31.1085,19.9085,13.679999
2015-03-03 17:00:00+00:00,0.0,24.2585,1010.7209,91.02256,8.003949,0.40817168,1009.3287,27.6085,22.5585,11.988594
2015-03-04 17:00:00+00:00,0.0,25.002249,1010.94574,90.52264,9.109923,0.40467122,1009.5568,28.9585,22.258501,16.299694
2015-03-05 17:00:00+00:00,0.0,24.829336,1011.06665,90.812256,8.46147,0.40102375,1009.67676,28.8085,21.4085,14.458382
2015-03-06 17:00:00+00:00,0.1,24.17933,1012.6958,90.77062,14.200791,0.39832494,1011.3006,26.9585,22.6085,18.888851
2015-03-07 17:00:00+00:00,0.0,24.093918,1013.3374,87.92847,11.918556,0.39515257,1011.94086,27.508501,21.8585,15.745627
2015-03-08 17:00:00+00:00,0.0,23.862665,1014.7083,91.59021,9.347769,0.39177093,1013.3089,26.9585,21.9085,14.917212
2015-03-09 17:00:00+00:00,0.0,24.00225,1015.3582,86.32885,17.149752,0.3886408,1013.95874,26.7085,22.1085,21.316135
2015-03-10 17:00:00+00:00,0.0,23.629333,1016.17084,87.47793,15.052379,0.3851879,1014.76825,26.4585,21.758501,20.150354
2015-03-11 17:00:00+00:00,1.5000001,23.54392,1016.1292,90.804726,10.4492035,0.38325036,1014.72626,25.758501,22.1085,15.546833
2015-03-12 17:00:00+00:00,0.9,23.835585,1014.1707,90.318634,9.35114,0.38262632,1012.77216,26.7085,21.9085,14.404499
2015-03-13 17:00:00+00:00,1.2,25.204332,1013.37915,88.791115,9.3357,0.38029578,1011.9878,29.3085,21.9085,15.7908325
2015-03-14 17:00:00+00:00,0.0,25.871,1012.2668,86.11648,8.689885,0.37810746,1010.8799,30.008501,21.2085,18.1041
2015-03-15 17:00:00+00:00,0.0,26.793917,1010.9334,82.8715,9.211669,0.37426257,1009.5527,31.5585,22.1085,17.902534
2015-03-16 17:00:00+00:00,0.0,27.350166,1008.14996,79.36448,9.484269,0.3700267,1006.77563,32.358498,22.6585,18.430452
2015-03-17 17:00:00+00:00,0.0,27.816832,1006.9917,78.14896,9.518805,0.36535665,1005.6211,32.5585,23.9585,16.700275
2015-03-18 17:00:00+00:00,0.0,27.083498,1008.49994,84.342155,10.735989,0.36137494,1007.12396,32.0085,22.8085,18.733839
2015-03-19 17:00:00+00:00,0.0,25.496002,1010.67926,87.861305,12.042553,0.35814044,1009.2929,29.3585,22.5585,18.94024
2015-03-20 17:00:00+00:00,0.0,24.168917,1014.24164,86.82049,13.698288,0.35501957,1012.8443,27.3585,22.2085,18.359999
2015-03-21 17:00:00+00:00,0.1,23.500168,1014.95,85.58633,12.875752,0.3530967,1013.5485,26.258501,20.6585,16.954432
2015-03-22 17:00:00+00:00,0.0,23.337667,1014.32916,84.52206,13.870556,0.35038757,1012.9277,26.758501,20.2085,18.678415
2015-03-23 17:00:00+00:00,5.3000007,23.208498,1016.7127,89.659874,15.913845,0.35027465,1015.3073,25.3085,21.8085,23.584808
2015-03-24 17:00:00+00:00,22.9,22.885584,1018.2124,91.210724,20.74178,0.36459836,1016.80365,24.6585,21.8085,24.503809
2015-03-25 17:00:00+00:00,15.0,22.977251,1019.175,90.90964,17.990568,0.37854874,1017.76514,24.9085,21.8585,21.218632
2015-03-26 17:00:00+00:00,10.800001,23.091833,1018.4084,91.06057,14.944533,0.3898917,1017.0003,25.1085,22.4085,17.811815
2015-03-27 17:00:00+00:00,1.3000001,23.743917,1015.64996,90.991554,12.783482,0.39427045,1014.2488,25.9085,22.5585,16.203999
2015-03-28 17:00:00+00:00,0.0,24.237669,1013.03754,90.22091,12.209088,0.39260712,1011.6423,27.1585,22.258501,16.343367
2015-03-29 17:00:00+00:00,0.4,25.043915,1011.41254,90.66873,8.028532,0.3896047,1010.02313,28.7085,22.2085,14.081478
2015-03-30 17:00:00+00:00,0.0,26.06475,1010.15424,87.617455,9.061855,0.38620543,1008.77106,30.1585,21.9585,17.026896
2015-03-31 17:00:00+00:00,0.0,27.26475,1008.33746,84.59138,9.223846,0.38184288,1006.96246,31.4585,22.6585,17.727943
2015-04-01 17:00:00+00:00,0.0,28.398079,1005.69165,77.40314,7.3604913,0.37674585,1004.3255,33.608498,23.7085,16.299694
2015-04-02 17:00:00+00:00,0.0,28.88558,1003.9917,74.64101,8.755594,0.37150288,1002.6301,33.5085,25.008501,18.0
2015-04-03 17:00:00+00:00,0.0,28.252249,1004.83325,78.22316,9.064896,0.36645368,1003.4675,32.908497,23.5585,16.58346
2015-04-04 17:00:00+00:00,0.0,27.523085,1006.7166,86.47281,11.038349,0.3618821,1005.3449,31.3585,23.9585,18.374111
2015-04-05 17:00:00+00:00,0.0,26.5585,1008.51263,88.702324,10.88023,0.35814047,1007.13385,30.5585,24.008501,16.23596
2015-04-06 17:00:00+00:00,0.0,25.314753,1010.70416,90.74535,10.232547,0.3548058,1009.31714,29.008501,23.5585,16.62249
2015-04-07 17:00:00+00:00,0.5,25.016838,1014.0042,86.18592,9.958475,0.35184336,1012.6111,27.758501,23.1585,13.551501
2015-04-08 17:00:00+00:00,3.5,24.4085,1013.8877,88.84964,12.234334,0.3513408,1012.4919,26.6085,22.5585,17.294992
2015-04-09 17:00:00+00:00,6.8,24.212667,1014.14594,90.71282,10.801066,0.3529842,1012.74884,26.508501,22.508501,14.57889
2015-04-10 17:00:00+00:00,9.999999,22.962667,1015.39166,90.79366,12.042949,0.3568717,1013.98706,24.3085,22.258501,20.140705
2015-04-11 17:00:00+00:00,76.5,22.068918,1018.1541,86.86442,20.617659,0.38766706,1016.7415,22.758501,21.4085,28.66694
2015-04-12 17:00:00+00:00,1.2,21.793917,1018.55835,78.38783,10.224305,0.39694926,1017.1438,24.3085,18.1085,19.137648
2015-04-13 17:00:00+00:00,0.0,21.78975,1017.1584,78.57094,12.68185,0.39324787,1015.7456,25.3085,17.2085,19.110542
2015-04-14 17:00:00+00:00,0.0,22.541838,1013.97504,78.36289,14.703113,0.38812247,1012.5704,26.4085,19.008501,18.58451
2015-04-15 17:00:00+00:00,0.0,23.041834,1013.2041,86.15832,9.079575,0.38323835,1011.8028,27.008501,18.4585,15.158522
2015-04-16 17:00:00+00:00,0.0,26.166832,1008.57495,87.59255,10.486609,0.37874913,1007.1945,30.9585,21.0585,19.164719
2015-04-17 17:00:00+00:00,0.0,28.106417,1006.52094,80.95855,8.241811,0.37387845,1005.15204,33.5585,22.508501,12.371645
2015-04-18 17:00:00+00:00,0.0,29.162664,1006.51245,74.968605,8.908713,0.36852995,1005.1485,35.0585,23.9085,16.1198
2015-04-19 17:00:00+00:00,0.0,30.200165,1005.50415,67.26505,8.031081,0.36287656,1004.14606,36.858498,24.6585,13.104198
2015-04-20 17:00:00+00:00,3.8,26.875162,1008.8833,86.94378,11.287976,0.35886836,1007.5059,29.6085,24.758501,17.87718
2015-04-21 17:00:00+00:00,2.8000002,25.537666,1012.46246,90.75281,8.075601,0.3607721,1011.07404,27.8585,24.508501,15.03835
2015-04-22 17:00:00+00:00,8.199999,24.891832,1014.1125,91.46456,10.446904,0.3651471,1012.71875,27.1585,23.758501,13.570615
2015-04-23 17:00:00+00:00,4.7999997,24.533503,1014.7126,91.508415,10.847646,0.36918962,1013.31635,26.758501,23.3585,15.856354
2015-04-24 17:00:00+00:00,9.9,24.2835,1014.60004,90.452934,12.347163,0.37471423,1013.2026,26.3585,23.2085,15.646544
2015-04-25 17:00:00+00:00,1.9000002,24.948082,1014.2834,86.67509,12.909415,0.37730706,1012.8896,27.3085,23.0585,19.48661
2015-04-26 17:00:00+00:00,0.0,25.46058,1012.3667,85.82421,10.86193,0.3741521,1010.9778,28.3085,23.2085,15.509274
2015-04-27 17:00:00+00:00,0.1,26.468916,1010.2708,87.34506,8.361823,0.37018085,1008.88965,29.7085,23.7085,16.071491
2015-04-28 17:00:00+00:00,0.0,27.066832,1009.51245,88.514015,6.3117356,0.36642453,1008.1351,30.4085,23.2085,13.910169
2015-04-29 17:00:00+00:00,0.0,27.660582,1009.01245,87.328545,6.3294544,0.36287162,1007.6384,31.5585,23.758501,13.905509
2015-04-30 17:00:00+00:00,7.7,27.998083,1007.48755,84.030464,7.1768208,0.3608621,1006.117,32.858498,24.6085,16.171976
2015-05-01 17:00:00+00:00,0.4,28.931412,1007.14594,80.57467,6.3409505,0.36102542,1005.77997,33.7585,25.3085,13.37825
2015-05-02 17:00:00+00:00,0.0,29.177252,1007.3709,77.75908,7.175575,0.35628203,1006.0058,33.5585,25.9585,13.896187
2015-05-03 17:00:00+00:00,0.3,29.493914,1007.27094,76.853905,6.4296303,0.35153136,1005.9074,34.658497,25.758501,14.05845
2015-05-04 17:00:00+00:00,4.8,29.206415,1005.8791,80.04135,7.554004,0.34807956,1004.5164,34.2585,25.4585,13.698934
2015-05-05 17:00:00+00:00,0.2,29.721,1005.14594,73.742546,7.5188537,0.345595,1003.7864,34.5585,26.2085,11.4862
2015-05-06 17:00:00+00:00,0.3,29.493914,1005.9793,79.04134,6.448691,0.34102127,1004.6176,33.2585,25.6585,14.565548
2015-05-07 17:00:00+00:00,0.0,29.900167,1005.4375,75.921,7.4081445,0.3366463,1004.0783,34.358498,26.258501,14.689588
2015-05-08 17:00:00+00:00,1.5,29.773085,1006.04156,74.30208,6.452576,0.33255538,1004.6811,35.158497,26.008501,14.658676
2015-05-09 17:00:00+00:00,4.3999996,28.766836,1006.8543,79.4049,8.67343,0.33021244,1005.488,33.658497,25.3585,17.31746
2015-05-10 17:00:00+00:00,0.1,29.470995,1007.1875,77.78983,6.8770776,0.32906127,1005.824,34.2085,25.4585,17.992796
2015-05-11 17:00:00+00:00,3.9,27.76475,1009.1541,83.41843,5.57153,0.32776546,1007.78033,30.2085,26.2085,9.957108
2015-05-12 17:00:00+00:00,7.8999996,27.293913,1009.2,86.149956,6.0362678,0.33000046,1007.824,31.9085,24.8585,13.896187
2015-05-13 17:00:00+00:00,9.700001,27.927252,1009.2708,84.86345,6.133405,0.33535957,1007.8975,32.0585,25.1085,13.849477
2015-05-14 17:00:00+00:00,0.1,29.002245,1009.0457,77.19719,6.894609,0.33598998,1007.6777,33.608498,25.1085,16.09969
2015-05-15 17:00:00+00:00,0.0,29.475172,1007.2124,75.20237,6.8753943,0.3315421,1005.84906,33.7085,25.7085,14.982228
2015-05-16 17:00:00+00:00,2.0,29.775171,1006.05,73.15938,6.43138,0.32794788,1004.6895,34.158497,25.9585,11.212135
2015-05-17 17:00:00+00:00,0.8,29.745995,1005.92487,71.00257,6.3353653,0.32515505,1004.56445,33.4585,27.008501,7.928178
2015-05-18 17:00:00+00:00,0.2,30.321,1005.40424,67.526405,6.8989606,0.3213258,1004.04694,34.8085,26.7085,10.086427
2015-05-19 17:00:00+00:00,0.0,30.912666,1005.40424,63.401585,9.356561,0.3171771,1004.0496,34.9585,27.3585,16.595179
2015-05-20 17:00:00+00:00,0.8,31.302252,1006.33746,62.656963,8.3324375,0.3133905,1004.98346,35.408497,28.6585,14.113652
2015-05-21 17:00:00+00:00,0.0,31.66683,1005.8332,61.760914,8.825808,0.31001043,1004.4816,36.2085,27.7085,16.79314
2015-05-22 17:00:00+00:00,0.0,31.873085,1005.28754,57.0265,9.753112,0.30656466,1003.93726,36.5085,28.9085,17.595861
2015-05-23 17:00:00+00:00,0.0,31.29392,1005.85004,59.96223,7.140466,0.3035233,1004.4966,35.7585,27.1085,14.4
2015-05-24 17:00:00+00:00,1.1,31.071,1005.4041,64.651,7.6152377,0.3009171,1004.05023,36.0085,27.008501,14.8257065
2015-05-25 17:00:00+00:00,1.4,31.354332,1006.22504,61.716747,7.1330166,0.2991429,1004.87134,36.408497,27.8585,12.599998
2015-05-26 17:00:00+00:00,0.0,31.975164,1005.44995,56.23793,9.976449,0.29724708,1004.10016,36.658497,28.6085,16.87398
2015-05-27 17:00:00+00:00,0.0,32.72517,1003.7415,54.187756,8.830331,0.2945529,1002.39716,37.608498,28.508501,16.80857
2015-05-28 17:00:00+00:00,0.0,33.416832,1004.24994,51.453003,9.588628,0.29205498,1002.908,38.358498,29.6585,17.373497
2015-05-29 17:00:00+00:00,0.0,33.44392,1005.36255,51.064068,9.980405,0.28975913,1004.01904,38.408497,29.9585,18.671474
2015-05-30 17:00:00+00:00,2.4999998,32.520996,1004.96265,58.954967,8.078399,0.2881738,1003.6158,37.9585,29.258501,13.493999
2015-05-31 17:00:00+00:00,1.6,32.10641,1004.675,61.539948,8.913144,0.28765044,1003.32666,36.9585,28.3585,17.935081
2015-06-01 17:00:00+00:00,0.1,31.21475,1006.09174,67.52644,6.990006,0.28681412,1004.73755,36.3085,27.0585,14.145756
2015-06-02 17:00:00+00:00,0.6,30.82933,1007.46246,66.9145,8.182115,0.2854521,1006.1048,35.3085,27.1585,14.77755
2015-06-03 17:00:00+00:00,0.0,30.731415,1007.2625,68.410416,7.6059537,0.28419423,1005.90454,35.2085,26.6585,18.0036
2015-06-04 17:00:00+00:00,1.1,31.035582,1006.0125,68.98734,6.961267,0.28307423,1004.6577,35.908497,26.758501,16.167967
2015-06-05 17:00:00+00:00,1.1,30.946,1005.6458,69.04489,7.210201,0.28243414,1004.291,35.658497,27.758501,15.463246
2015-06-06 17:00:00+00:00,4.6,30.42933,1006.2251,71.81821,6.0119214,0.28291255,1004.867,35.5085,26.9085,13.32
2015-06-07 17:00:00+00:00,0.4,30.302252,1006.2375,69.48375,7.261543,0.28380752,1004.8791,35.4585,26.9585,12.979984
2015-06-08 17:00:00+00:00,0.0,31.24392,1005.70404,62.8311,8.70045,0.28161213,1004.3506,36.3085,26.8585,14.264361
2015-06-09 17:00:00+00:00,0.0,31.810583,1005.21246,60.01534,7.1048865,0.27947083,1003.86206,36.7585,27.1085,13.049689
2015-06-10 17:00:00+00:00,1.0,31.831415,1006.02496,63.735058,6.71256,0.27813128,1004.6735,36.858498,27.6085,14.512064
2015-06-11 17:00:00+00:00,0.7,30.58558,1006.83344,71.42037,8.7918625,0.27740833,1005.4755,34.8085,27.258501,15.905319
2015-06-12 17:00:00+00:00,0.4,30.55642,1006.15826,68.206635,7.5071177,0.27687588,1004.8012,35.908497,27.008501,17.22742
2015-06-13 17:00:00+00:00,0.8,30.350164,1005.325,69.39985,9.6557255,0.27637705,1003.968,34.908497,26.1585,20.037485
2015-06-14 17:00:00+00:00,1.6000001,29.691832,1006.5625,72.941055,6.845627,0.27628663,1005.2009,34.7085,26.4585,14.241629
2015-06-15 17:00:00+00:00,1.4,29.523079,1006.3125,73.60813,6.845184,0.27650335,1004.9505,34.2085,25.8585,16.563911
2015-06-16 17:00:00+00:00,3.0,29.510588,1004.8667,72.068756,6.978882,0.27696413,1003.50665,34.2585,26.758501,16.93531
2015-06-17 17:00:00+00:00,0.3,30.335585,1004.3418,66.390594,7.2246375,0.2764251,1002.98584,35.0585,26.7085,12.605142
2015-06-18 17:00:00+00:00,0.5,30.391832,1004.425,66.38333,6.753544,0.27490833,1003.0695,35.0085,26.8085,16.394829
2015-06-19 17:00:00+00:00,2.1000001,30.535582,1004.4209,65.99723,7.1648846,0.27488753,1003.0659,34.608498,26.9085,11.384198
2015-06-20 17:00:00+00:00,7.5,28.63558,1002.8083,75.227066,13.634244,0.27518293,1001.447,31.1585,25.8085,23.023119
2015-06-21 17:00:00+00:00,8.9,26.79808,1000.9749,79.59607,25.054983,0.28253087,999.60815,27.6085,25.1585,27.890127
2015-06-22 17:00:00+00:00,56.600002,25.898085,1000.05,82.1955,27.025871,0.31614962,998.6802,26.5585,25.1585,34.69847
2015-06-23 17:00:00+00:00,0.90000004,27.823084,1001.6458,72.100746,17.941927,0.33110207,1000.28253,29.2085,26.3585,22.915916
2015-06-24 17:00:00+00:00,0.0,29.073084,1003.37915,67.511635,13.069388,0.32673126,1002.0191,31.1585,27.258501,18.35647
2015-06-25 17:00:00+00:00,0.0,29.679335,1004.6709,64.48486,13.89368,0.3211517,1003.31177,32.908497,27.6085,20.674156
2015-06-26 17:00:00+00:00,0.0,29.950167,1006.9417,61.974182,11.68794,0.31490332,1005.5806,33.5085,26.9585,17.974781
2015-06-27 17:00:00+00:00,0.0,30.33558,1008.6917,61.72089,11.316453,0.308623,1007.3301,34.108498,27.1085,17.551615
2015-06-28 17:00:00+00:00,0.0,30.689749,1007.5916,60.96674,14.586612,0.30307335,1006.2331,34.608498,28.008501,21.794127
2015-06-29 17:00:00+00:00,0.0,31.243914,1005.6999,58.1295,16.74908,0.2975705,1004.3467,35.158497,28.508501,26.886963
2015-06-30 17:00:00+00:00,0.0,32.031414,1004.0083,52.547287,19.72109,0.29257545,1002.66064,35.9585,29.258501,27.532352
2015-07-01 17:00:00+00:00,0.0,32.63558,1002.5,52.70978,20.406916,0.28828838,1001.15704,36.7085,29.8085,32.59939
2015-07-02 17:00:00+00:00,0.0,33.175163,1001.31256,51.234085,19.492456,0.28463122,999.9732,37.4585,29.8085,28.357855
2015-07-03 17:00:00+00:00,0.4,33.131413,1000.4749,53.432346,17.716616,0.28172582,999.1369,37.7585,30.3585,26.260265
2015-07-04 17:00:00+00:00,5.6,31.7585,1002.07495,60.73589,9.506139,0.2802884,1000.72876,36.408497,27.8585,16.704155
2015-07-05 17:00:00+00:00,5.3,28.587662,1003.42096,78.268524,10.004064,0.28311166,1002.05853,32.108498,26.7085,18.430452
2015-07-06 17:00:00+00:00,24.4,27.193914,1003.2376,84.055534,11.811771,0.29232833,1001.8692,30.4085,25.9585,17.208603
2015-07-07 17:00:00+00:00,4.4999995,27.710585,1003.70844,75.41213,8.917176,0.31123212,1002.3418,30.7085,25.0585,14.529915
2015-07-08 17:00:00+00:00,0.4,27.893919,1002.42505,73.211845,12.80946,0.30747047,1001.06104,31.4585,25.1085,16.965895
2015-07-09 17:00:00+00:00,0.3,27.587667,1002.35834,74.48965,15.3714075,0.3036892,1000.9931,31.6585,24.9585,22.505037
2015-07-10 17:00:00+00:00,8.400001,26.814749,1002.5999,80.244286,14.443233,0.30311084,1001.2308,28.8585,25.8085,19.70815
2015-07-11 17:00:00+00:00,4.1,27.346,1002.2292,78.046715,15.882366,0.30876043,1000.863,29.6585,25.5585,23.34455
2015-07-12 17:00:00+00:00,0.4,29.133493,1001.8791,71.57798,9.160686,0.3052633,1000.5213,32.658497,26.508501,14.24163
2015-07-13 17:00:00+00:00,0.1,29.025167,1001.8125,72.24949,10.501373,0.30158544,1000.4544,32.0585,26.6085,17.87718
2015-07-14 17:00:00+00:00,0.4,29.28975,1001.82916,68.58042,10.084069,0.29862207,1000.4724,32.358498,27.008501,18.58451
2015-07-15 17:00:00+00:00,0.3,29.629333,1002.2751,64.912544,16.106417,0.2956063,1000.9191,32.0585,28.008501,23.510508
2015-07-16 17:00:00+00:00,0.0,28.571001,1003.53754,68.80808,16.857523,0.2933917,1002.17505,30.008501,27.4085,25.772078
2015-07-17 17:00:00+00:00,10.5,27.291834,1003.67914,75.94969,20.017904,0.29461753,1002.3107,29.6585,25.4085,25.683926
2015-07-18 17:00:00+00:00,7.4999995,26.43975,1003.29584,78.28264,20.52356,0.30333546,1001.92413,27.508501,25.3085,25.772078
2015-07-19 17:00:00+00:00,1.5000001,26.885584,1005.31244,74.37287,7.859274,0.30498046,1003.94,28.6085,25.2085,13.044722
2015-07-20 17:00:00+00:00,0.4,27.773085,1008.02496,74.23971,6.169861,0.30408502,1006.65283,32.0585,24.3585,8.891343
2015-07-21 17:00:00+00:00,0.0,29.658499,1008.52924,61.365402,7.970242,0.30034295,1007.1648,33.158497,27.3585,14.003028
2015-07-22 17:00:00+00:00,0.0,29.635576,1007.8208,62.79842,17.426485,0.29610208,1006.45734,33.3085,27.3085,24.33664
2015-07-23 17:00:00+00:00,0.3,29.125162,1007.60425,60.85565,20.694576,0.2924042,1006.2386,33.0585,26.8585,26.729847
2015-07-24 17:00:00+00:00,0.0,28.86892,1006.81647,62.84769,16.66989,0.289295,1005.4511,32.2585,27.4585,25.12016
2015-07-25 17:00:00+00:00,3.6000004,27.245996,1008.0916,70.20847,5.9283924,0.28978503,1006.71704,27.8585,26.508501,7.7879906
2015-07-26 17:00:00+00:00,13.999998,26.023087,1010.24164,78.12871,7.5236077,0.29823747,1008.8584,29.0585,24.1585,11.592894
2015-07-27 17:00:00+00:00,5.1000004,25.554335,1010.7334,85.46621,8.720703,0.3036567,1009.3472,26.4585,24.6585,11.298495
2015-07-28 17:00:00+00:00,8.7,25.229338,1010.25854,86.34307,6.6448436,0.31120458,1008.8715,26.9585,23.8585,8.78872
2015-07-29 17:00:00+00:00,13.300001,25.181421,1010.07916,86.45258,7.2198257,0.31837752,1008.6923,27.508501,23.758501,10.028439
2015-07-30 17:00:00+00:00,12.099999,25.145998,1009.5916,87.91044,5.4780025,0.33157834,1008.20526,26.7085,24.1585,8.854829
2015-07-31 17:00:00+00:00,10.4,25.691835,1009.2334,85.519226,7.268995,0.33861375,1007.85004,27.9585,24.2085,12.475961
2015-08-01 17:00:00+00:00,9.400001,26.287668,1009.36664,84.14486,5.1331987,0.34451625,1007.9859,30.3085,23.7085,9.449572
2015-08-02 17:00:00+00:00,8.9,26.579336,1008.8667,83.98833,5.276694,0.35023,1007.48785,30.1585,23.508501,10.390226
2015-08-03 17:00:00+00:00,6.200001,26.727251,1007.325,84.70365,6.435909,0.35377422,1005.94904,30.5585,24.3085,11.988594
2015-08-04 17:00:00+00:00,3.3,27.354332,1005.32916,82.19601,6.2468095,0.3538938,1003.9588,31.008501,24.2085,9.346143
2015-08-05 17:00:00+00:00,13.3,27.32933,1004.75824,83.67334,5.306379,0.35533917,1003.3886,30.758501,24.7085,10.948973
2015-08-06 17:00:00+00:00,7.7000003,26.9835,1005.2251,85.39788,5.8769526,0.3664738,1003.8531,29.3085,25.1085,9.605998
2015-08-07 17:00:00+00:00,0.1,27.768919,1003.7668,81.784134,6.0142913,0.36661544,1002.4003,31.1085,24.0585,11.440978
2015-08-08 17:00:00+00:00,0.0,28.708498,1001.95404,75.17814,8.519759,0.36154795,1000.5943,32.2085,26.0585,13.70839
2015-08-09 17:00:00+00:00,0.5,28.737669,1003.94586,78.3359,7.7370305,0.3565588,1002.5835,32.4585,25.9585,10.990322
2015-08-10 17:00:00+00:00,0.0,28.62725,1006.1291,80.4882,7.1079116,0.35193625,1004.7634,32.2585,25.4085,11.119281
2015-08-11 17:00:00+00:00,3.6999998,28.02308,1007.1167,79.73675,6.7590623,0.34989253,1005.7469,30.4585,26.1585,10.685391
2015-08-12 17:00:00+00:00,0.0,28.80433,1007.17487,74.35659,7.7378287,0.34691247,1005.8084,32.908497,25.258501,13.70839
2015-08-13 17:00:00+00:00,0.0,29.839746,1006.67914,70.1723,6.729276,0.3413962,1005.3181,34.5085,26.008501,11.090103
2015-08-14 17:00:00+00:00,0.2,30.10433,1007.60004,68.11581,6.929127,0.3360704,1006.239,34.3085,27.1085,11.384198
2015-08-15 17:00:00+00:00,0.0,30.573082,1007.71246,65.40113,7.805149,0.33110708,1006.35345,34.858498,26.9085,14.021525
2015-08-16 17:00:00+00:00,0.0,30.964752,1006.97076,61.994293,8.1602335,0.32563248,1005.6143,35.3085,27.3085,14.799459
2015-08-17 17:00:00+00:00,0.0,31.556414,1006.22504,58.26767,9.564553,0.32063457,1004.87213,36.358498,27.9585,16.563911
2015-08-18 17:00:00+00:00,0.0,31.410583,1005.80414,62.51153,7.4873962,0.31596,1004.45135,35.9585,27.758501,13.397612
2015-08-19 17:00:00+00:00,1.8,30.060583,1006.5168,71.77697,6.113484,0.3128967,1005.157,34.358498,26.8085,12.144331
2015-08-20 17:00:00+00:00,0.0,29.850164,1005.5417,69.17189,9.214931,0.31086126,1004.1822,34.158497,26.3085,15.273505
2015-08-21 17:00:00+00:00,0.0,30.42933,1003.6624,62.5495,18.154463,0.30756545,1002.3081,35.3085,27.6585,25.045238
2015-08-22 17:00:00+00:00,0.1,30.787666,1003.0291,60.62973,18.870665,0.30448085,1001.6773,35.408497,27.6585,27.009598
2015-08-23 17:00:00+00:00,0.4,30.666834,1003.6875,61.959743,15.0817,0.30192703,1002.3342,34.908497,28.1585,24.269983
2015-08-24 17:00:00+00:00,0.3,30.968918,1004.50836,61.64812,8.582727,0.299758,1003.1551,35.5585,28.3085,16.575644
2015-08-25 17:00:00+00:00,3.3,29.829332,1006.575,65.93099,8.5334215,0.2986334,1005.21405,34.2585,27.008501,14.986553
2015-08-26 17:00:00+00:00,0.1,29.145998,1007.39575,65.51017,11.249229,0.2982792,1006.03076,33.158497,26.758501,19.523155
2015-08-27 17:00:00+00:00,0.0,29.51475,1005.8543,62.264538,15.523586,0.2957858,1004.49286,33.158497,27.0585,23.03156
2015-08-28 17:00:00+00:00,0.0,30.191832,1005.16254,60.632153,14.521305,0.29370543,1003.8051,34.408497,27.6085,21.53089
2015-08-29 17:00:00+00:00,0.0,30.095999,1006.09155,61.476105,13.411606,0.2918817,1004.7326,33.5585,27.758501,21.479666
2015-08-30 17:00:00+00:00,0.1,28.900164,1006.5334,65.09977,13.844749,0.29085758,1005.1683,31.6585,27.4585,20.456745
2015-08-31 17:00:00+00:00,3.0,28.52517,1006.1335,66.82339,8.528291,0.29139295,1004.7671,31.1585,26.3585,12.387348
2015-09-01 17:00:00+00:00,2.0000002,28.810583,1007.2708,67.39358,6.962979,0.2916558,1005.9043,32.158497,26.258501,12.72283
2015-09-02 17:00:00+00:00,0.4,29.429335,1009.28766,68.5882,6.8763313,0.29047954,1007.9211,33.658497,25.5585,12.287555
2015-09-03 17:00:00+00:00,0.1,29.7585,1010.71674,68.04877,5.541788,0.2885617,1009.34985,34.2585,25.9585,10.464797
2015-09-04 17:00:00+00:00,1.2,30.164747,1010.1873,67.47903,6.231117,0.28721625,1008.82306,35.8085,25.7085,14.039999
2015-09-05 17:00:00+00:00,0.1,31.352247,1008.45844,58.388687,9.132685,0.2857212,1007.1014,36.5085,27.4085,15.0038395
2015-09-06 17:00:00+00:00,0.3,32.000164,1006.3792,56.040424,12.505055,0.28392,1005.02814,36.858498,28.7085,19.881649
2015-09-07 17:00:00+00:00,0.8000001,31.293915,1006.01263,59.265003,7.930305,0.28256127,1004.65894,36.358498,28.5585,13.1041975
2015-09-08 17:00:00+00:00,1.1,29.927244,1007.9207,68.10092,10.82941,0.28160378,1006.5586,33.5585,27.3585,19.770523
2015-09-09 17:00:00+00:00,5.0,27.664751,1010.37085,80.93055,10.793265,0.28242043,1008.99493,30.7085,25.8085,17.786331
2015-09-10 17:00:00+00:00,5.5999994,27.246,1009.6792,83.04285,5.829422,0.28720668,1008.3023,30.1085,25.008501,11.183201
2015-09-11 17:00:00+00:00,16.699999,27.346,1009.6709,82.31568,6.61047,0.28963795,1008.2945,31.008501,24.8585,14.168641
2015-09-12 17:00:00+00:00,27.4,25.531418,1010.22095,89.801056,12.115642,0.30876997,1008.8354,27.4585,24.6085,19.443333
2015-09-13 17:00:00+00:00,162.8,25.106417,1005.88336,94.45632,33.72398,0.37290046,1004.5019,25.508501,24.758501,41.1425
2015-09-14 17:00:00+00:00,52.799995,25.837667,1003.84576,92.128426,26.088366,0.44868255,1002.4707,27.8585,24.9585,36.544876
2015-09-15 17:00:00+00:00,12.3,25.862669,1004.93756,92.65951,13.023567,0.4694879,1003.5607,27.9085,24.7085,22.314192
2015-09-16 17:00:00+00:00,2.4,26.9335,1008.0208,87.92508,12.304367,0.47538587,1006.64496,29.9585,25.2085,16.73516
2015-09-17 17:00:00+00:00,5.6,27.604332,1012.5833,84.842834,5.426674,0.4754213,1011.2043,30.1585,25.4085,9.885262
2015-09-18 17:00:00+00:00,0.0,28.004333,1011.7083,81.08881,6.264706,0.47176626,1010.3321,31.758501,24.6085,10.661107
2015-09-19 17:00:00+00:00,0.0,28.837667,1008.3625,79.58441,7.1094813,0.46479163,1006.99445,33.0085,24.9585,10.495713
2015-09-20 17:00:00+00:00,12.7,28.3085,1006.72095,82.38613,5.8642344,0.46130213,1005.3527,32.4585,25.9085,9.6932955
2015-09-21 17:00:00+00:00,0.90000004,28.21892,1006.9041,80.172966,6.79047,0.46153414,1005.53564,32.108498,24.8585,11.090103
2015-09-22 17:00:00+00:00,1.4,28.333496,1007.5374,79.3044,6.6492996,0.4565167,1006.16864,32.2085,25.1085,12.599998
2015-09-23 17:00:00+00:00,0.0,28.71267,1006.24164,75.56956,6.8159623,0.45114842,1004.87616,32.3085,26.008501,10.990322
2015-09-24 17:00:00+00:00,0.0,29.2835,1004.75415,70.05274,7.953501,0.44483617,1003.39325,33.3085,26.6085,13.896187
2015-09-25 17:00:00+00:00,0.3,29.123083,1005.77496,74.068695,6.6700797,0.43850705,1004.4119,33.0585,26.4585,10.799999
2015-09-26 17:00:00+00:00,1.1,27.958502,1007.1624,83.04741,5.975729,0.43405414,1005.7924,30.9085,25.008501,9.531505
2015-09-27 17:00:00+00:00,0.0,27.94184,1007.6001,84.029854,5.2261767,0.43069002,1006.2292,31.1085,24.3085,9.83268
2015-09-28 17:00:00+00:00,0.0,28.264746,1008.05426,81.68067,5.8394933,0.4264008,1006.6841,31.6585,25.4085,9.531505
2015-09-29 17:00:00+00:00,0.8,28.200165,1010.04175,81.27941,6.432051,0.4223813,1008.66864,31.758501,25.008501,9.0
2015-09-30 17:00:00+00:00,2.9,27.42933,1011.7126,86.79483,6.331862,0.41993997,1010.33374,30.258501,24.9585,13.556282
2015-10-01 17:00:00+00:00,7.4,26.306417,1011.0289,89.43448,7.164987,0.42215297,1009.64624,28.9085,24.6585,16.24394
2015-10-02 17:00:00+00:00,16.5,25.716833,1010.3291,90.46589,7.9380283,0.43082047,1008.9446,28.0585,24.6585,11.019764
2015-10-03 17:00:00+00:00,9.9,25.958502,1010.1709,88.1227,9.060026,0.44214296,1008.7876,28.008501,24.3585,14.145756
2015-10-04 17:00:00+00:00,12.100001,26.164751,1011.30414,87.49407,5.0803256,0.44557586,1009.9201,28.2085,24.5585,8.714677
2015-10-05 17:00:00+00:00,19.0,25.860586,1011.7917,89.61631,3.843135,0.46405753,1010.4056,28.2085,24.6085,8.225035
2015-10-06 17:00:00+00:00,5.0000005,26.500168,1011.50836,85.509575,5.188669,0.46883157,1010.12555,29.508501,24.0585,8.913181
2015-10-07 17:00:00+00:00,15.0,25.666832,1011.02094,91.142784,4.4443517,0.47354746,1009.63495,27.1085,24.2085,7.928177
2015-10-08 17:00:00+00:00,17.900002,25.868917,1009.84595,90.267296,4.847068,0.48019704,1008.46246,29.1585,23.4585,9.47012
2015-10-09 17:00:00+00:00,8.199999,24.612665,1011.07495,88.50079,16.720179,0.48744118,1009.684,26.008501,22.9085,31.667723
2015-10-10 17:00:00+00:00,35.199997,22.72725,1015.36255,87.923645,25.906523,0.49306288,1013.9568,23.758501,21.9585,30.319181
2015-10-11 17:00:00+00:00,43.299995,23.810585,1016.0042,90.14793,21.94329,0.49673834,1014.6027,25.008501,23.2085,27.381308
2015-10-12 17:00:00+00:00,55.2,24.123083,1015.85834,91.38448,16.921795,0.49593338,1014.45856,25.2085,23.4085,22.19773
2015-10-13 17:00:00+00:00,24.099997,23.871002,1014.8667,90.384796,10.636637,0.49330083,1013.46704,25.008501,22.6585,12.599998
2015-10-14 17:00:00+00:00,14.2,25.2835,1014.2751,86.25733,8.939678,0.4918188,1012.8828,27.6085,23.4585,12.768586
2015-10-15 17:00:00+00:00,0.1,24.718916,1013.57074,82.19164,6.0472145,0.48361382,1012.17676,27.8085,21.3585,11.252519
2015-10-16 17:00:00+00:00,1.8,24.604332,1012.8125,85.010994,6.1552978,0.4778814,1011.4191,27.1585,21.3085,11.304229
2015-10-17 17:00:00+00:00,0.0,24.362665,1013.22076,80.84286,5.785576,0.47283494,1011.8257,27.9085,20.9585,9.346143
2015-10-18 17:00:00+00:00,0.0,23.491835,1011.77094,82.945854,8.124811,0.46679124,1010.3736,27.5585,19.6585,12.181624
2015-10-19 17:00:00+00:00,0.0,24.05433,1009.82916,75.23255,6.6813188,0.46105132,1008.4372,28.8085,19.1585,9.339208
2015-10-20 17:00:00+00:00,0.0,24.106417,1010.39166,79.43065,5.7268033,0.4555538,1008.9993,29.0585,19.008501,11.304229
2015-10-21 17:00:00+00:00,0.0,24.8085,1011.6709,82.11819,6.4819655,0.45052752,1010.27985,28.508501,20.6085,12.605142
2015-10-22 17:00:00+00:00,0.0,24.750166,1012.49164,82.96676,6.0742583,0.4463259,1011.09937,28.1085,21.508501,9.585739
2015-10-23 17:00:00+00:00,0.2,24.104334,1013.63336,85.28338,7.9159985,0.44267046,1012.2365,27.2085,21.258501,11.681987
2015-10-24 17:00:00+00:00,2.0000002,24.74808,1014.49585,86.81672,6.266313,0.4407287,1013.10077,27.6085,21.9085,11.457958
2015-10-25 17:00:00+00:00,0.9,25.718918,1014.39575,84.262115,5.409105,0.43939626,1013.00543,28.1085,23.9585,10.464797
2015-10-26 17:00:00+00:00,0.0,26.06475,1014.0,82.458755,8.680973,0.43678,1012.6118,28.4585,23.6085,12.7279215
2015-10-27 17:00:00+00:00,0.0,25.90017,1014.6333,84.648346,9.408303,0.43314588,1013.2436,29.008501,22.3085,14.003029
2015-10-28 17:00:00+00:00,0.0,26.096,1015.08746,83.82531,10.124135,0.4292575,1013.698,28.9585,23.2085,12.864649
2015-10-29 17:00:00+00:00,0.5,26.062668,1014.9417,84.02581,11.5202265,0.42586085,1013.5522,28.508501,23.258501,14.685176
2015-10-30 17:00:00+00:00,5.6,25.03975,1016.3792,86.94681,12.862289,0.42477703,1014.9831,27.6085,22.8585,19.586117
2015-10-31 17:00:00+00:00,45.7,23.779337,1017.16675,92.47284,17.525402,0.4404421,1015.7634,25.0585,23.1085,22.101183
2015-11-01 17:00:00+00:00,22.500002,24.054335,1017.0583,85.46445,15.80889,0.47566092,1015.6565,25.7085,23.0585,21.142147
2015-11-02 17:00:00+00:00,5.0,24.208498,1016.0581,83.20243,9.315128,0.47748876,1014.6586,26.758501,21.9085,15.725037
2015-11-03 17:00:00+00:00,22.399998,24.271002,1014.35004,91.17932,15.920075,0.48583248,1012.95294,26.3085,23.3585,20.211363
2015-11-04 17:00:00+00:00,40.999996,24.450167,1012.6458,92.55306,16.630121,0.4953092,1011.252,26.0585,23.8585,20.620806
2015-11-05 17:00:00+00:00,11.9,24.931414,1011.71655,92.242714,12.199973,0.49248207,1010.32635,27.1085,24.008501,19.296133
2015-11-06 17:00:00+00:00,5.5,25.504333,1013.07904,89.904755,7.3638425,0.49431422,1011.68964,28.6085,23.6585,14.689589
2015-11-07 17:00:00+00:00,0.3,25.9335,1013.97504,88.10037,8.578841,0.48974624,1012.58636,28.508501,23.6085,12.144331
2015-11-08 17:00:00+00:00,1.3000001,25.8835,1013.5459,86.950386,9.613618,0.48468006,1012.1574,27.9085,24.0585,14.33234
2015-11-09 17:00:00+00:00,1.0,25.504335,1012.8875,86.1651,10.45894,0.48063865,1011.49835,28.1085,23.1085,14.685176
2015-11-10 17:00:00+00:00,0.0,25.831415,1012.74585,85.86893,11.045876,0.47651163,1011.3582,28.508501,23.008501,15.876775
2015-11-11 17:00:00+00:00,1.9000001,26.1085,1013.05817,88.40981,11.079346,0.47240123,1011.6716,28.8585,24.508501,14.88242
2015-11-12 17:00:00+00:00,4.3999996,26.112669,1012.4458,87.60607,6.1152706,0.4717413,1011.06,29.4585,23.2085,11.27553
2015-11-13 17:00:00+00:00,5.1,25.218918,1011.81665,93.91446,6.235399,0.47339377,1010.4277,27.6585,23.258501,9.3876505
2015-11-14 17:00:00+00:00,1.7,25.93975,1011.3791,88.67154,7.7109485,0.47292838,1009.9939,29.3085,23.3585,12.964998
2015-11-15 17:00:00+00:00,0.7,26.260584,1010.54156,86.32247,8.895082,0.4698054,1009.1591,30.0585,22.4085,13.202726
2015-11-16 17:00:00+00:00,0.0,26.920998,1010.9875,85.93217,9.127927,0.4654633,1009.60724,30.508501,23.6085,14.764389
2015-11-17 17:00:00+00:00,0.1,25.816833,1012.9626,89.35342,10.191578,0.4606792,1011.57446,29.3085,22.3585,16.09969
2015-11-18 17:00:00+00:00,0.0,26.29183,1013.7834,85.89806,12.658174,0.45628914,1012.3965,28.8585,24.4085,14.799459
2015-11-19 17:00:00+00:00,3.2000005,25.143919,1013.47504,89.0444,10.434012,0.45374045,1012.0832,27.2085,23.758501,15.315873
2015-11-20 17:00:00+00:00,5.0,24.331419,1013.5625,91.31138,8.906654,0.4537563,1012.1668,26.1085,23.3085,14.84318
2015-11-21 17:00:00+00:00,11.799999,23.810583,1013.5959,93.3186,8.254361,0.45932412,1012.19775,25.1085,23.258501,11.792404
2015-11-22 17:00:00+00:00,5.2999997,24.239748,1013.80426,91.17841,11.353126,0.46420082,1012.4079,26.0585,23.2085,20.265795
2015-11-23 17:00:00+00:00,5.0000005,24.52933,1013.325,89.60851,13.393903,0.46431336,1011.93066,26.3585,23.3085,17.518356
2015-11-24 17:00:00+00:00,6.9,24.2335,1014.22504,89.78732,13.6180725,0.4658729,1012.82794,25.8585,23.1085,15.496736
2015-11-25 17:00:00+00:00,50.8,22.606417,1015.7124,91.578835,18.246655,0.48186544,1014.30585,23.508501,22.008501,24.162947
2015-11-26 17:00:00+00:00,25.399998,23.314753,1016.1916,87.676216,20.840956,0.4952134,1014.7876,24.5585,22.258501,27.219902
2015-11-27 17:00:00+00:00,31.9,23.229334,1017.6958,92.329994,16.802504,0.49537873,1016.28937,25.008501,22.6085,21.659916
2015-11-28 17:00:00+00:00,7.1999993,24.337664,1017.86255,89.16338,13.9293585,0.49456838,1016.46094,26.3585,22.9085,18.25026
2015-11-29 17:00:00+00:00,2.5000002,24.654335,1016.2292,85.30657,13.2537565,0.4873058,1014.83136,26.8085,23.3085,16.93531
2015-11-30 17:00:00+00:00,0.0,25.306417,1013.9124,84.276634,15.22692,0.47814202,1012.5208,28.008501,23.4085,19.881649
2015-12-01 17:00:00+00:00,0.0,25.206415,1013.81244,87.4184,11.828118,0.4688371,1012.4206,28.6585,22.3085,17.28
2015-12-02 17:00:00+00:00,0.4,25.229334,1015.06665,84.26625,14.48299,0.46046087,1013.67303,27.3585,23.6585,18.0
2015-12-03 17:00:00+00:00,4.700001,24.121004,1015.4334,87.03741,13.82523,0.45539045,1014.0342,26.6085,22.1085,19.493261
2015-12-04 17:00:00+00:00,6.8999996,21.9835,1016.03326,90.29185,18.412374,0.45332456,1014.6232,22.508501,21.4585,25.944988
2015-12-05 17:00:00+00:00,15.699999,21.239752,1018.83325,86.36957,24.494253,0.45817542,1017.4156,21.9585,20.6585,29.914679
2015-12-06 17:00:00+00:00,20.399998,20.487667,1019.96246,87.958885,20.469252,0.46194124,1018.53955,20.7085,20.2085,24.693481
2015-12-07 17:00:00+00:00,18.199999,21.10017,1018.1958,89.54592,11.10275,0.46928957,1016.7784,22.1585,20.3585,15.034041
2015-12-08 17:00:00+00:00,3.6999998,21.523085,1015.77905,86.33161,15.269402,0.46978498,1014.3672,22.6085,20.7085,19.862083
2015-12-09 17:00:00+00:00,1.3000001,22.552252,1014.7666,84.52929,8.890921,0.4661863,1013.361,24.5585,21.2085,12.313893
2015-12-10 17:00:00+00:00,0.0,23.264755,1013.11676,87.444466,7.5451417,0.46248087,1011.7166,25.9085,21.3085,12.682018
2015-12-11 17:00:00+00:00,0.0,23.925165,1011.68335,90.47732,9.364613,0.4572988,1010.28827,28.0585,20.758501,15.124284
2015-12-12 17:00:00+00:00,0.0,24.456415,1012.1792,89.480934,9.751784,0.4517425,1010.78595,28.4085,20.8085,16.23596
2015-12-13 17:00:00+00:00,0.4,24.350168,1013.3794,87.96938,8.94787,0.44697618,1011.9839,26.8085,22.1085,11.966953
2015-12-14 17:00:00+00:00,14.5,22.943916,1014.9417,91.34552,9.744399,0.44590712,1013.53754,25.3585,21.4585,14.973577
2015-12-15 17:00:00+00:00,47.0,20.227251,1018.7458,87.07429,26.810295,0.46783578,1017.3234,21.508501,18.258501,32.138947
2015-12-16 17:00:00+00:00,12.0,17.941833,1022.26245,84.89208,22.385643,0.4766284,1020.824,18.508501,17.3085,29.16889
2015-12-17 17:00:00+00:00,10.6,18.8085,1021.1416,86.937706,8.42303,0.4808259,1019.709,20.0585,17.4585,10.365251
2015-12-18 17:00:00+00:00,10.099999,20.10225,1020.53735,87.64786,9.744789,0.4879487,1019.11206,21.508501,19.508501,14.934577
2015-12-19 17:00:00+00:00,6.6,21.025167,1018.95404,87.83411,9.663298,0.4910704,1017.5354,21.9585,20.0585,13.276144
2015-12-20 17:00:00+00:00,11.4,21.685585,1017.32086,89.099846,12.965855,0.49135247,1015.9075,22.4085,20.9085,17.873556
2015-12-21 17:00:00+00:00,6.1999993,22.125168,1016.89594,92.104004,12.285587,0.49348047,1015.4853,22.9085,21.7085,19.969458
2015-12-22 17:00:00+00:00,0.1,23.360582,1015.575,89.61362,6.782457,0.4910513,1014.1721,26.7085,21.3585,11.609651
2015-12-23 17:00:00+00:00,0.0,23.973085,1014.0083,91.37153,6.3242126,0.48533082,1012.61035,27.6085,20.508501,10.483357
2015-12-24 17:00:00+00:00,5.2,23.31475,1016.54156,92.21576,9.512462,0.48171926,1015.13715,26.1085,20.5585,14.904173
2015-12-25 17:00:00+00:00,2.4999998,20.737669,1017.9917,84.49157,14.619023,0.48131123,1016.57294,21.9585,19.8585,17.917007
2015-12-26 17:00:00+00:00,3.0,21.479332,1019.82916,89.19745,13.628982,0.47870502,1018.41144,22.9085,20.4585,19.416653
2015-12-27 17:00:00+00:00,11.699999,21.541834,1021.42505,92.169556,10.728105,0.48083082,1020.0054,22.7085,20.8585,20.211363
2015-12-28 17:00:00+00:00,10.9,21.746,1019.8625,93.38645,9.51438,0.48751375,1018.44586,23.3585,20.508501,14.113653
2015-12-29 17:00:00+00:00,17.699999,19.18767,1020.67084,90.78717,18.004213,0.4918542,1019.2407,20.2085,18.4085,25.741888
2015-12-30 17:00:00+00:00,29.2,20.268919,1022.0125,91.34457,15.687091,0.49738428,1020.5857,21.8085,19.008501,25.44566
2015-12-31 17:00:00+00:00,11.2,21.289751,1022.33746,85.23368,17.007637,0.4880596,1020.91534,23.3585,19.8585,22.007162
2016-01-01 17:00:00+00:00,0.70000005,21.241835,1020.15826,87.112465,5.8368726,0.4756346,1018.73895,22.508501,19.6585,10.308831
2016-01-02 17:00:00+00:00,0.8,22.1585,1017.86237,87.87069,6.44062,0.46628878,1016.4505,23.8085,21.008501,9.565437
2016-01-03 17:00:00+00:00,0.0,22.88975,1016.2583,90.403534,5.3052163,0.45769712,1014.85223,25.4085,21.2085,12.768586
2016-01-04 17:00:00+00:00,0.0,23.264753,1014.77094,91.35436,5.8683968,0.44954753,1013.36847,26.3585,20.8085,10.483357
2016-01-05 17:00:00+00:00,0.2,22.708502,1016.2334,92.518555,5.3668466,0.4425433,1014.82635,26.0585,20.1585,9.904906
2016-01-06 17:00:00+00:00,0.4,23.241837,1017.1208,88.67337,13.96214,0.43677127,1015.71515,26.258501,21.6085,19.245697
2016-01-07 17:00:00+00:00,0.0,23.377249,1016.19586,84.96339,15.074996,0.4317975,1014.79224,25.6585,21.9585,18.692286
2016-01-08 17:00:00+00:00,1.6,22.966835,1014.61255,88.616295,15.538842,0.42772874,1013.209,24.7085,21.6585,18.25026
2016-01-09 17:00:00+00:00,0.6,23.693918,1012.89166,88.92547,9.090023,0.4244534,1011.49384,27.3085,20.6585,15.696165
2016-01-10 17:00:00+00:00,2.2999997,23.310585,1013.56665,88.09942,8.987223,0.4208641,1012.1662,28.508501,20.6085,18.1041
2016-01-11 17:00:00+00:00,11.6,21.971,1015.77094,91.012054,12.849814,0.42058912,1014.361,23.2085,21.3585,15.517629
2016-01-12 17:00:00+00:00,14.9,21.796,1015.47076,93.85902,15.196052,0.4290308,1014.0608,22.1585,21.3585,18.671474
2016-01-13 17:00:00+00:00,0.8,23.3585,1013.8249,91.20139,11.494271,0.4334713,1012.4245,25.6085,21.9585,17.447933
2016-01-14 17:00:00+00:00,1.8,23.281418,1011.17914,93.1401,8.37784,0.43100965,1009.782,26.0585,21.2085,14.512064
2016-01-15 17:00:00+00:00,0.3,23.26475,1010.2791,92.09756,8.2282095,0.43031788,1008.88306,25.9085,21.6085,11.988594
2016-01-16 17:00:00+00:00,4.6000004,23.479332,1010.0041,91.5391,8.773549,0.43032956,1008.60944,28.008501,20.5585,22.319998
2016-01-17 17:00:00+00:00,11.099999,21.760584,1013.54156,89.817566,12.535259,0.43319297,1012.13403,22.3585,21.258501,18.837322
2016-01-18 17:00:00+00:00,17.7,21.475168,1014.9377,94.55783,8.566375,0.44197583,1013.52655,22.3085,20.7085,14.264361
2016-01-19 17:00:00+00:00,0.0,21.589752,1015.8208,88.32328,10.029703,0.44414377,1014.4092,23.1585,20.4085,14.707222
2016-01-20 17:00:00+00:00,0.0,23.041832,1014.39996,88.458336,4.4719357,0.44141582,1012.99713,25.6585,21.3085,10.630672
2016-01-21 17:00:00+00:00,0.6,24.0585,1014.70404,90.719536,6.4586263,0.43891212,1013.30566,26.3085,22.758501,13.32
2016-01-22 17:00:00+00:00,16.099998,19.210585,1021.42914,86.794945,24.635492,0.4438813,1019.998,22.8585,16.258501,29.947151
2016-01-23 17:00:00+00:00,10.299999,15.479333,1028.5332,80.82185,28.519903,0.4489292,1027.0737,16.258501,14.5585,33.190357
2016-01-24 17:00:00+00:00,6.8999996,14.870999,1027.7709,79.58035,19.761698,0.45112205,1026.3092,15.4585,14.2585,25.212852
2016-01-25 17:00:00+00:00,14.9,16.023085,1023.25415,88.02222,11.478176,0.45584914,1021.8047,17.0585,15.2585,13.797913
2016-01-26 17:00:00+00:00,1.6000001,17.560583,1019.8916,85.892975,7.4089622,0.45888796,1018.4548,19.2085,15.4585,12.7279215
2016-01-27 17:00:00+00:00,0.0,20.077251,1015.7249,85.56952,6.1832905,0.45662415,1014.3059,22.758501,17.7085,9.746631
2016-01-28 17:00:00+00:00,0.4,21.18975,1015.4875,89.09689,5.4639583,0.45355454,1014.0742,23.8085,18.4085,11.570515
2016-01-29 17:00:00+00:00,8.900001,21.633501,1015.66254,94.25442,9.104435,0.45599744,1014.2512,22.3085,21.1085,12.496718
2016-01-30 17:00:00+00:00,0.8,23.025164,1014.0208,91.94985,9.093505,0.45780408,1012.6184,25.3585,21.508501,12.413476
2016-01-31 17:00:00+00:00,10.599999,19.716835,1018.0166,88.49343,21.890478,0.45954248,1016.593,21.5585,17.6585,27.21038
2016-02-01 17:00:00+00:00,7.5000005,17.464752,1021.25836,82.668686,21.673775,0.46158716,1019.8189,18.258501,16.9585,25.050413
2016-02-02 17:00:00+00:00,2.1,18.246,1019.6624,83.44282,9.56252,0.46150842,1018.22925,19.5585,16.9085,14.05845
2016-02-03 17:00:00+00:00,15.599999,19.385586,1018.4583,90.30481,7.1051326,0.4623942,1017.0322,20.3085,18.508501,11.631956
2016-02-04 17:00:00+00:00,17.100002,18.443916,1019.4333,88.336586,20.249313,0.47635636,1018.0013,19.258501,16.9585,23.759998
2016-02-05 17:00:00+00:00,5.9999995,16.979334,1023.31244,72.466415,25.898073,0.48134425,1021.86774,17.7085,16.7085,28.47643
2016-02-06 17:00:00+00:00,0.6,17.023085,1024.6124,57.497406,19.183546,0.47820625,1023.1662,18.4085,15.8085,24.967497
2016-02-07 17:00:00+00:00,0.0,17.15225,1021.62915,63.1593,9.886215,0.4730654,1020.1879,19.4085,14.3085,14.8257065
2016-02-08 17:00:00+00:00,0.0,18.398085,1018.5125,79.32078,4.191667,0.46944344,1017.0815,20.758501,15.7085,6.8777895
2016-02-09 17:00:00+00:00,0.0,20.489752,1014.6333,85.77851,8.554148,0.46592167,1013.21796,24.3085,17.1085,14.182355
2016-02-10 17:00:00+00:00,0.0,21.552254,1012.00836,83.965706,8.740392,0.4613013,1010.6014,27.758501,15.2585,16.766108
2016-02-11 17:00:00+00:00,0.0,22.585585,1010.70013,79.63553,8.570806,0.4560846,1009.29956,29.3585,15.7585,14.84318
2016-02-12 17:00:00+00:00,0.0,23.696,1010.40424,75.49892,7.0727215,0.45058343,1009.0096,31.4085,17.1085,12.9249525
2016-02-13 17:00:00+00:00,0.0,24.016832,1010.95844,79.385826,7.9730563,0.44505963,1009.56445,30.8585,18.1585,14.561099
2016-02-14 17:00:00+00:00,7.0999994,19.7335,1019.74585,86.98553,20.577417,0.44386125,1018.31976,22.0585,18.1085,25.772078
2016-02-15 17:00:00+00:00,5.6999984,18.525167,1022.2209,85.09387,14.352315,0.44555128,1020.7852,19.4585,17.9085,19.469976
2016-02-16 17:00:00+00:00,4.8,18.862669,1021.03345,86.242775,9.127486,0.4477646,1019.60114,19.758501,18.008501,14.471821
2016-02-17 17:00:00+00:00,2.8999999,19.92725,1018.9001,86.270905,7.542907,0.4486058,1017.476,22.008501,18.3085,13.1041975
2016-02-18 17:00:00+00:00,0.5,21.273087,1017.2209,87.43755,8.838162,0.44688627,1015.80566,24.758501,19.1085,14.81259
2016-02-19 17:00:00+00:00,10.699999,19.075169,1021.01245,89.997314,19.499247,0.4485055,1019.5813,20.1585,17.8585,27.345785
2016-02-20 17:00:00+00:00,0.1,20.208502,1018.1999,85.04806,7.689841,0.44859087,1016.77814,23.7085,18.1585,15.2947035
2016-02-21 17:00:00+00:00,0.0,22.075167,1016.41254,90.416626,7.4451795,0.44475588,1015.0022,26.6085,17.8585,15.379206
2016-02-22 17:00:00+00:00,5.3,22.206415,1018.1543,92.79489,13.144298,0.4432267,1016.7421,24.3085,20.8085,19.008545
2016-02-23 17:00:00+00:00,28.0,18.875168,1023.0041,91.04658,22.316605,0.45446417,1021.5693,20.4085,17.5585,25.772078
2016-02-24 17:00:00+00:00,19.0,18.083502,1024.9376,90.729576,17.777449,0.46825242,1023.49603,18.8085,17.4085,21.2522
2016-02-25 17:00:00+00:00,20.299997,17.487669,1025.2084,89.66219,20.876604,0.48074675,1023.7636,18.0585,16.6585,25.212852
2016-02-26 17:00:00+00:00,9.299999,17.533503,1023.6001,87.02707,15.202118,0.48647538,1022.15753,18.4585,16.8585,20.172853
2016-02-27 17:00:00+00:00,5.3000007,18.387669,1022.72095,85.539795,11.201182,0.48801208,1021.28394,19.5585,17.4085,16.263872
2016-02-28 17:00:00+00:00,2.2,19.143915,1023.0,79.99139,13.681267,0.48691544,1021.56647,20.8085,18.2085,20.570463
2016-02-29 17:00:00+00:00,0.3,19.079334,1021.13336,81.16776,6.272299,0.48340955,1019.70215,21.1585,16.6585,12.738099
2016-03-01 17:00:00+00:00,4.1000004,20.479334,1019.87494,90.19473,13.974057,0.48253298,1018.45215,22.7085,18.8085,17.114204
2016-03-02 17:00:00+00:00,0.4,21.25225,1018.14166,88.40182,16.56145,0.480948,1016.72516,23.3585,20.0585,22.346113
2016-03-03 17:00:00+00:00,0.0,21.677252,1015.0249,89.24329,12.043236,0.4764566,1013.6147,25.1085,19.3585,17.518356
2016-03-04 17:00:00+00:00,0.0,22.071,1013.95416,91.548485,9.164453,0.4719433,1012.54736,25.9085,19.9585,15.7908325
2016-03-05 17:00:00+00:00,0.6,22.564749,1014.675,91.69668,12.122064,0.46826622,1013.26953,24.8585,21.1085,15.844089
2016-03-06 17:00:00+00:00,0.0,23.529335,1011.4499,91.28292,10.634057,0.46409908,1010.0535,27.1585,20.6085,17.581125
2016-03-07 17:00:00+00:00,0.0,25.421,1008.55414,90.49572,9.725827,0.45897004,1007.1706,29.7085,21.258501,17.339897
2016-03-08 17:00:00+00:00,0.0,27.0085,1007.59576,86.985435,9.051304,0.4534904,1006.22064,31.7085,22.258501,17.208603
2016-03-09 17:00:00+00:00,4.2999997,23.223085,1012.8957,90.18168,14.95271,0.4496825,1011.49567,28.9085,19.6585,27.238941
2016-03-10 17:00:00+00:00,4.4999995,19.70017,1018.75,84.4204,13.529247,0.44979843,1017.32513,20.0585,19.3585,21.659916
2016-03-11 17:00:00+00:00,0.90000004,21.243917,1014.7249,86.80944,5.472791,0.4486384,1013.31323,24.008501,19.4585,9.957108
2016-03-12 17:00:00+00:00,0.0,23.41892,1011.9209,91.4475,9.50946,0.4451151,1010.5232,28.5585,18.758501,16.641972
2016-03-13 17:00:00+00:00,3.0,20.53142,1016.53345,86.5477,14.027932,0.44331124,1015.11566,22.1585,19.6585,18.58451
2016-03-14 17:00:00+00:00,0.0,21.416834,1013.31244,87.23469,7.419768,0.4406946,1011.9033,24.258501,19.008501,11.525623
2016-03-15 17:00:00+00:00,0.0,23.708504,1010.45416,93.00579,8.367826,0.4365351,1009.06,27.3585,20.3085,16.215992
2016-03-16 17:00:00+00:00,0.0,25.666832,1009.50415,91.829704,8.4614935,0.43190345,1008.1202,29.3585,21.8585,16.595179
2016-03-17 17:00:00+00:00,0.0,27.171,1007.8708,87.96099,8.246556,0.42695293,1006.4959,31.6085,22.8585,16.62249
2016-03-18 17:00:00+00:00,0.0,26.275167,1008.7542,89.7522,8.008801,0.4220012,1007.3741,30.3085,22.258501,15.941944
2016-03-19 17:00:00+00:00,0.0,26.341835,1008.6792,92.02741,9.220067,0.41726592,1007.2995,30.3585,23.258501,17.414476
2016-03-20 17:00:00+00:00,0.0,26.787664,1007.3376,88.259346,10.002105,0.4125103,1005.96173,31.3585,22.9585,20.316889
2016-03-21 17:00:00+00:00,0.0,26.239752,1007.12085,90.05973,9.245217,0.40769887,1005.743,29.9085,23.6085,17.313717
2016-03-22 17:00:00+00:00,0.1,26.385582,1008.42914,89.66495,7.4223633,0.40346578,1007.05005,30.6585,22.4585,13.698934
2016-03-23 17:00:00+00:00,6.5,22.143915,1015.4416,91.67629,18.81294,0.40217248,1014.033,24.0585,20.0585,28.8
2016-03-24 17:00:00+00:00,11.299999,19.554335,1021.55426,88.890564,20.005594,0.40748623,1020.1245,20.2085,18.6085,25.60053
2016-03-25 17:00:00+00:00,4.3,19.864752,1020.83746,82.817406,10.4556675,0.41054878,1019.4104,21.5585,18.7085,14.081478
2016-03-26 17:00:00+00:00,9.999999,20.018917,1021.63324,87.78555,12.844386,0.4169662,1020.206,21.0585,19.1085,16.418526
2016-03-27 17:00:00+00:00,0.4,21.243917,1019.77496,79.71859,15.469499,0.41821375,1018.35614,23.4085,19.008501,20.16
2016-03-28 17:00:00+00:00,0.0,22.020998,1017.82495,81.44802,13.903346,0.41454303,1016.4124,25.4085,19.8085,20.140705
2016-03-29 17:00:00+00:00,0.0,22.31475,1015.7668,87.55301,9.346824,0.41000375,1014.35834,26.1585,19.258501,12.661564
2016-03-30 17:00:00+00:00,0.6,23.010588,1013.98334,91.911255,7.23898,0.40633926,1012.581,25.6585,21.008501,12.758432
2016-03-31 17:00:00+00:00,0.0,24.295998,1011.2542,91.49893,8.39727,0.40328994,1009.8615,28.008501,21.258501,13.698934
2016-04-01 17:00:00+00:00,0.0,25.383501,1011.1707,90.46967,8.344318,0.3994625,1009.78345,28.4085,22.5585,14.869351
2016-04-02 17:00:00+00:00,0.0,26.083498,1010.8625,90.53601,7.4548697,0.39558795,1009.4786,30.0585,22.5585,15.683776
2016-04-03 17:00:00+00:00,0.0,27.098083,1008.49176,85.69927,7.84754,0.39155376,1007.1157,31.0585,22.508501,16.42247
2016-04-04 17:00:00+00:00,0.0,27.485582,1008.2083,82.78782,8.24014,0.38734713,1006.8344,31.8585,23.3585,16.575644
2016-04-05 17:00:00+00:00,0.0,27.283499,1008.2749,85.72335,11.621518,0.38287914,1006.9002,31.0585,23.2085,18.345877
2016-04-06 17:00:00+00:00,0.0,27.464752,1008.39594,84.041695,9.440536,0.37846413,1007.02155,32.3085,22.6085,16.394829
2016-04-07 17:00:00+00:00,0.0,26.923086,1009.4792,89.289734,9.3784685,0.3741213,1008.1011,30.6585,23.4085,15.119999
2016-04-08 17:00:00+00:00,0.0,26.848083,1009.0249,89.73763,8.668074,0.37038004,1007.64716,30.4085,23.8585,13.979871
2016-04-09 17:00:00+00:00,0.0,29.260584,1006.26245,75.035934,7.91093,0.36582246,1004.8994,35.7585,24.1585,11.966954
2016-04-10 17:00:00+00:00,0.0,28.062666,1005.62085,77.535736,8.496902,0.360885,1004.2531,35.5085,24.508501,15.281989
2016-04-11 17:00:00+00:00,0.0,28.152252,1004.79584,85.485664,6.725689,0.35678542,1003.4295,32.608498,23.9085,13.797912
2016-04-12 17:00:00+00:00,0.0,30.564749,1002.7,64.28669,8.771894,0.35237965,1001.34735,37.3085,25.1085,13.896187
2016-04-13 17:00:00+00:00,0.0,30.441832,1004.5999,64.66428,7.3535976,0.34743997,1003.2442,37.4585,25.258501,13.441071
2016-04-14 17:00:00+00:00,0.0,29.723082,1006.25,71.865135,8.348282,0.34292006,1004.88885,36.108498,24.258501,17.339897
2016-04-15 17:00:00+00:00,0.0,29.59183,1006.32513,71.668205,8.207777,0.3386691,1004.9632,36.608498,23.8585,16.263872
2016-04-16 17:00:00+00:00,0.0,29.041832,1006.75836,78.69128,8.426725,0.33505464,1005.3935,34.5085,23.5585,16.394829
2016-04-17 17:00:00+00:00,1.1,25.052252,1011.60406,86.07462,12.928411,0.33355537,1010.21466,26.4585,24.0585,28.137632
2016-04-18 17:00:00+00:00,0.0,25.887665,1012.53754,85.233025,8.823258,0.33259457,1011.1504,29.508501,23.3585,15.192682
2016-04-19 17:00:00+00:00,1.0,27.00225,1010.5584,85.27535,10.29721,0.33083704,1009.1792,31.8085,23.7085,15.496736
2016-04-20 17:00:00+00:00,0.0,27.473082,1009.44165,84.509514,8.315441,0.3287805,1008.06616,32.108498,23.2085,14.113653
2016-04-21 17:00:00+00:00,0.0,28.552248,1007.1458,79.73348,8.951732,0.3260192,1005.77814,33.658497,23.6585,17.148247
2016-04-22 17:00:00+00:00,0.0,29.046,1006.2541,76.05996,10.631219,0.32311755,1004.88995,34.0085,25.258501,18.161278
2016-04-23 17:00:00+00:00,0.0,29.393915,1005.60406,72.34941,8.311403,0.32030168,1004.2426,35.4585,24.8585,15.03835
2016-04-24 17:00:00+00:00,0.0,29.56058,1007.0208,76.040825,9.211101,0.31768787,1005.65814,34.2085,24.9585,15.844089
2016-04-25 17:00:00+00:00,0.0,30.081419,1006.51263,74.74822,7.5207915,0.31477633,1005.1528,35.108498,25.1585,14.764389
2016-04-26 17:00:00+00:00,1.2,29.581415,1006.03754,77.30487,6.657701,0.3126667,1004.6761,33.7585,26.3585,11.726277
2016-04-27 17:00:00+00:00,0.0,27.421003,1008.62933,87.64783,9.350287,0.3118399,1007.25464,31.008501,25.508501,16.766108
2016-04-28 17:00:00+00:00,0.7,26.825165,1010.3374,89.31842,7.1823945,0.31052205,1008.95776,30.258501,24.7085,11.592894
2016-04-29 17:00:00+00:00,2.1,27.702253,1009.04596,84.355415,6.601269,0.3101983,1007.6718,31.4085,24.758501,14.007655
2016-04-30 17:00:00+00:00,0.70000005,28.727247,1007.47504,78.31785,6.8946013,0.30953714,1006.1079,33.358498,24.9085,15.2947035
2016-05-01 17:00:00+00:00,0.0,29.781416,1007.52496,74.89117,6.2245255,0.30709746,1006.16254,34.908497,25.4085,15.941944
2016-05-02 17:00:00+00:00,0.0,29.85225,1007.9875,75.56668,6.2103887,0.30480504,1006.62476,34.658497,25.758501,14.587776
2016-05-03 17:00:00+00:00,4.2999997,29.108498,1008.4375,79.78442,6.037096,0.30408582,1007.07074,33.858498,25.508501,13.627795
2016-05-04 17:00:00+00:00,0.0,29.652246,1007.6833,77.827,8.053656,0.3044642,1006.32,34.0085,25.3085,17.22742
2016-05-05 17:00:00+00:00,0.0,30.285583,1006.7874,74.61564,7.226732,0.30174085,1005.4282,35.158497,26.0585,16.055353
2016-05-06 17:00:00+00:00,0.0,30.266829,1006.825,76.14335,8.914032,0.2991142,1005.46564,34.5585,26.008501,18.03237
2016-05-07 17:00:00+00:00,0.0,30.273085,1007.7209,76.0295,7.457581,0.2969708,1006.36017,34.658497,26.2085,13.009903
2016-05-08 17:00:00+00:00,0.0,30.800165,1007.29156,72.46573,7.565785,0.29509372,1005.93414,35.5585,26.4585,17.106628
2016-05-09 17:00:00+00:00,0.5,30.654333,1006.89996,73.70068,5.791458,0.29345077,1005.54205,36.7585,26.8085,10.464797
2016-05-10 17:00:00+00:00,0.70000005,28.575165,1007.15826,85.48713,8.522437,0.29277334,1005.791,32.2085,26.5585,18.057508
2016-05-11 17:00:00+00:00,0.70000005,29.946,1005.30414,78.69595,8.042319,0.29184875,1003.9453,34.5585,26.3085,16.79314
2016-05-12 17:00:00+00:00,6.1000004,28.220999,1008.55414,86.5191,6.714372,0.29266587,1007.1833,34.0085,26.0585,16.299694
2016-05-13 17:00:00+00:00,0.0,27.827253,1010.65424,84.80714,8.508841,0.29448587,1009.2786,31.8085,25.008501,16.93531
2016-05-14 17:00:00+00:00,0.2,27.81475,1010.27515,85.38572,9.585143,0.29218504,1008.89996,31.7085,25.3085,15.256526
2016-05-15 17:00:00+00:00,8.6,24.795998,1011.6458,85.852425,15.357804,0.29532793,1010.25494,25.758501,23.8085,28.385262
2016-05-16 17:00:00+00:00,0.0,25.306417,1010.3042,76.195206,7.153911,0.29633626,1008.9174,28.6585,22.0585,12.538134
2016-05-17 17:00:00+00:00,3.3,27.333502,1008.68744,83.99812,6.431135,0.295535,1007.3125,31.7085,24.2085,17.873556
2016-05-18 17:00:00+00:00,1.4,28.489754,1006.5708,82.57215,6.650048,0.29684165,1005.2038,33.408497,24.4085,14.118243
2016-05-19 17:00:00+00:00,1.0,30.039747,1004.19165,69.67065,10.215531,0.2947155,1002.83496,33.8085,26.4085,18.193361
2016-05-20 17:00:00+00:00,2.2,28.65225,1006.1042,75.78431,14.266629,0.2939038,1004.7386,30.8585,26.6085,21.862406
2016-05-21 17:00:00+00:00,8.400001,27.004332,1007.9416,87.95373,7.4175916,0.29791042,1006.5661,30.4585,25.2085,15.03835
2016-05-22 17:00:00+00:00,10.3,27.343918,1007.3833,87.46006,6.361713,0.30248958,1006.0101,30.8585,25.1085,12.879752
2016-05-23 17:00:00+00:00,56.899998,27.60642,1005.5666,88.58543,5.1855397,0.31710666,1004.197,31.4085,25.7085,10.315115
2016-05-24 17:00:00+00:00,20.800001,28.025167,1004.30414,86.48249,5.264601,0.3520404,1002.93823,31.0585,25.6585,11.212135
2016-05-25 17:00:00+00:00,0.4,28.689753,1004.2957,77.986595,5.5643578,0.35523713,1002.93286,31.8085,26.1585,11.966954
2016-05-26 17:00:00+00:00,0.1,28.391832,1004.83746,79.37061,7.8202806,0.35193837,1003.4726,32.108498,26.0585,10.495713
2016-05-27 17:00:00+00:00,1.7000002,28.779333,1005.35425,77.52575,6.8516307,0.3488288,1003.9902,32.408497,26.6085,10.739832
2016-05-28 17:00:00+00:00,10.3,28.460587,1005.75006,81.90673,5.587169,0.3478075,1004.38403,32.5085,25.758501,10.587918
2016-05-29 17:00:00+00:00,6.4,28.787664,1006.8208,82.5835,5.0240207,0.34935626,1005.4548,32.4585,25.5585,8.4963045
2016-05-30 17:00:00+00:00,1.2,28.83767,1008.12915,80.52323,6.3778834,0.34887,1006.7617,32.5585,25.4585,12.904882
2016-05-31 17:00:00+00:00,0.0,29.954329,1007.825,73.69204,6.8906264,0.34426758,1006.46295,34.358498,26.258501,15.484185
2016-06-01 17:00:00+00:00,0.0,30.366835,1006.075,69.681206,8.283233,0.33857957,1004.7173,34.7085,26.508501,14.8257065
2016-06-02 17:00:00+00:00,0.0,30.3085,1006.38336,69.39006,8.312844,0.3327125,1005.02466,34.4585,26.5585,12.24
2016-06-03 17:00:00+00:00,2.2,29.870996,1006.94586,70.90592,9.019054,0.3282263,1005.5845,34.158497,27.1085,14.689589
2016-06-04 17:00:00+00:00,0.0,29.943918,1007.12085,70.26492,9.872696,0.32461873,1005.7596,34.0085,27.0585,15.7908325
2016-06-05 17:00:00+00:00,0.0,29.562666,1007.3083,68.61155,10.777047,0.32046792,1005.9451,33.358498,27.0585,21.129885
2016-06-06 17:00:00+00:00,0.0,29.902246,1007.26245,66.89762,10.498544,0.31657293,1005.9008,33.7085,27.0585,21.175835
2016-06-07 17:00:00+00:00,0.0,29.721003,1005.68317,66.428825,17.486269,0.3127717,1004.32324,32.7085,28.0585,27.047956
2016-06-08 17:00:00+00:00,0.0,30.583498,1005.18335,60.343246,18.80905,0.30980206,1003.8278,33.858498,28.8585,27.609911
2016-06-09 17:00:00+00:00,0.0,31.585585,1004.7915,54.968334,18.96337,0.3064871,1003.441,34.8085,28.8085,26.944744
2016-06-10 17:00:00+00:00,0.0,32.073086,1004.8374,55.270508,14.294189,0.30290124,1003.48895,35.5585,29.7085,20.26899
2016-06-11 17:00:00+00:00,0.0,32.01058,1005.0291,57.57423,10.41554,0.29962373,1003.6801,36.2085,29.008501,18.947083
2016-06-12 17:00:00+00:00,0.0,31.643919,1004.94995,58.63091,14.794727,0.29671377,1003.5993,35.9585,28.6085,21.068459
2016-06-13 17:00:00+00:00,0.0,31.916834,1003.68756,57.34348,13.670696,0.29408458,1002.3398,36.2585,29.1585,23.871555
2016-06-14 17:00:00+00:00,0.3,31.941832,1003.9915,57.45518,9.555701,0.29168507,1002.6435,36.7085,28.9085,18.671474
2016-06-15 17:00:00+00:00,11.1,31.000162,1005.4958,64.26381,7.356541,0.29026046,1004.1414,36.2085,27.508501,11.726277
2016-06-16 17:00:00+00:00,4.4,29.568918,1007.29584,75.0283,6.721472,0.29203,1005.9328,33.408497,27.1085,12.245293
2016-06-17 17:00:00+00:00,0.2,30.473082,1008.23334,65.38115,8.71862,0.2916358,1006.873,35.7085,26.758501,14.48972
2016-06-18 17:00:00+00:00,0.0,30.493912,1007.4709,67.94669,9.651107,0.2888659,1006.1116,35.108498,25.8085,18.584509
2016-06-19 17:00:00+00:00,0.4,30.656412,1005.9626,70.172714,10.864165,0.28662714,1004.60614,35.2085,26.8085,20.49156
2016-06-20 17:00:00+00:00,9.3,29.079332,1006.33746,75.72382,7.0450225,0.28788584,1004.9736,33.3085,26.6085,10.464797
2016-06-21 17:00:00+00:00,4.5999994,28.125168,1006.7749,79.37312,5.7771206,0.29365376,1005.40594,31.9085,25.508501,13.084402
2016-06-22 17:00:00+00:00,3.7,28.275167,1006.03754,78.18056,6.327702,0.29485294,1004.6702,32.108498,25.9085,8.587338
2016-06-23 17:00:00+00:00,0.2,28.989748,1005.9458,71.72565,6.3917255,0.2939213,1004.58203,32.8085,26.008501,9.565437
2016-06-24 17:00:00+00:00,0.0,29.02725,1006.96265,71.19351,8.438079,0.29095164,1005.5975,32.2085,26.7085,12.979984
2016-06-25 17:00:00+00:00,5.8,28.43142,1006.4875,75.34405,6.8652167,0.2900796,1005.1204,32.0085,25.6585,14.118243
2016-06-26 17:00:00+00:00,12.4,26.381414,1004.81244,88.600746,7.957855,0.30115625,1003.4383,28.3085,25.008501,13.75558
2016-06-27 17:00:00+00:00,3.7,26.860582,1004.89166,88.74167,6.2130013,0.30440542,1003.5196,29.758501,25.3585,12.738099
2016-06-28 17:00:00+00:00,5.4,27.766832,1006.075,82.23958,6.111588,0.3062779,1004.70557,31.3085,25.8085,9.255571
2016-06-29 17:00:00+00:00,0.0,28.466835,1006.70825,79.23415,5.1679354,0.30672416,1005.341,32.108498,25.3585,10.00256
2016-06-30 17:00:00+00:00,0.0,29.535582,1006.1917,68.60054,5.6542993,0.30317754,1004.83,33.5085,26.0585,9.107359
2016-07-01 17:00:00+00:00,1.0,29.529335,1006.9375,66.60413,7.8511825,0.29965085,1005.5747,33.658497,26.9585,13.513193
2016-07-02 17:00:00+00:00,0.0,29.237669,1007.2332,62.32603,18.33805,0.2963209,1005.86896,32.0585,27.1585,25.294964
2016-07-03 17:00:00+00:00,0.3,29.308496,1004.8083,65.76731,19.883055,0.29358336,1003.4476,32.658497,27.758501,29.28418
2016-07-04 17:00:00+00:00,68.59999,26.608505,1003.70416,79.46725,11.449642,0.31334504,1002.3326,28.1585,25.1085,19.95972
2016-07-05 17:00:00+00:00,63.199993,26.641836,1004.5583,84.80561,6.51989,0.3733317,1003.1857,29.6085,24.758501,10.990322
2016-07-06 17:00:00+00:00,5.5,27.41475,1005.45,82.316895,6.4346657,0.3825325,1004.0796,31.0585,24.508501,10.086427
2016-07-07 17:00:00+00:00,0.7,28.552248,1004.3333,75.53872,8.084972,0.38072172,1002.96954,32.0585,25.9085,11.620809
2016-07-08 17:00:00+00:00,0.0,29.100166,1002.45416,70.080536,18.561392,0.37472665,1001.0955,32.4585,26.9085,25.744402
2016-07-09 17:00:00+00:00,0.0,29.3085,1001.20416,69.21839,21.381325,0.36801246,999.84814,32.5585,27.258501,29.627365
2016-07-10 17:00:00+00:00,0.0,29.546,1002.0833,67.53428,16.780382,0.36138248,1000.72723,32.908497,27.4085,22.238562
2016-07-11 17:00:00+00:00,0.0,29.250168,1002.7708,68.955925,16.089018,0.3556129,1001.4124,32.2085,27.6085,23.03156
2016-07-12 17:00:00+00:00,0.0,29.208498,1003.1501,67.955605,11.256673,0.35100082,1001.79095,31.9585,27.3085,15.856354
2016-07-13 17:00:00+00:00,0.0,29.652252,1004.64996,69.23996,6.4366817,0.3462375,1003.29083,33.858498,26.508501,9.0
2016-07-14 17:00:00+00:00,0.1,30.246,1006.0291,68.47625,6.7410827,0.34124044,1004.6707,34.7585,26.0585,10.163227
2016-07-15 17:00:00+00:00,0.2,30.841835,1007.19995,65.088295,7.813565,0.33608457,1005.84283,35.2585,27.4585,12.599998
2016-07-16 17:00:00+00:00,0.1,30.689749,1006.90424,66.21389,6.9246125,0.33121333,1005.54663,35.3085,27.008501,11.620809
2016-07-17 17:00:00+00:00,2.4,30.793915,1005.2166,66.84557,7.0950546,0.32741672,1003.8618,35.358498,27.3085,10.390226
2016-07-18 17:00:00+00:00,0.0,30.764742,1005.26666,62.332264,9.346208,0.32424173,1003.9116,35.4585,27.508501,16.58346
2016-07-19 17:00:00+00:00,3.6999998,29.631416,1006.95416,70.21406,5.888094,0.32116625,1005.5918,35.0585,26.2085,15.021105
2016-07-20 17:00:00+00:00,6.3000007,29.100166,1008.8,74.20883,6.3035297,0.32075417,1007.4328,34.0085,25.8585,11.885453
2016-07-21 17:00:00+00:00,0.1,29.395998,1008.95013,73.28134,7.7901397,0.32012168,1007.5838,33.608498,25.508501,16.595179
2016-07-22 17:00:00+00:00,3.0,29.533499,1008.49164,71.527,8.3388,0.3172762,1007.1268,34.7585,25.758501,13.1041975
2016-07-23 17:00:00+00:00,0.0,30.000166,1007.5959,66.59646,7.530674,0.31502253,1006.2342,34.608498,26.3585,10.195057
2016-07-24 17:00:00+00:00,1.0,30.34392,1007.27496,68.1152,8.347274,0.3112329,1005.9153,35.0585,27.3585,14.33234
2016-07-25 17:00:00+00:00,2.9,29.285582,1006.0542,71.91823,8.857171,0.3092721,1004.69135,34.7085,26.1585,15.188415
2016-07-26 17:00:00+00:00,0.4,28.121002,1005.33344,72.17751,12.415803,0.30934706,1003.9665,30.508501,26.508501,17.709658
2016-07-27 17:00:00+00:00,3.0,28.266832,1006.425,76.03803,6.0788345,0.3083034,1005.0573,32.4585,25.8085,11.841756
2016-07-28 17:00:00+00:00,0.0,28.30642,1007.38336,77.487236,6.1335692,0.30767003,1006.01434,31.7085,24.4585,11.901798
2016-07-29 17:00:00+00:00,1.4,28.895998,1007.2458,74.146965,6.094542,0.30509123,1005.8797,33.358498,25.6585,10.703569
2016-07-30 17:00:00+00:00,0.8,29.664747,1005.7,67.11208,8.596901,0.3030967,1004.3394,34.5085,26.4585,14.24163
2016-07-31 17:00:00+00:00,0.1,30.406418,1002.8708,64.23506,12.391098,0.3002975,1001.51733,35.408497,27.0585,20.833395
2016-08-01 17:00:00+00:00,0.0,30.633497,999.9666,61.54832,20.677465,0.2976588,998.61816,35.7085,27.5585,30.625402
2016-08-02 17:00:00+00:00,1.1,30.6335,1001.4749,61.510708,14.220384,0.29525915,1000.1245,35.158497,27.7085,19.296135
2016-08-03 17:00:00+00:00,0.6,30.027246,1004.2834,66.00233,8.206396,0.2936516,1002.92633,34.3085,26.8085,15.124284
2016-08-04 17:00:00+00:00,1.3000001,29.958502,1006.30426,67.2223,7.0677605,0.29218248,1004.9441,35.0585,26.8585,11.440978
2016-08-05 17:00:00+00:00,0.1,30.441833,1005.5459,63.25182,7.443111,0.2910513,1004.18896,35.2085,27.008501,11.681987
2016-08-06 17:00:00+00:00,0.0,31.006414,1004.01666,58.35922,13.580585,0.2889558,1002.6643,35.7085,27.258501,20.87379
2016-08-07 17:00:00+00:00,0.0,31.116835,1004.1626,58.13147,17.833017,0.28687122,1002.81055,35.7585,27.7085,26.339111
2016-08-08 17:00:00+00:00,0.3,31.179329,1003.15405,58.95084,18.928986,0.28528634,1001.8039,36.0085,28.4085,25.600533
2016-08-09 17:00:00+00:00,0.0,31.410583,1002.1043,58.63297,21.562803,0.28394002,1000.75635,35.608498,28.5585,31.09575
2016-08-10 17:00:00+00:00,0.1,30.529333,1002.22504,62.27374,18.087603,0.2826341,1000.873,34.658497,27.9585,26.867676
2016-08-11 17:00:00+00:00,0.5,29.379335,1002.32916,65.280174,17.994642,0.2821292,1000.972,33.5585,27.4585,28.460497
2016-08-12 17:00:00+00:00,0.0,29.868912,1000.2624,62.36699,23.749239,0.28162953,998.9104,33.408497,27.9085,32.44996
2016-08-13 17:00:00+00:00,0.1,29.614752,999.0623,64.6375,22.400915,0.2810783,997.71075,33.9585,27.9085,29.142216
2016-08-14 17:00:00+00:00,1.6999999,29.318916,999.05835,65.32509,20.245455,0.28126,997.7053,32.9585,27.6585,31.559086
2016-08-15 17:00:00+00:00,2.0,28.839746,999.5,65.836,28.829805,0.28258666,998.1443,31.1085,27.3085,37.289116
2016-08-16 17:00:00+00:00,0.0,29.268915,998.81665,67.52015,31.630037,0.2823588,997.4636,32.4585,28.1085,34.964508
2016-08-17 17:00:00+00:00,1.9000001,28.46475,996.1374,70.1731,35.15839,0.2822575,994.78467,30.2085,27.8085,38.85666
2016-08-18 17:00:00+00:00,0.5,29.262667,996.82086,65.128555,24.490622,0.2828846,995.4707,32.0585,27.4085,35.9946
2016-08-19 17:00:00+00:00,0.0,31.116835,1003.28326,58.530315,6.489864,0.281535,1001.93256,35.7585,27.008501,12.218805
2016-08-20 17:00:00+00:00,0.0,31.387663,1003.6209,58.35016,12.155808,0.27945122,1002.27075,35.658497,28.3585,20.948164
2016-08-21 17:00:00+00:00,2.8000002,29.343918,1003.01245,70.28913,8.982532,0.27896875,1001.65424,31.758501,26.508501,15.137133
2016-08-22 17:00:00+00:00,6.0,27.946,1003.53345,78.353836,7.3297114,0.28236085,1002.16815,32.108498,25.9085,11.252519
2016-08-23 17:00:00+00:00,16.8,26.52308,1003.75836,89.10363,6.9910264,0.29134127,1002.3862,28.3585,25.4085,14.759999
2016-08-24 17:00:00+00:00,5.1,27.356417,1004.7959,84.4702,6.110056,0.30216214,1003.4261,30.3085,24.9585,13.684735
2016-08-25 17:00:00+00:00,0.0,28.910583,1005.375,75.04552,8.057495,0.3012521,1004.01154,32.0085,26.0585,12.496719
2016-08-26 17:00:00+00:00,2.1,28.731415,1006.98346,75.66369,11.377078,0.29875505,1005.6169,32.2585,26.8585,18.03237
2016-08-27 17:00:00+00:00,6.1,28.606415,1006.94995,73.88031,9.631614,0.29615706,1005.583,32.0585,26.0585,16.09969
2016-08-28 17:00:00+00:00,2.4999998,28.243914,1006.75415,80.14439,4.062509,0.29695335,1005.3859,33.108498,25.2085,7.127636
2016-08-29 17:00:00+00:00,2.0,28.631414,1007.50415,76.884315,4.9230742,0.2963787,1006.13666,31.9585,25.7085,9.021574
2016-08-30 17:00:00+00:00,0.0,30.07933,1006.80835,65.22762,11.752987,0.29333213,1005.44824,34.358498,27.0585,17.555307
2016-08-31 17:00:00+00:00,0.0,30.285578,1004.44995,61.840668,23.969816,0.2892917,1003.094,33.7085,28.1085,33.493546
2016-09-01 17:00:00+00:00,0.0,30.902245,1003.10406,59.155804,19.402027,0.28592715,1001.7527,35.108498,28.508501,26.576681
2016-09-02 17:00:00+00:00,0.0,30.500166,1004.00824,61.17304,18.167288,0.2830008,1002.65375,34.4585,28.2085,24.57511
2016-09-03 17:00:00+00:00,0.1,30.662664,1005.0542,58.53828,16.173326,0.28092673,1003.699,34.4585,28.4585,24.448214
2016-09-04 17:00:00+00:00,2.7,28.660583,1005.55,69.68086,7.0350633,0.28013423,1004.1851,31.0585,27.1085,9.931042
2016-09-05 17:00:00+00:00,10.099999,28.527252,1005.74994,72.01618,7.075002,0.2844275,1004.38434,32.2585,25.6085,15.484185
2016-09-06 17:00:00+00:00,0.8000001,29.55433,1006.4917,68.57121,6.397568,0.28386757,1005.1296,33.608498,26.008501,12.229406
2016-09-07 17:00:00+00:00,0.4,29.74183,1007.2917,68.783714,6.614923,0.28139088,1005.92926,34.158497,25.8085,12.10157
2016-09-08 17:00:00+00:00,0.4,30.773085,1007.2959,59.531918,8.294652,0.27905542,1005.938,35.3085,27.258501,13.18308
2016-09-09 17:00:00+00:00,2.5,30.779333,1005.57086,60.88563,7.5117507,0.27714,1004.2155,35.608498,27.758501,11.91812
2016-09-10 17:00:00+00:00,8.800001,28.198084,1006.27924,75.819466,9.331343,0.2790179,1004.9114,31.4085,26.1585,16.65754
2016-09-11 17:00:00+00:00,37.3,25.6335,1006.8584,90.4299,11.063758,0.29610965,1005.47784,27.008501,24.758501,20.87379
2016-09-12 17:00:00+00:00,126.1,26.652252,1003.23755,89.99094,30.215355,0.37617466,1001.8669,28.9085,24.5585,49.608208
2016-09-13 17:00:00+00:00,2.3,27.71683,1006.38336,82.387245,8.418441,0.39810464,1005.0131,30.9085,25.0585,13.004922
2016-09-14 17:00:00+00:00,1.8,27.852251,1006.3376,80.165886,8.610974,0.3946409,1004.96796,31.508501,25.6085,12.959999
2016-09-15 17:00:00+00:00,0.2,27.908495,1006.071,78.8266,8.864215,0.391373,1004.7017,31.2085,25.4585,12.758432
2016-09-16 17:00:00+00:00,0.6,27.46267,1006.5542,82.26328,8.190848,0.38734874,1005.18256,30.4585,24.758501,15.856356
2016-09-17 17:00:00+00:00,3.0000002,26.993917,1007.3833,86.93931,6.9611354,0.3842038,1006.0085,29.9585,24.4585,15.986595
2016-09-18 17:00:00+00:00,8.900001,26.560583,1007.2791,89.16367,6.4052444,0.3853471,1005.9024,28.8085,24.8085,12.245294
2016-09-19 17:00:00+00:00,15.900002,25.635582,1008.79584,90.90903,5.765932,0.39307752,1007.4129,27.8085,24.3585,11.503113
2016-09-20 17:00:00+00:00,35.2,25.106415,1010.4334,93.30667,11.341409,0.41364715,1009.04565,26.0585,24.4085,20.12461
2016-09-21 17:00:00+00:00,29.8,25.1835,1009.90826,92.67228,10.205327,0.43841836,1008.5217,26.5585,24.508501,16.394829
2016-09-22 17:00:00+00:00,14.7,25.723082,1008.3333,90.9906,8.7044325,0.45594797,1006.95135,27.6085,24.4585,15.459054
2016-09-23 17:00:00+00:00,14.8,26.029333,1007.42084,90.282745,8.26073,0.46444964,1006.0415,28.0585,24.758501,13.896187
2016-09-24 17:00:00+00:00,7.6999993,26.081415,1008.09174,90.36786,6.079434,0.47548878,1006.7117,28.3585,24.508501,9.957108
2016-09-25 17:00:00+00:00,3.1000004,26.716835,1008.0457,88.22354,6.503739,0.47646752,1006.6689,29.3585,24.3585,11.792404
2016-09-26 17:00:00+00:00,0.0,27.187668,1006.89996,85.886116,6.396849,0.47302878,1005.5267,30.6085,24.3085,12.031756
2016-09-27 17:00:00+00:00,0.0,28.202248,1005.34576,79.18754,9.278634,0.46693465,1003.9792,32.358498,24.9585,15.4800005
2016-09-28 17:00:00+00:00,13.399998,26.662668,1005.804,85.07337,9.634499,0.4689217,1004.42993,28.758501,24.8085,15.580141
2016-09-29 17:00:00+00:00,8.099999,26.198088,1006.93335,87.62574,8.946139,0.47253966,1005.5554,28.0585,24.4085,13.138765
2016-09-30 17:00:00+00:00,1.5000001,26.106415,1008.96246,80.174614,12.229205,0.4722154,1007.58136,27.8085,24.258501,17.462784
2016-10-01 17:00:00+00:00,16.9,25.596003,1008.9458,83.71366,14.159283,0.4710604,1007.5625,27.5585,24.258501,20.721119
2016-10-02 17:00:00+00:00,73.3,24.993917,1007.5125,93.09884,12.491401,0.49273333,1006.12823,26.0585,24.3585,17.193533
2016-10-03 17:00:00+00:00,8.7,26.052252,1007.34174,90.65759,7.179741,0.49111542,1005.9626,28.258501,24.6585,12.324414
2016-10-04 17:00:00+00:00,16.1,25.391832,1007.6042,93.15322,4.9338984,0.49000046,1006.22144,27.2085,24.4585,8.707238
2016-10-05 17:00:00+00:00,30.7,25.106417,1008.26666,93.010345,8.263228,0.49628595,1006.8819,26.3085,24.4085,13.363711
2016-10-06 17:00:00+00:00,10.500001,25.281412,1008.5876,92.682915,6.546556,0.48918208,1007.2031,26.8085,24.2085,12.7279215
2016-10-07 17:00:00+00:00,2.8000002,26.250168,1009.28754,87.82436,6.3469253,0.48723665,1007.90656,28.758501,24.0585,11.212135
2016-10-08 17:00:00+00:00,0.2,26.408503,1008.7542,83.94748,9.911338,0.48159912,1007.3747,29.3085,23.6085,16.520823
2016-10-09 17:00:00+00:00,2.2,26.210585,1008.67084,87.817474,7.9180264,0.4763217,1007.2906,28.7085,24.4085,13.004921
2016-10-10 17:00:00+00:00,15.700001,25.502249,1008.9958,90.38653,5.595842,0.47730878,1007.6119,27.758501,24.008501,11.720751
2016-10-11 17:00:00+00:00,9.4,25.448082,1009.25836,89.542206,8.455904,0.48304036,1007.87384,28.0585,23.8585,17.015474
2016-10-12 17:00:00+00:00,95.0,25.014753,1007.05,92.93932,21.70873,0.49556705,1005.6665,26.1585,24.4585,34.387066
2016-10-13 17:00:00+00:00,71.9,25.412668,1004.8499,89.834785,13.213267,0.4957367,1003.4714,27.0585,24.5585,24.014996
2016-10-14 17:00:00+00:00,22.600002,25.364752,1008.2458,92.1293,12.985606,0.49459752,1006.8623,26.6585,24.4085,17.28
2016-10-15 17:00:00+00:00,15.199998,25.204336,1009.69165,90.69172,13.2595825,0.49407163,1008.30536,26.6085,24.3585,18.998316
2016-10-16 17:00:00+00:00,21.799997,25.471,1007.59174,89.33018,12.511666,0.4932913,1006.20953,27.4585,23.8585,19.486609
2016-10-17 17:00:00+00:00,0.1,26.473085,1004.7791,71.93882,20.15056,0.48885956,1003.4056,28.2085,24.8585,26.250393
2016-10-18 17:00:00+00:00,0.4,27.260582,1004.7874,75.1732,6.7968755,0.48007667,1003.4173,31.008501,24.8085,14.512064
2016-10-19 17:00:00+00:00,0.2,27.089752,1004.7375,85.029816,4.3617816,0.4721875,1003.3665,30.508501,23.6585,6.28713
2016-10-20 17:00:00+00:00,0.0,27.891836,1004.91254,77.318275,9.599029,0.46439126,1003.5451,31.508501,25.1585,16.954432
2016-10-21 17:00:00+00:00,0.6,27.502253,1006.83325,82.424126,5.8721805,0.45647418,1005.4615,31.4585,24.4085,8.669949
2016-10-22 17:00:00+00:00,0.4,26.787664,1007.45,85.85639,5.7219872,0.45066002,1006.07416,29.758501,24.0585,11.631956
2016-10-23 17:00:00+00:00,11.200001,25.952248,1008.1667,90.7064,6.1647315,0.45126045,1006.78595,28.0585,24.258501,9.227524
2016-10-24 17:00:00+00:00,0.70000005,26.493917,1009.5291,87.85874,12.706654,0.45309505,1008.1491,28.9085,23.8585,17.917007
2016-10-25 17:00:00+00:00,0.90000004,26.631414,1012.3416,86.52603,14.776231,0.44918242,1010.9585,29.2085,24.7085,20.275383
2016-10-26 17:00:00+00:00,0.0,26.060585,1013.80005,84.83929,9.521045,0.44430086,1012.4121,28.8085,23.7085,14.408997
2016-10-27 17:00:00+00:00,0.4,25.97725,1013.04156,84.712585,6.803343,0.4386842,1011.6545,28.9585,23.3085,11.542478
2016-10-28 17:00:00+00:00,6.4,25.258505,1013.46655,89.90656,9.517342,0.43608248,1012.07544,27.508501,23.8585,15.94601
2016-10-29 17:00:00+00:00,23.4,24.441835,1014.2959,92.98638,20.0701,0.44651628,1012.89966,25.6585,23.758501,26.052162
2016-10-30 17:00:00+00:00,18.899998,24.835585,1014.38336,91.881035,19.10724,0.4640163,1012.98883,26.008501,24.0585,27.238941
2016-10-31 17:00:00+00:00,63.9,24.312668,1014.40424,93.286255,25.705454,0.48707917,1013.00726,25.0585,23.7085,30.631746
2016-11-01 17:00:00+00:00,50.100006,24.052254,1015.4917,90.60685,26.149546,0.4969871,1014.092,25.4585,23.4585,30.421598
2016-11-02 17:00:00+00:00,7.1,23.958498,1016.08325,81.87423,21.029867,0.4573029,1014.68256,25.1585,23.1585,25.77962
2016-11-03 17:00:00+00:00,11.1,23.312668,1013.42914,87.97498,9.97567,0.45457456,1012.029,24.9585,22.508501,16.055355
2016-11-04 17:00:00+00:00,0.2,24.771004,1010.77924,82.271736,8.210538,0.4518617,1009.3894,27.0585,22.1085,13.849476
2016-11-05 17:00:00+00:00,7.299999,25.081415,1010.99164,90.12881,10.420268,0.44958416,1009.603,26.9585,23.6585,18.733839
2016-11-06 17:00:00+00:00,9.499999,25.725168,1011.81665,90.91895,14.986951,0.45047998,1010.4299,27.9585,24.508501,17.114204
2016-11-07 17:00:00+00:00,9.1,25.427254,1013.21246,92.59747,13.932794,0.45577207,1011.8225,27.1085,24.4585,16.62249
2016-11-08 17:00:00+00:00,13.0,23.358505,1015.55835,88.18119,16.667656,0.46119496,1014.1553,24.5585,21.9085,22.90743
2016-11-09 17:00:00+00:00,30.099998,22.112665,1017.21655,90.6221,19.170303,0.4743154,1015.8056,23.4585,21.3085,29.01743
2016-11-10 17:00:00+00:00,12.100002,22.006418,1016.30835,87.54041,11.136569,0.4835154,1014.8979,23.258501,20.8585,16.808569
2016-11-11 17:00:00+00:00,0.3,24.4835,1014.925,87.91242,7.5360947,0.48006627,1013.52814,27.1085,22.3585,12.7279215
2016-11-12 17:00:00+00:00,0.0,25.24183,1014.22504,89.37513,9.679382,0.47363794,1012.83276,28.2085,22.4585,13.207634
2016-11-13 17:00:00+00:00,0.0,25.55433,1013.0708,86.817604,10.430865,0.46689495,1011.6816,28.4585,23.4085,15.328561
2016-11-14 17:00:00+00:00,0.2,25.041832,1014.1458,85.77213,9.608085,0.4607179,1012.75275,27.4085,22.6085,13.32
2016-11-15 17:00:00+00:00,1.0,24.50225,1014.3542,84.34455,9.15705,0.4553025,1012.95825,27.258501,22.2085,15.192682
2016-11-16 17:00:00+00:00,20.899998,24.289751,1013.34174,90.26423,11.291299,0.45610335,1011.9461,26.4085,23.008501,15.315873
2016-11-17 17:00:00+00:00,26.699999,24.20225,1011.08344,94.26826,7.3807087,0.48107088,1009.6905,25.1585,23.7085,13.755579
2016-11-18 17:00:00+00:00,3.4,25.304335,1010.32086,89.60828,6.1919575,0.4891509,1008.93414,27.8585,23.9085,11.525623
2016-11-19 17:00:00+00:00,3.6000001,25.268915,1010.2542,90.486084,6.9869027,0.48718628,1008.86743,27.6085,23.6085,11.592894
2016-11-20 17:00:00+00:00,2.5,25.416832,1009.4416,90.96587,5.9379215,0.48543337,1008.0567,27.8085,24.0585,10.587918
2016-11-21 17:00:00+00:00,5.5999994,25.539751,1009.5915,91.34442,4.891524,0.48380044,1008.2071,27.3585,24.0585,11.570515
2016-11-22 17:00:00+00:00,6.6,25.250166,1010.9624,92.03202,4.5709496,0.48376712,1009.5747,27.008501,23.9585,8.854829
2016-11-23 17:00:00+00:00,74.0,23.314756,1012.6792,93.08256,17.42289,0.4933146,1011.27997,24.3085,22.1085,30.302078
2016-11-24 17:00:00+00:00,25.699999,22.837664,1012.2876,90.58207,17.478785,0.4913508,1010.88666,23.6085,22.0585,22.461807
2016-11-25 17:00:00+00:00,67.799995,22.260584,1013.45416,90.500854,21.671698,0.4850587,1012.04877,23.7085,20.258501,35.756172
2016-11-26 17:00:00+00:00,7.1,20.804335,1016.02496,79.8779,19.667686,0.46029997,1014.60913,21.4585,20.1085,27.402597
2016-11-27 17:00:00+00:00,9.000001,21.77517,1017.1751,80.386086,13.58863,0.45370963,1015.7622,22.8585,21.008501,18.089775
2016-11-28 17:00:00+00:00,21.799997,22.256418,1017.9666,90.93039,11.586772,0.4581271,1016.5551,22.9085,21.4085,17.414474
2016-11-29 17:00:00+00:00,57.4,22.023087,1018.73755,91.66587,24.390463,0.48144332,1017.3237,22.6585,20.758501,30.993471
2016-11-30 17:00:00+00:00,23.400002,20.864752,1019.7083,85.975494,23.4533,0.48910335,1018.2876,21.6585,20.5585,28.835976
2016-12-01 17:00:00+00:00,18.6,22.035585,1018.46234,86.609795,16.770247,0.48274663,1017.0493,22.4085,21.6585,20.192118
2016-12-02 17:00:00+00:00,49.5,23.171003,1016.8457,91.330505,19.174353,0.48458752,1015.4402,24.6085,22.258501,25.501621
2016-12-03 17:00:00+00:00,31.1,22.879333,1016.24164,92.63776,15.994643,0.47370085,1014.83545,24.1585,21.9585,18.345877
2016-12-04 17:00:00+00:00,7.8999996,22.90642,1015.8459,88.1171,10.195458,0.46960378,1014.44025,24.5585,21.9085,15.463246
2016-12-05 17:00:00+00:00,32.200005,22.395998,1017.3208,88.647736,17.232264,0.47534582,1015.91095,23.3085,21.6585,22.553936
2016-12-06 17:00:00+00:00,20.400002,21.852247,1015.92084,88.710014,17.009743,0.48646796,1014.51044,22.8085,21.508501,20.163212
2016-12-07 17:00:00+00:00,14.099998,21.846,1014.84174,80.65739,17.502169,0.4734175,1013.43243,23.0585,21.1585,24.522316
2016-12-08 17:00:00+00:00,0.3,22.200167,1013.33746,72.719505,9.515431,0.4534334,1011.9321,24.0585,21.1585,14.05845
2016-12-09 17:00:00+00:00,1.3000001,22.193916,1013.76245,79.925064,6.342312,0.44653928,1012.35645,24.3585,20.8085,11.090103
2016-12-10 17:00:00+00:00,9.900001,21.833502,1012.4375,88.321175,8.851651,0.44342005,1011.03156,22.6585,21.1085,15.646544
2016-12-11 17:00:00+00:00,1.1,23.310585,1010.88336,91.26519,8.438948,0.4431754,1009.4866,25.4085,21.6585,17.294992
2016-12-12 17:00:00+00:00,35.9,23.458502,1010.7917,94.96349,16.292904,0.44870627,1009.3958,24.508501,22.7085,24.951921
2016-12-13 17:00:00+00:00,131.6,22.954336,1012.5374,93.950584,21.1519,0.48413086,1011.1368,23.508501,22.0585,26.427528
2016-12-14 17:00:00+00:00,87.399994,21.114752,1016.26666,91.179474,24.996489,0.48017624,1014.85205,22.2085,20.1585,29.539747
2016-12-15 17:00:00+00:00,21.999998,19.65017,1020.5083,87.49085,24.506142,0.48376337,1019.0806,20.4085,18.9085,28.291512
2016-12-16 17:00:00+00:00,5.2,20.237667,1018.9834,85.04749,12.192932,0.47905996,1017.5607,21.4085,18.8085,16.434305
2016-12-17 17:00:00+00:00,9.0,21.471003,1017.38763,91.19225,8.551293,0.4756217,1015.9729,22.6585,20.4085,13.584932
2016-12-18 17:00:00+00:00,1.2,22.829336,1014.78735,91.50489,7.4180408,0.4719125,1013.3831,24.4085,21.258501,13.797912
2016-12-19 17:00:00+00:00,0.4,23.606415,1013.53345,90.677605,10.984803,0.4657046,1012.13434,25.8585,21.758501,16.62249
2016-12-20 17:00:00+00:00,1.1,23.833502,1013.9209,90.829216,9.552272,0.45940837,1012.52246,26.0585,21.9585,15.141414
2016-12-21 17:00:00+00:00,22.000002,22.70225,1015.1709,92.97476,12.894973,0.46140456,1013.76514,23.8585,21.5585,20.969805
2016-12-22 17:00:00+00:00,25.800001,22.360586,1015.00433,91.483986,12.74091,0.47768342,1013.5972,23.7085,21.4585,17.873556
2016-12-23 17:00:00+00:00,19.2,22.296,1014.4292,93.8509,11.10468,0.48889127,1013.02277,22.8585,21.8085,14.982228
2016-12-24 17:00:00+00:00,0.1,23.321,1014.07916,90.5725,7.605297,0.4893438,1012.67816,25.9585,21.9085,13.363711
2016-12-25 17:00:00+00:00,2.2000003,22.996002,1014.25824,90.61709,6.080391,0.4833592,1012.85547,25.3585,21.4085,12.43434
2016-12-26 17:00:00+00:00,28.600002,20.193918,1017.32916,90.53769,25.398363,0.48635665,1015.9086,21.9085,18.6085,35.62363
2016-12-27 17:00:00+00:00,6.999999,19.329334,1019.1667,78.86585,19.783583,0.4857817,1017.73944,20.508501,18.758501,27.551172
2016-12-28 17:00:00+00:00,4.9999995,19.408503,1020.56665,76.22849,17.814142,0.4812167,1019.13776,19.9585,18.508501,26.220753
2016-12-29 17:00:00+00:00,2.5999997,20.202253,1020.0916,76.1484,14.413131,0.47534588,1018.6673,20.6585,19.8585,21.67487
2016-12-30 17:00:00+00:00,34.199997,20.83975,1018.54175,90.726814,15.123658,0.4787271,1017.12256,21.3085,20.008501,18.03237
2016-12-31 17:00:00+00:00,29.300001,20.081083,1017.5625,90.50468,16.784698,0.4822533,1016.1409,21.258501,17.634499,21.746502
2017-01-01 17:00:00+00:00,14.0,21.255335,1016.95,91.14752,13.885072,0.48332456,1015.53516,24.0845,19.0845,17.399586
2017-01-02 17:00:00+00:00,2.8999999,22.928247,1016.60004,86.00506,13.1679,0.4913675,1015.19354,25.6845,20.5845,20.957443
2017-01-03 17:00:00+00:00,1.9000001,22.390749,1015.1375,89.12513,8.936557,0.4889917,1013.7303,24.5345,19.9345,16.516901
2017-01-04 17:00:00+00:00,2.4,22.724085,1014.4377,88.50354,10.499357,0.4875104,1013.03296,24.984499,20.634499,15.716793
2017-01-05 17:00:00+00:00,1.8000002,22.576166,1013.075,88.78973,8.82298,0.48443544,1011.6718,25.384499,20.5345,15.281989
2017-01-06 17:00:00+00:00,2.1000004,22.93033,1011.4917,88.43006,7.5393786,0.48097122,1010.0923,25.6845,19.984499,14.529915
2017-01-07 17:00:00+00:00,2.0,23.590752,1011.4334,90.24154,7.739834,0.47811165,1010.0371,25.8345,22.0345,13.854155
2017-01-08 17:00:00+00:00,1.7,23.386581,1012.19586,88.43549,11.234348,0.47580346,1010.7976,25.634499,22.0845,19.13426
2017-01-09 17:00:00+00:00,2.4999998,23.684496,1012.43756,87.00669,14.870575,0.4729117,1011.04034,26.234499,21.9345,23.266697
2017-01-10 17:00:00+00:00,0.8000001,24.074083,1012.0417,86.4338,11.785312,0.46888757,1010.6468,26.9345,22.0845,18.175545
2017-01-11 17:00:00+00:00,1.2,23.549086,1011.0916,86.161354,12.50642,0.46495798,1009.6956,27.7845,19.234499,25.277023
2017-01-12 17:00:00+00:00,0.2,19.561583,1014.1084,79.490326,14.568333,0.46154997,1012.6894,21.5345,17.734499,19.469975
2017-01-13 17:00:00+00:00,0.3,20.055334,1014.73334,81.57638,12.982892,0.45797336,1013.31573,22.1845,17.884499,18.0036
2017-01-14 17:00:00+00:00,4.1,20.763666,1016.03754,86.18152,15.132603,0.45635915,1014.6214,21.884499,19.5345,19.376562
2017-01-15 17:00:00+00:00,3.8999999,21.061583,1015.47076,87.684364,15.829844,0.45752418,1014.0571,22.134499,20.484499,22.26768
2017-01-16 17:00:00+00:00,1.6000001,21.601166,1016.30005,86.591515,13.011579,0.45649794,1014.8877,24.1845,20.3345,18.892282
2017-01-17 17:00:00+00:00,3.3,21.886581,1018.17914,90.04358,9.559087,0.4559492,1016.7656,24.734499,19.984499,14.587776
2017-01-18 17:00:00+00:00,3.6999998,22.217829,1017.64166,88.66811,9.633579,0.45607626,1016.2304,25.384499,19.984499,18.057508
2017-01-19 17:00:00+00:00,3.8,22.078249,1018.5083,86.99607,11.486549,0.45575544,1017.095,24.734499,20.5845,16.746773
2017-01-20 17:00:00+00:00,5.1999993,21.844912,1020.6001,85.11611,13.515377,0.45546374,1019.1829,23.9345,20.5845,20.12461
2017-01-21 17:00:00+00:00,2.1000001,20.99908,1022.1709,82.358604,14.287934,0.4556334,1020.74756,22.2845,20.134499,19.694992
2017-01-22 17:00:00+00:00,1.0,21.119915,1021.2126,77.83758,11.003003,0.45356342,1019.791,23.0345,19.5845,20.073025
2017-01-23 17:00:00+00:00,0.3,20.144915,1020.5542,85.67881,10.960977,0.4506372,1019.1289,21.1845,18.6845,18.455048
2017-01-24 17:00:00+00:00,32.999996,20.622,1021.0374,91.72033,14.385341,0.46995756,1019.6138,22.0845,19.1845,19.33639
2017-01-25 17:00:00+00:00,3.0999997,21.342834,1020.59595,83.356514,13.329389,0.49889216,1019.1765,23.1845,19.234499,19.06301
2017-01-26 17:00:00+00:00,1.0000001,20.586584,1019.0542,79.85567,11.942037,0.49782336,1017.633,23.634499,18.3345,20.633371
2017-01-27 17:00:00+00:00,0.0,20.130335,1016.1458,75.46134,7.3514595,0.4923242,1014.7265,23.6845,16.5345,12.768586
2017-01-28 17:00:00+00:00,0.0,19.999083,1014.3376,85.55152,6.69541,0.48693132,1012.92,25.484499,14.6345005,10.483357
2017-01-29 17:00:00+00:00,0.3,21.038668,1015.9792,86.248146,7.6956496,0.48153916,1014.5645,24.3345,17.634499,14.689588
2017-01-30 17:00:00+00:00,0.4,20.480333,1016.24164,86.38513,6.9227576,0.47900712,1014.824,24.634499,16.484499,13.783817
2017-01-31 17:00:00+00:00,8.099999,21.703247,1017.2083,89.99322,11.899834,0.4814017,1015.79517,23.0345,20.5345,17.906157
2017-02-01 17:00:00+00:00,1.8000002,22.097,1017.9292,86.304115,15.293761,0.4942304,1016.51685,23.3345,21.234499,21.518847
2017-02-02 17:00:00+00:00,6.7999997,21.874084,1016.06244,89.289055,11.95282,0.49656925,1014.6517,22.984499,21.0345,15.034041
2017-02-03 17:00:00+00:00,1.0,22.432419,1013.56256,90.437645,7.6645894,0.4991834,1012.1579,25.7845,20.5345,12.682018
2017-02-04 17:00:00+00:00,3.1999998,21.351168,1013.3333,89.72061,6.426733,0.4971433,1011.92377,24.7845,17.984499,13.207634
2017-02-05 17:00:00+00:00,0.1,20.667833,1012.6667,82.32869,6.7167716,0.49392417,1011.2548,25.8345,17.5845,13.202726
2017-02-06 17:00:00+00:00,0.0,20.186583,1012.4417,86.6546,7.1979237,0.4875021,1011.02765,25.984499,14.7345,13.276144
2017-02-07 17:00:00+00:00,0.0,22.017832,1012.9709,89.264854,6.2109127,0.48137584,1011.5651,26.5345,18.6845,13.584932
2017-02-08 17:00:00+00:00,7.6,20.103249,1016.73755,87.16076,16.601042,0.48165584,1015.3174,21.134499,19.0345,23.73271
2017-02-09 17:00:00+00:00,2.3999996,19.56158,1018.93335,81.60925,13.408676,0.4849942,1017.5075,20.7845,18.634499,17.193533
2017-02-10 17:00:00+00:00,0.8000001,19.271997,1022.3333,78.58012,16.915447,0.48347592,1020.90137,20.3345,18.484499,21.659916
2017-02-11 17:00:00+00:00,0.6,19.109497,1023.22504,77.001945,15.328052,0.48176336,1021.79095,20.484499,17.7845,21.470612
2017-02-12 17:00:00+00:00,2.1999998,19.536583,1023.25836,80.55808,11.458098,0.47954834,1021.8264,20.884499,18.0345,17.208603
2017-02-13 17:00:00+00:00,2.4,19.484499,1023.82495,86.10543,10.169559,0.47762048,1022.3918,22.4345,16.484499,20.49156
2017-02-14 17:00:00+00:00,2.7,20.265747,1022.0542,86.1521,10.804746,0.47666207,1020.6274,23.2845,17.8345,19.134262
2017-02-15 17:00:00+00:00,0.0,20.33658,1018.9792,82.91852,9.147547,0.47269335,1017.5568,24.6845,16.8345,16.93531
2017-02-16 17:00:00+00:00,0.0,20.10325,1018.68335,85.401825,9.01694,0.46580374,1017.2602,24.134499,16.0845,16.485485
2017-02-17 17:00:00+00:00,0.70000005,20.505335,1019.4292,86.91131,8.462638,0.46155915,1018.0071,24.1845,17.384499,16.203999
2017-02-18 17:00:00+00:00,0.3,20.740751,1015.4167,88.23639,7.46792,0.45846042,1014.00116,24.7845,17.2845,15.281989
2017-02-19 17:00:00+00:00,0.0,21.859503,1010.5583,89.04651,6.5098233,0.45374498,1009.15497,27.884499,17.4345,14.4
2017-02-20 17:00:00+00:00,0.0,23.042831,1011.5376,91.02563,5.1420007,0.4493117,1010.1384,29.134499,18.4345,13.5515
2017-02-21 17:00:00+00:00,0.0,24.728249,1011.4126,90.11987,4.7521977,0.4447426,1010.0217,29.5345,21.484499,9.605998
2017-02-22 17:00:00+00:00,1.4000001,24.482416,1012.8,91.9537,8.895157,0.44035253,1011.406,29.3345,21.5845,17.551615
2017-02-23 17:00:00+00:00,14.900001,21.434496,1017.49585,90.2362,14.300507,0.4454992,1016.0809,23.3345,19.9345,20.456745
2017-02-24 17:00:00+00:00,0.2,20.255333,1017.86255,81.27592,13.800159,0.44489208,1016.44147,21.634499,19.3345,19.469976
2017-02-25 17:00:00+00:00,0.90000004,19.313667,1018.55835,81.22385,13.155871,0.44409546,1017.1318,20.484499,18.634499,18.584509
2017-02-26 17:00:00+00:00,0.70000005,19.555334,1019.1418,84.24588,9.98257,0.4427105,1017.7155,21.0345,16.884499,13.551501
2017-02-27 17:00:00+00:00,9.400001,20.838667,1017.27924,90.779854,8.107554,0.44638,1015.8618,22.1845,19.484499,11.720751
2017-02-28 17:00:00+00:00,2.3,21.372002,1018.0083,85.185425,12.396075,0.45023373,1016.5925,23.8345,19.734499,16.700275
2017-03-01 17:00:00+00:00,2.9,20.561583,1017.65845,81.41482,12.407487,0.44942915,1016.2392,22.6845,18.9345,19.486609
2017-03-02 17:00:00+00:00,0.90000004,21.0095,1013.22504,85.062996,9.566369,0.44721746,1011.81396,24.4345,17.4345,17.208603
2017-03-03 17:00:00+00:00,0.0,21.334501,1010.48755,86.574684,5.6219997,0.44302,1009.082,25.734499,17.884499,11.252519
2017-03-04 17:00:00+00:00,0.0,21.949081,1008.87915,88.089516,5.79365,0.4384967,1007.47845,28.2845,16.5845,10.182337
2017-03-05 17:00:00+00:00,0.0,21.601166,1010.95013,90.56525,8.075988,0.4354634,1009.545,25.3345,18.234499,13.830749
2017-03-06 17:00:00+00:00,0.2,22.897001,1012.31256,87.46435,9.097282,0.43224633,1010.91187,26.1845,20.634499,15.978484
2017-03-07 17:00:00+00:00,8.700001,22.6595,1013.1458,90.8991,11.798862,0.43038633,1011.74274,25.7845,20.1845,17.076298
2017-03-08 17:00:00+00:00,0.1,21.578249,1012.36664,89.10317,9.629305,0.43114868,1010.9597,23.5345,19.6845,15.937878
2017-03-09 17:00:00+00:00,0.0,23.997,1009.90405,87.48566,4.9857116,0.42950293,1008.5117,29.634499,21.0345,11.043261
2017-03-10 17:00:00+00:00,0.0,24.151167,1010.425,90.36321,5.9169946,0.42560625,1009.0327,29.484499,20.8345,11.435313
2017-03-11 17:00:00+00:00,0.0,25.151163,1009.79584,87.63544,4.943007,0.4219046,1008.4091,30.384499,21.984499,12.0694
2017-03-12 17:00:00+00:00,0.6,26.92616,1008.52496,82.8787,6.5561256,0.4166937,1007.148,33.5345,22.0845,12.768586
2017-03-13 17:00:00+00:00,0.0,25.690748,1010.2209,86.941895,8.917432,0.41032338,1008.83594,29.634499,22.5345,15.629971
2017-03-14 17:00:00+00:00,0.8,25.084497,1011.9126,88.50143,10.755714,0.40748122,1010.5227,27.0845,23.8345,16.263872
2017-03-15 17:00:00+00:00,1.0,25.376167,1010.9666,85.89624,14.207477,0.4046295,1009.5795,28.1845,24.0845,19.881649
2017-03-16 17:00:00+00:00,1.2,24.626167,1011.4375,89.868904,9.375566,0.40375248,1010.0463,26.6845,22.9345,18.0036
2017-03-17 17:00:00+00:00,2.0,25.688667,1012.0459,87.138054,5.732132,0.40325618,1010.6585,29.9345,23.4345,13.358861
2017-03-18 17:00:00+00:00,2.7,25.951164,1012.46246,87.4848,5.2986794,0.4031279,1011.07574,30.884499,23.6845,12.496719
2017-03-19 17:00:00+00:00,3.5,26.040749,1011.29156,87.182396,5.0985427,0.40371212,1009.90704,31.0345,23.0845,9.6932955
2017-03-20 17:00:00+00:00,0.70000005,25.088667,1011.4167,89.46811,5.3100257,0.3998234,1010.0274,28.1845,22.884499,10.041354
2017-03-21 17:00:00+00:00,5.8999996,26.067833,1009.3167,85.795204,5.0741477,0.3999196,1007.9349,32.0845,22.9345,13.698934
2017-03-22 17:00:00+00:00,2.8,25.83658,1010.5166,88.22411,6.4628468,0.3991921,1009.13214,30.3345,22.5345,14.565548
2017-03-23 17:00:00+00:00,0.0,25.928251,1011.08746,85.66343,6.316618,0.39386842,1009.7028,30.4345,22.1845,13.797912
2017-03-24 17:00:00+00:00,16.7,25.913664,1012.55835,88.83877,5.7369657,0.3938034,1011.1714,31.4345,23.0845,11.720751
2017-03-25 17:00:00+00:00,4.2,21.607416,1017.8791,84.45607,21.29053,0.39673457,1016.4648,23.0345,20.7845,29.175552
2017-03-26 17:00:00+00:00,9.599999,20.21783,1019.0459,87.62803,15.452409,0.39902,1017.623,22.484499,18.0845,19.513195
2017-03-27 17:00:00+00:00,0.2,21.213665,1016.20416,87.389984,10.57182,0.40185502,1014.7901,24.3345,18.5845,16.45007
2017-03-28 17:00:00+00:00,0.0,23.636587,1014.1624,88.930145,5.5569596,0.39920878,1012.76276,27.9345,20.4345,12.096214
2017-03-29 17:00:00+00:00,0.4,25.369917,1013.52496,86.88975,5.7004666,0.39578545,1012.1343,30.0345,22.484499,14.799459
2017-03-30 17:00:00+00:00,17.0,24.896996,1013.15826,87.72181,7.7475457,0.39675334,1011.7656,31.0845,21.384499,23.113008
2017-03-31 17:00:00+00:00,0.8,21.3845,1017.8958,77.27137,16.44316,0.40364623,1016.4802,22.634499,20.5345,22.505037
2017-04-01 17:00:00+00:00,4.4999995,20.996996,1017.74146,84.850105,8.344432,0.40387502,1016.32446,22.5345,19.5345,14.869351
2017-04-02 17:00:00+00:00,1.1,22.911583,1016.39166,84.57798,9.897466,0.40430126,1014.9853,25.484499,19.634499,18.844202
2017-04-03 17:00:00+00:00,0.5,23.632418,1014.5459,82.84959,10.800636,0.4029725,1013.1455,26.0345,21.234499,19.008547
2017-04-04 17:00:00+00:00,0.0,24.265749,1011.64594,86.5361,6.1488166,0.39969006,1010.2524,27.9345,19.9345,10.948973
2017-04-05 17:00:00+00:00,0.9,25.25325,1009.59595,88.52483,5.540571,0.39712632,1008.2099,30.384499,22.984499,12.979984
2017-04-06 17:00:00+00:00,0.5,26.369917,1008.82916,87.18058,5.642256,0.39375088,1007.4492,31.5345,21.4345,13.493999
2017-04-07 17:00:00+00:00,0.90000004,28.211578,1008.4458,81.73244,6.887609,0.38943002,1007.07513,34.2845,23.2845,14.118243
2017-04-08 17:00:00+00:00,0.7,29.107416,1006.76245,75.371185,12.472045,0.38278088,1005.39777,34.8845,24.3345,22.42427
2017-04-09 17:00:00+00:00,0.0,30.436583,1005.15826,68.855705,13.168475,0.37541088,1003.802,35.2345,26.384499,19.681828
2017-04-10 17:00:00+00:00,0.0,31.442831,1004.93335,66.73225,12.418945,0.36852965,1003.5818,36.2345,27.7845,21.096123
2017-04-11 17:00:00+00:00,14.3,27.603249,1008.70844,82.21375,12.9546995,0.3666304,1007.3345,32.2345,23.3345,24.387178
2017-04-12 17:00:00+00:00,0.70000005,23.909498,1014.61664,83.28885,14.13057,0.3717029,1013.2177,25.634499,22.9345,19.523155
2017-04-13 17:00:00+00:00,0.3,24.780333,1012.80414,83.94934,6.3669724,0.3714579,1011.4116,27.734499,22.6845,11.808878
2017-04-14 17:00:00+00:00,0.4,26.401167,1010.05,85.551476,4.7924857,0.3690566,1008.6687,31.0345,22.484499,9.779817
2017-04-15 17:00:00+00:00,0.2,26.667831,1009.70416,84.86438,5.5648665,0.36558127,1008.3245,31.8345,23.2845,15.175612
2017-04-16 17:00:00+00:00,0.0,26.744913,1010.0332,83.31757,5.6033516,0.3620621,1008.65375,31.5845,23.1845,14.04
2017-04-17 17:00:00+00:00,0.6,28.117836,1008.46655,79.70602,5.404594,0.35748085,1007.0953,33.7845,23.5845,12.979984
2017-04-18 17:00:00+00:00,0.6,29.763664,1006.9541,73.138664,8.109574,0.35338375,1005.5922,35.7845,25.0345,19.453327
2017-04-19 17:00:00+00:00,0.0,29.861578,1007.26666,70.36281,9.719998,0.3509338,1005.90485,34.8845,26.134499,16.1198
2017-04-20 17:00:00+00:00,0.3,30.263666,1006.65015,64.976685,11.119414,0.34742212,1005.29095,35.5345,26.1845,18.875126
2017-04-21 17:00:00+00:00,2.8,25.413664,1011.0124,79.43383,15.065044,0.34624708,1009.6254,26.4345,24.234499,28.373846
2017-04-22 17:00:00+00:00,0.70000005,25.374077,1012.0876,79.39606,6.650766,0.3470596,1010.6987,27.384499,23.734499,11.966953
2017-04-23 17:00:00+00:00,3.8999999,26.484497,1010.47925,83.787254,5.2159715,0.34740293,1009.0977,30.484499,23.984499,10.823973
2017-04-24 17:00:00+00:00,5.2999997,27.099081,1008.84595,81.05436,7.308166,0.34659955,1007.4693,33.7345,23.384499,15.137133
2017-04-25 17:00:00+00:00,0.3,28.103247,1008.46246,74.53854,7.1194,0.34387708,1007.09125,34.684498,23.734499,14.182355
2017-04-26 17:00:00+00:00,23.000002,26.505331,1010.6001,87.66735,7.339197,0.34691587,1009.21844,29.3345,24.384499,15.745627
2017-04-27 17:00:00+00:00,8.2,24.501167,1013.39166,86.61175,15.411301,0.35666624,1011.9971,26.0345,23.384499,20.724247
2017-04-28 17:00:00+00:00,0.70000005,24.582415,1013.46246,81.75616,8.512803,0.35696295,1012.0682,26.8345,22.6845,12.979984
2017-04-29 17:00:00+00:00,1.1,26.119917,1010.4792,83.69161,6.557295,0.3536042,1009.09576,31.1845,21.5345,12.496719
2017-04-30 17:00:00+00:00,0.0,28.605333,1008.92505,79.82729,7.555837,0.34783795,1007.55524,34.5845,23.734499,14.458382
2017-05-01 17:00:00+00:00,0.6,30.130331,1008.31256,72.657394,8.2507515,0.341675,1006.95044,35.8345,25.7845,14.799459
2017-05-02 17:00:00+00:00,0.70000005,30.784494,1007.8125,69.584496,10.083163,0.33585092,1006.4541,37.3845,26.734499,16.800856
2017-05-03 17:00:00+00:00,60.3,28.844917,1008.7124,79.7387,9.82372,0.34345165,1007.3442,37.0845,25.2845,13.324863
2017-05-04 17:00:00+00:00,8.0,27.286583,1011.7126,87.351006,5.5196414,0.33950546,1010.33307,30.384499,25.3345,15.629972
2017-05-05 17:00:00+00:00,5.7999997,27.311579,1012.92505,86.55789,6.8746104,0.3376975,1011.5439,31.5345,25.0845,14.408997
2017-05-06 17:00:00+00:00,5.7999997,27.501165,1011.6667,84.02876,4.6647987,0.339545,1010.28815,31.8345,23.7845,11.384199
2017-05-07 17:00:00+00:00,2.4,27.955338,1009.0251,82.64106,6.0902133,0.33750376,1007.6523,34.1345,24.0345,11.440978
2017-05-08 17:00:00+00:00,6.8,27.786583,1009.24164,84.1834,3.763958,0.33730915,1007.868,32.684498,24.734499,7.771331
2017-05-09 17:00:00+00:00,1.4000001,27.2595,1011.3127,86.52134,7.969463,0.34033003,1009.9336,30.9345,24.884499,16.263872
2017-05-10 17:00:00+00:00,7.7,27.780334,1011.19574,84.045296,8.353335,0.33946416,1009.81934,31.734499,24.984499,14.440443
2017-05-11 17:00:00+00:00,1.0,28.069918,1009.8,83.31538,6.0928674,0.33940712,1008.4267,33.0345,24.5845,12.074766
2017-05-12 17:00:00+00:00,15.999999,26.940748,1009.15424,87.420204,6.2665367,0.34345832,1007.7766,29.5845,25.384499,11.720751
2017-05-13 17:00:00+00:00,6.399999,27.699081,1008.1125,85.685394,4.607534,0.35230747,1006.7399,31.984499,24.9345,10.365251
2017-05-14 17:00:00+00:00,15.7,27.755333,1006.47076,86.74467,6.0704074,0.3562971,1005.10065,32.6345,24.734499,11.113451
2017-05-15 17:00:00+00:00,9.200001,25.994913,1007.92084,85.94916,9.4888935,0.3637588,1006.5408,27.3345,24.8345,19.386593
2017-05-16 17:00:00+00:00,0.6,26.409498,1008.5417,79.18893,7.9890647,0.36501837,1007.16235,29.634499,23.4345,17.015474
2017-05-17 17:00:00+00:00,5.8999996,25.749083,1009.1001,87.201996,6.811752,0.36662498,1007.7171,28.0845,24.5345,15.978486
2017-05-18 17:00:00+00:00,14.4,26.87825,1007.85846,87.56779,5.3898263,0.37026212,1006.4822,30.6845,24.384499,9.178235
2017-05-19 17:00:00+00:00,0.6,27.386583,1005.47925,88.715034,5.61095,0.3727425,1004.10864,30.984499,24.8345,10.44
2017-05-20 17:00:00+00:00,1.9000001,28.890749,1004.0251,81.08462,8.903285,0.36893165,1002.66315,34.2345,25.4345,15.575981
2017-05-21 17:00:00+00:00,1.5,29.58658,1004.5708,79.21629,10.232796,0.36379626,1003.2115,34.184498,26.484499,14.84318
2017-05-22 17:00:00+00:00,3.8999999,29.699083,1005.0583,76.754524,10.127641,0.3607988,1003.6988,34.2345,27.0845,16.1198
2017-05-23 17:00:00+00:00,149.20001,28.824081,1005.6335,81.12379,7.3252563,0.3671821,1004.26904,34.3845,25.5845,12.313894
2017-05-24 17:00:00+00:00,24.9,25.782415,1007.8957,93.236206,9.11085,0.40491962,1006.5147,27.484499,24.884499,17.447933
2017-05-25 17:00:00+00:00,5.5999994,25.234499,1009.2624,83.56936,12.309394,0.42310667,1007.8769,27.5345,23.734499,21.707731
2017-05-26 17:00:00+00:00,6.6,24.438667,1008.54584,85.57436,8.720446,0.4247125,1007.1577,25.9345,23.484499,13.979871
2017-05-27 17:00:00+00:00,1.7,25.761583,1007.99585,84.50818,10.330606,0.43315294,1006.6145,27.634499,23.634499,17.015474
2017-05-28 17:00:00+00:00,1.1,26.286583,1007.8584,86.984764,6.5221114,0.4328942,1006.4795,28.984499,24.234499,11.609651
2017-05-29 17:00:00+00:00,11.7,26.667837,1008.16254,90.024445,5.8171463,0.43650833,1006.78516,29.6845,24.0345,11.542478
2017-05-30 17:00:00+00:00,2.6,29.049086,1006.6333,78.42223,11.147847,0.43648544,1005.2686,33.184498,25.3345,16.641972
2017-05-31 17:00:00+00:00,0.0,30.442835,1004.5833,71.028595,16.258886,0.42846927,1003.22797,34.184498,27.634499,22.9724
2017-06-01 17:00:00+00:00,0.0,30.755333,1004.03326,68.43627,18.713392,0.41904712,1002.67993,33.684498,28.384499,23.893261
2017-06-02 17:00:00+00:00,0.0,31.011581,1003.5042,66.81222,19.161716,0.40855625,1002.15283,34.1345,28.4345,23.847115
2017-06-03 17:00:00+00:00,0.0,30.790749,1002.50415,66.74713,19.786469,0.39745376,1001.153,34.184498,28.2845,28.757215
2017-06-04 17:00:00+00:00,0.0,30.655333,1003.75,66.25195,16.495575,0.3857279,1002.39655,34.2345,28.0345,27.217524
2017-06-05 17:00:00+00:00,2.1,30.163664,1005.77496,73.040855,10.801426,0.37567416,1004.41656,34.5345,27.484499,17.057314
2017-06-06 17:00:00+00:00,27.000002,27.65325,1007.175,82.84401,7.125603,0.37892416,1005.8034,32.3345,25.3345,14.618837
2017-06-07 17:00:00+00:00,25.4,27.109497,1006.92926,87.79013,4.576325,0.39986792,1005.55536,30.884499,25.234499,8.942214
2017-06-08 17:00:00+00:00,10.7,27.59492,1006.2209,83.502174,6.972362,0.41228083,1004.85016,31.734499,24.5845,11.435313
2017-06-09 17:00:00+00:00,0.3,27.905333,1006.5208,79.295395,10.949412,0.41062793,1005.1511,31.7845,25.5345,17.57744
2017-06-10 17:00:00+00:00,0.0,28.501165,1005.9958,73.72374,15.558274,0.4098167,1004.6299,31.4345,26.4345,22.59699
2017-06-11 17:00:00+00:00,0.5,28.874083,1004.7876,73.08155,18.766249,0.40380254,1003.4246,32.2345,27.0845,22.768396
2017-06-12 17:00:00+00:00,0.2,29.3845,1005.7166,67.70846,14.434247,0.39705837,1004.3549,33.5345,26.5345,20.497883
2017-06-13 17:00:00+00:00,0.2,29.397001,1006.9917,73.841156,12.43542,0.38911995,1005.6282,33.1345,26.9345,18.875126
2017-06-14 17:00:00+00:00,0.0,29.526167,1007.01666,69.496124,17.446949,0.3828567,1005.6536,32.9845,27.134499,22.392464
2017-06-15 17:00:00+00:00,0.0,30.46992,1005.8543,63.06505,16.939705,0.37571797,1004.49725,34.4845,27.6845,22.657131
2017-06-16 17:00:00+00:00,0.0,30.330332,1004.0208,64.90983,13.787145,0.36695957,1002.6656,33.3845,28.0845,19.33639
2017-06-17 17:00:00+00:00,4.8999996,29.378248,1003.87494,72.023285,14.008428,0.36499706,1002.5156,32.6345,26.7845,19.174856
2017-06-18 17:00:00+00:00,6.2000003,28.511581,1004.69165,73.88242,16.209352,0.3667437,1003.3272,31.8345,25.3345,23.979893
2017-06-19 17:00:00+00:00,0.0,29.576166,1004.42914,66.280205,16.54777,0.35956916,1003.07,32.434498,27.484499,24.627789
2017-06-20 17:00:00+00:00,0.4,29.955336,1004.1042,66.21974,14.694539,0.35384664,1002.7471,33.684498,27.5845,20.65848
2017-06-21 17:00:00+00:00,0.70000005,30.682411,1004.62085,66.89522,13.404624,0.34574962,1003.2663,34.7345,28.0845,21.915691
2017-06-22 17:00:00+00:00,1.7,30.192827,1004.59576,70.188774,10.192098,0.33400202,1003.2391,35.5345,27.2845,16.704155
2017-06-23 17:00:00+00:00,10.9,29.703249,1003.8875,71.57398,11.64936,0.33096832,1002.5296,34.434498,27.5845,18.278645
2017-06-24 17:00:00+00:00,0.6,29.6595,1004.5417,70.751625,10.88878,0.33027294,1003.1827,34.2845,27.1845,17.477621
2017-06-25 17:00:00+00:00,8.2,29.53866,1006.2041,73.98411,8.310767,0.32567167,1004.84247,33.2845,26.984499,13.896187
2017-06-26 17:00:00+00:00,2.3,29.726164,1006.7917,74.77068,7.856825,0.32171413,1005.4299,34.1345,26.484499,15.844089
2017-06-27 17:00:00+00:00,8.7,28.99283,1007.40015,77.87662,5.54137,0.32256833,1006.034,34.3845,26.1845,13.608762
2017-06-28 17:00:00+00:00,10.2,28.5095,1007.31683,79.328384,7.400387,0.33108628,1005.9488,32.684498,26.384499,15.30741
2017-06-29 17:00:00+00:00,3.7,29.357414,1006.2834,71.23774,10.86045,0.32564208,1004.92065,33.6345,26.5845,15.7908325
2017-06-30 17:00:00+00:00,0.0,30.001167,1005.4751,66.16735,15.10688,0.32292834,1004.1162,34.3845,26.634499,23.051247
2017-07-01 17:00:00+00:00,0.0,30.109499,1005.02924,64.451805,19.775793,0.31666335,1003.6716,33.0345,27.634499,28.660158
2017-07-02 17:00:00+00:00,1.5,29.33658,1004.97906,66.55955,16.987764,0.31218284,1003.61816,31.1845,28.2845,21.26744
2017-07-03 17:00:00+00:00,4.2,28.269913,1005.77905,69.98423,15.022597,0.3091896,1004.4124,29.484499,26.884499,19.85556
2017-07-04 17:00:00+00:00,0.6,29.84075,1006.4375,65.795845,14.344021,0.3038333,1005.0767,34.2345,26.884499,22.322903
2017-07-05 17:00:00+00:00,0.6,29.659498,1006.0916,65.25132,13.553779,0.29972625,1004.73065,33.7345,26.6845,19.914215
2017-07-06 17:00:00+00:00,0.4,29.486582,1006.0916,64.241974,15.526772,0.29633707,1004.7298,33.0845,27.5345,23.675303
2017-07-07 17:00:00+00:00,0.1,30.209501,1007.10834,61.210423,14.231262,0.2908425,1005.7483,35.934498,27.4345,23.469128
2017-07-08 17:00:00+00:00,1.3000001,31.192831,1007.6333,60.40359,11.987092,0.28818876,1006.27704,36.1345,27.3345,20.26899
2017-07-09 17:00:00+00:00,0.5,31.317833,1005.9709,59.99117,14.270427,0.28637084,1004.61725,36.7845,27.984499,25.076267
2017-07-10 17:00:00+00:00,3.6,29.986582,1006.125,68.028145,10.19483,0.2856296,1004.76544,36.3345,27.3345,15.021105
2017-07-11 17:00:00+00:00,25.3,27.967834,1007.5334,82.92846,4.5914874,0.28965458,1006.1626,32.3845,25.884499,12.387348
2017-07-12 17:00:00+00:00,0.9000001,28.084501,1006.57916,81.18639,5.1697516,0.2943917,1005.21045,31.8345,25.634499,10.30883
2017-07-13 17:00:00+00:00,3.4999998,28.244913,1005.24585,74.86727,10.645888,0.28936958,1003.8796,31.734499,26.134499,20.46941
2017-07-14 17:00:00+00:00,4.1,27.815752,1003.69586,77.970146,10.281646,0.28868297,1002.3298,32.184498,25.6845,13.979871
2017-07-15 17:00:00+00:00,26.999998,25.39283,1000.09174,89.67163,18.806416,0.30895752,998.7194,26.5845,24.5845,27.475807
2017-07-16 17:00:00+00:00,5.1999993,27.61783,1003.22504,79.60429,11.684879,0.34661248,1001.8586,31.0845,24.8345,17.114204
2017-07-17 17:00:00+00:00,0.1,27.924082,1007.3958,77.638245,10.828465,0.34559834,1006.02515,31.634499,25.634499,15.990646
2017-07-18 17:00:00+00:00,5.7,27.730333,1006.45,81.087105,10.458252,0.3431542,1005.0798,31.5345,25.234499,22.26477
2017-07-19 17:00:00+00:00,5.1000004,27.686586,1005.40424,80.037895,8.754489,0.33853877,1004.0351,31.734499,25.734499,14.021525
2017-07-20 17:00:00+00:00,16.4,27.219912,1006.96246,85.69492,4.793671,0.33978918,1005.5892,32.3345,24.8345,9.9571085
2017-07-21 17:00:00+00:00,8.2,26.963667,1007.8582,86.67407,4.3001037,0.3427129,1006.48267,30.3345,24.3345,9.779817
2017-07-22 17:00:00+00:00,9.399999,27.313665,1006.1958,84.62278,6.7939644,0.3410808,1004.82404,30.4345,25.0845,10.163227
2017-07-23 17:00:00+00:00,12.600001,27.105331,1003.28345,85.17655,11.350032,0.34210917,1001.9145,31.2845,25.2845,18.161278
2017-07-24 17:00:00+00:00,93.8,25.484499,999.50006,91.60502,17.18689,0.37499627,998.1291,26.7845,24.5845,34.428497
2017-07-25 17:00:00+00:00,36.099995,25.80533,1002.24994,90.93229,4.6544166,0.44548833,1000.8768,28.0845,23.9345,12.904882
2017-07-26 17:00:00+00:00,3.2,27.182413,1003.6418,85.831055,6.321329,0.46409795,1002.27277,30.0845,24.6845,14.20062
2017-07-27 17:00:00+00:00,6.2999997,27.363665,1004.6292,86.02009,6.231013,0.46708587,1003.2597,30.2845,25.0845,16.595179
2017-07-28 17:00:00+00:00,0.1,28.007418,1004.01666,77.698204,13.573498,0.46578208,1002.65094,31.5345,25.7845,21.30093
2017-07-29 17:00:00+00:00,0.0,28.926168,1001.9167,73.82856,17.47447,0.46041003,1000.55804,32.0845,26.884499,21.94524
2017-07-30 17:00:00+00:00,0.0,29.459501,1001.32495,72.480034,23.106604,0.45373085,999.9694,32.0345,27.8345,27.871534
2017-07-31 17:00:00+00:00,0.0,29.572,1002.65405,71.2337,21.104593,0.44648123,1001.2973,31.634499,28.0845,25.63847
2017-08-01 17:00:00+00:00,0.0,30.026163,1002.4583,68.581635,17.965258,0.43953755,1001.1038,32.5345,27.884499,24.066206
2017-08-02 17:00:00+00:00,0.0,29.599083,1000.93744,71.04318,18.868275,0.43228674,999.5832,31.884499,28.0345,24.696102
2017-08-03 17:00:00+00:00,0.0,29.249084,1001.1375,71.9159,16.423391,0.42587554,999.78143,31.1845,27.5845,27.217524
2017-08-04 17:00:00+00:00,6.9,28.724083,1003.8208,73.71717,14.354386,0.4208788,1002.45874,31.1845,25.634499,23.675303
2017-08-05 17:00:00+00:00,0.0,29.30533,1006.2625,73.78075,10.720573,0.41472888,1004.8996,33.184498,26.5845,16.992609
2017-08-06 17:00:00+00:00,3.3,28.411583,1007.1667,74.91434,14.323031,0.4091142,1005.79865,31.984499,26.9345,19.008545
2017-08-07 17:00:00+00:00,0.0,29.68033,1006.82074,69.63641,16.667877,0.40172043,1005.4588,33.7345,27.1845,23.4
2017-08-08 17:00:00+00:00,0.0,30.457418,1006.26245,66.097404,16.553232,0.39395294,1004.90485,34.4845,27.8345,23.277834
2017-08-09 17:00:00+00:00,0.0,30.536581,1005.60834,65.799255,17.450583,0.38589838,1004.2518,33.8845,27.9345,25.02971
2017-08-10 17:00:00+00:00,0.0,30.928247,1005.7793,64.653854,13.129421,0.37772205,1004.42413,34.934498,27.9345,19.85556
2017-08-11 17:00:00+00:00,0.3,31.23658,1006.53754,65.32586,12.214069,0.36976418,1005.1829,36.434498,27.5845,18.161278
2017-08-12 17:00:00+00:00,0.1,31.12825,1006.98755,68.92159,10.013543,0.36166504,1005.63165,36.3345,27.384499,15.856354
2017-08-13 17:00:00+00:00,1.6,31.007416,1006.9167,68.382256,10.830916,0.3537196,1005.5605,36.0345,28.0845,17.581125
2017-08-14 17:00:00+00:00,4.6,30.221998,1006.28326,69.43979,10.502228,0.3460467,1004.9245,34.5345,27.0845,17.884428
2017-08-15 17:00:00+00:00,5.6,28.934496,1006.14575,74.556404,9.254813,0.34352335,1004.78143,34.0345,26.3345,16.135872
2017-08-16 17:00:00+00:00,13.099999,28.069914,1006.3167,82.88488,4.1380124,0.35206047,1004.94806,30.884499,25.8345,12.10157
2017-08-17 17:00:00+00:00,16.2,26.913666,1007.9207,86.3208,7.051991,0.35943043,1006.54486,30.7845,25.2845,16.263872
2017-08-18 17:00:00+00:00,3.5000002,27.284502,1007.85004,86.394295,5.8135934,0.36812544,1006.4758,30.1845,25.134499,12.522619
2017-08-19 17:00:00+00:00,1.2,27.882416,1006.80835,83.377495,5.248827,0.36377963,1005.4383,31.4345,24.634499,12.864649
2017-08-20 17:00:00+00:00,2.1,28.165747,1005.1792,82.444496,5.8111744,0.35924962,1003.8125,32.3845,25.0345,12.768586
2017-08-21 17:00:00+00:00,0.0,30.055334,1002.93756,70.73333,12.864203,0.35370004,1001.5825,34.434498,25.634499,18.79255
2017-08-22 17:00:00+00:00,0.0,30.421999,1001.5708,67.09212,22.302065,0.34660375,1000.21924,34.2345,27.7845,28.28464
2017-08-23 17:00:00+00:00,0.1,30.001167,1003.2541,68.027016,17.535177,0.34012708,1001.8985,34.0345,27.384499,28.775238
2017-08-24 17:00:00+00:00,4.2,28.8845,1005.2041,73.21778,9.31291,0.33528832,1003.84076,32.0845,26.5345,16.489416
2017-08-25 17:00:00+00:00,23.3,25.871996,1004.7041,91.150856,5.115164,0.34137666,1003.3279,28.0845,24.7845,12.55879
2017-08-26 17:00:00+00:00,26.200003,25.417831,1004.82086,93.53912,3.6269674,0.36030293,1003.4423,27.8345,24.384499,9.793059
2017-08-27 17:00:00+00:00,22.199999,26.786577,1005.66254,87.51426,4.849509,0.37337336,1004.28906,31.134499,24.734499,9.793059
2017-08-28 17:00:00+00:00,12.699999,26.005335,1006.9417,90.61878,6.0665107,0.3872659,1005.5629,27.884499,24.8345,10.383987
2017-08-29 17:00:00+00:00,1.6,27.517832,1007.7957,84.95275,4.2174134,0.38961124,1006.42267,31.0845,24.484499,8.0899935
2017-08-30 17:00:00+00:00,8.3,28.194916,1008.36664,84.57816,3.7122958,0.38918874,1006.9959,31.734499,25.0845,5.4477882
2017-08-31 17:00:00+00:00,0.1,29.117834,1006.71246,75.51594,11.296035,0.38444707,1005.3482,33.3345,25.984499,16.299694
2017-09-01 17:00:00+00:00,0.0,29.134499,1005.17914,72.74475,15.20808,0.37911248,1003.8171,32.3345,26.634499,22.180206
2017-09-02 17:00:00+00:00,0.1,29.7845,1005.42914,73.43117,10.661919,0.3725917,1004.06964,33.934498,26.634499,17.072504
2017-09-03 17:00:00+00:00,1.0,29.58658,1006.0874,76.48994,10.692754,0.36664423,1004.72614,33.0345,27.134499,16.299694
2017-09-04 17:00:00+00:00,0.5,29.578249,1006.82074,74.55842,10.282481,0.3613204,1005.45844,32.934498,27.2845,16.87398
2017-09-05 17:00:00+00:00,2.8,29.403246,1007.05,73.31116,11.668317,0.35185543,1005.6865,33.7845,26.9345,17.84816
2017-09-06 17:00:00+00:00,0.8,29.240751,1007.85834,73.23257,11.428162,0.34469962,1006.4931,32.934498,26.5845,15.575981
2017-09-07 17:00:00+00:00,0.0,29.694914,1008.13324,71.893166,8.647527,0.33962667,1006.7696,34.1345,25.884499,14.021525
2017-09-08 17:00:00+00:00,2.0,30.092827,1006.97504,70.50939,10.603261,0.3311784,1005.61456,35.5845,26.7845,15.072783
2017-09-09 17:00:00+00:00,1.5,30.280329,1007.9167,70.039734,10.263158,0.3220729,1006.5559,35.6345,27.134499,16.870138
2017-09-10 17:00:00+00:00,1.2,30.186583,1008.304,71.331856,7.461241,0.3128046,1006.94244,36.0845,26.1845,12.0694
2017-09-11 17:00:00+00:00,1.8000001,29.484495,1009.7376,74.898575,6.3334827,0.30646545,1008.37067,34.8845,25.4345,13.551501
2017-09-12 17:00:00+00:00,6.9,28.351166,1009.02496,82.57292,6.4707885,0.30191788,1007.65405,33.2845,25.484499,13.202726
2017-09-13 17:00:00+00:00,39.6,25.865751,1004.59576,91.12701,15.416515,0.31641293,1003.2197,28.8345,25.134499,26.260265
2017-09-14 17:00:00+00:00,92.7,25.569914,996.54156,87.690895,29.770323,0.38548124,995.17505,26.484499,24.3345,63.615166
2017-09-15 17:00:00+00:00,0.0,27.48658,1007.7791,83.271614,4.5353713,0.40145335,1006.40594,32.2845,23.384499,10.365251
2017-09-16 17:00:00+00:00,8.499999,27.484503,1010.5124,87.19114,4.404721,0.402385,1009.1357,31.134499,24.8345,8.4963045
2017-09-17 17:00:00+00:00,0.2,28.8095,1009.26263,76.92957,8.305853,0.40419373,1007.89325,33.434498,25.5345,12.819235
2017-09-18 17:00:00+00:00,0.0,29.21575,1007.8374,78.61511,8.262081,0.3985217,1006.4721,33.6345,26.234499,12.979984
2017-09-19 17:00:00+00:00,3.1,28.257416,1007.42926,85.531715,6.5289474,0.39400005,1006.06006,31.734499,25.1845,13.039754
2017-09-20 17:00:00+00:00,1.3000001,27.532415,1007.1917,85.06002,6.847677,0.39033175,1005.8195,30.4345,24.8345,14.512064
2017-09-21 17:00:00+00:00,3.0,27.2845,1007.8042,85.142586,6.0752378,0.38690543,1006.4301,30.4345,24.484499,14.84318
2017-09-22 17:00:00+00:00,18.500002,26.655333,1008.61664,89.6948,5.7258987,0.39149082,1007.2387,29.2845,24.6845,11.988594
2017-09-23 17:00:00+00:00,4.2,26.819916,1006.91254,89.41059,4.4058185,0.39760125,1005.5374,29.8345,24.634499,7.42159
2017-09-24 17:00:00+00:00,2.1,27.740751,1006.00397,82.09667,8.803157,0.39911005,1004.6346,32.8345,25.634499,14.021525
2017-09-25 17:00:00+00:00,1.4000001,27.534498,1008.17084,85.01706,4.4252424,0.39968836,1006.79736,31.5345,24.134499,11.435313
2017-09-26 17:00:00+00:00,0.4,27.724083,1009.02496,87.4083,6.6055226,0.3968834,1007.6513,30.484499,25.0845,14.88242
2017-09-27 17:00:00+00:00,1.1000001,26.832415,1008.53754,88.57749,3.766473,0.39147544,1007.1604,29.234499,24.2845,10.538843
2017-09-28 17:00:00+00:00,3.5999994,27.134497,1009.09174,84.68899,4.6460047,0.39185083,1007.71515,30.4345,24.1845,11.298495
2017-09-29 17:00:00+00:00,11.099999,27.105331,1010.70416,87.34174,4.978692,0.39478043,1009.3254,30.0845,24.8345,12.413476
2017-09-30 17:00:00+00:00,0.3,27.119913,1009.3791,87.36072,6.5114684,0.3956938,1008.00214,30.2845,24.3345,13.684735
2017-10-01 17:00:00+00:00,16.5,25.944914,1008.42914,90.431984,6.2952313,0.3994825,1007.0481,28.6845,24.7845,13.18308
2017-10-02 17:00:00+00:00,11.400001,26.134504,1008.6958,89.2193,9.103848,0.4112729,1007.3152,28.8345,24.884499,18.532133
2017-10-03 17:00:00+00:00,8.9,26.801165,1010.1042,85.96003,6.914223,0.42344418,1008.7246,30.3345,23.4345,13.556282
2017-10-04 17:00:00+00:00,10.8,26.278246,1010.81665,90.12441,5.4140854,0.42858374,1009.4338,29.1845,24.1845,9.793059
2017-10-05 17:00:00+00:00,15.299999,25.765747,1010.03766,91.30798,4.5869007,0.43193713,1008.6535,28.734499,24.234499,9.504273
2017-10-06 17:00:00+00:00,15.800001,25.892836,1009.66254,91.0566,6.4425545,0.43342507,1008.2795,28.1845,24.1845,12.43434
2017-10-07 17:00:00+00:00,11.299999,25.815744,1009.8374,91.07632,8.550857,0.4344941,1008.45404,28.5345,24.6845,15.856354
2017-10-08 17:00:00+00:00,50.700005,24.936583,1006.1707,94.48446,11.010437,0.45394206,1004.78827,26.634499,23.984499,16.65754
2017-10-09 17:00:00+00:00,9.899999,26.961578,1004.80005,85.867065,5.7419057,0.47423127,1003.42847,31.0845,24.2845,15.277749
2017-10-10 17:00:00+00:00,25.1,25.721994,1008.4375,92.73706,4.7825227,0.48168755,1007.05524,28.734499,24.3345,10.446206
2017-10-11 17:00:00+00:00,7.5999985,26.042831,1009.1375,89.64981,6.391827,0.48635086,1007.75586,28.984499,24.384499,15.978486
2017-10-12 17:00:00+00:00,9.5,25.905334,1008.14166,88.33362,7.6993885,0.4877162,1006.76074,29.134499,23.884499,14.693999
2017-10-13 17:00:00+00:00,3.2999997,26.09075,1007.43335,83.848274,10.929802,0.4915588,1006.0544,28.8345,23.9345,20.172853
2017-10-14 17:00:00+00:00,2.2,25.151167,1006.95416,79.81706,12.140582,0.48922214,1005.5715,26.7845,23.884499,18.532135
2017-10-15 17:00:00+00:00,0.2,24.419916,1008.6126,71.4226,15.777623,0.48561582,1007.2241,26.3345,22.634499,25.570139
2017-10-16 17:00:00+00:00,0.0,23.365747,1011.2417,77.52393,14.377038,0.48226258,1009.84454,25.1845,21.8345,19.881649
2017-10-17 17:00:00+00:00,13.999999,23.465752,1011.7542,83.70719,17.455345,0.48522624,1010.35693,25.3345,21.7845,26.260265
2017-10-18 17:00:00+00:00,6.7,24.519918,1011.7917,87.34731,12.491974,0.49800467,1010.39935,27.4345,22.234499,19.376562
2017-10-19 17:00:00+00:00,2.0,24.730331,1012.52094,86.92981,8.964646,0.49755582,1011.1285,27.7845,21.984499,15.484185
2017-10-20 17:00:00+00:00,1.3000002,25.113665,1012.13336,83.75949,8.601682,0.4945401,1010.74316,28.0845,22.9345,15.596767
2017-10-21 17:00:00+00:00,2.3999999,24.861582,1012.11255,83.27191,7.711763,0.4914192,1010.72125,27.5845,22.134499,14.494192
2017-10-22 17:00:00+00:00,2.3999996,24.988665,1013.57513,82.08764,9.469342,0.48784292,1012.18243,28.734499,22.5845,19.770523
2017-10-23 17:00:00+00:00,21.6,24.132414,1015.7166,88.347496,7.8248496,0.49684462,1014.31714,27.3345,22.3345,15.778518
2017-10-24 17:00:00+00:00,5.9999986,24.232414,1016.39996,86.50114,7.485039,0.5039571,1014.9998,27.634499,21.734499,15.463246
2017-10-25 17:00:00+00:00,1.3000002,24.607416,1015.33746,85.45862,6.345567,0.4994621,1013.9407,27.884499,22.0345,12.096214
2017-10-26 17:00:00+00:00,0.6,24.269915,1013.76666,86.05026,6.101108,0.49475208,1012.37036,27.884499,21.384499,13.324863
2017-10-27 17:00:00+00:00,2.4,24.294916,1014.29596,83.78446,6.7221923,0.49008167,1012.8989,27.634499,21.3345,13.237039
2017-10-28 17:00:00+00:00,3.4999998,23.819918,1015.98334,83.99256,8.251132,0.48649797,1014.582,27.384499,20.1845,15.124284
2017-10-29 17:00:00+00:00,11.200001,22.707413,1017.3042,86.92523,9.202065,0.49137795,1015.89575,25.2845,21.2845,19.346441
2017-10-30 17:00:00+00:00,3.8999999,23.099083,1015.99567,83.979675,10.677525,0.49728963,1014.59106,24.984499,21.384499,15.408671
2017-10-31 17:00:00+00:00,8.600001,23.867834,1014.6042,84.41383,11.001473,0.5026538,1013.2049,26.1845,22.5345,18.775303
2017-11-01 17:00:00+00:00,2.6999996,23.37825,1013.2166,84.526985,7.829037,0.5026226,1011.81696,26.134499,21.234499,16.267857
2017-11-02 17:00:00+00:00,0.4,24.705332,1012.9583,71.073265,17.579458,0.49781752,1011.56537,27.4345,21.884499,26.7565
2017-11-03 17:00:00+00:00,41.699997,22.776167,1013.2749,84.51841,27.55931,0.50813216,1011.8725,24.0345,21.3345,31.557035
2017-11-04 17:00:00+00:00,75.799995,22.861582,1013.9583,90.05906,20.235563,0.5153021,1012.5554,23.6845,21.234499,29.795301
2017-11-05 17:00:00+00:00,24.100004,22.661581,1013.12085,90.30947,13.984849,0.50975966,1011.718,23.884499,21.0845,18.64369
2017-11-06 17:00:00+00:00,227.6,21.946999,1012.9334,93.46995,14.769799,0.51517504,1011.5273,22.9345,20.5345,17.283749
2017-11-07 17:00:00+00:00,98.5,22.163668,1013.0916,94.130394,14.119896,0.5053958,1011.6865,23.384499,21.3345,18.581022
2017-11-08 17:00:00+00:00,13.100001,24.234497,1012.45825,92.61173,10.686253,0.49846792,1011.0638,26.5845,21.984499,15.463246
2017-11-09 17:00:00+00:00,13.900001,24.526163,1012.6543,91.32186,11.4999275,0.501118,1011.26074,26.7845,23.1845,18.218275
2017-11-10 17:00:00+00:00,3.6,24.849081,1012.3001,89.23519,7.492457,0.49737954,1010.9086,27.634499,23.0345,13.044722
2017-11-11 17:00:00+00:00,1.1000001,24.749084,1010.84576,87.89802,6.6027446,0.48738956,1009.45575,28.234499,22.234499,12.261158
2017-11-12 17:00:00+00:00,2.6000001,24.794914,1010.26666,87.64323,9.935496,0.47930706,1008.87775,27.7845,21.4345,16.595179
2017-11-13 17:00:00+00:00,5.7,24.663664,1011.07916,88.94697,9.94303,0.4747646,1009.6887,26.5345,23.384499,17.114204
2017-11-14 17:00:00+00:00,5.1000004,24.707415,1012.425,92.0779,6.915649,0.48238954,1011.03253,27.884499,22.5845,14.934577
2017-11-15 17:00:00+00:00,1.4000001,25.951166,1012.1125,89.09973,7.808968,0.48418164,1010.7265,29.1845,23.7845,15.827721
2017-11-16 17:00:00+00:00,0.0,26.280333,1009.6084,88.48385,6.0283675,0.47755876,1008.22705,30.484499,23.3345,13.397612
2017-11-17 17:00:00+00:00,0.5,26.567833,1009.0791,88.09356,7.2272,0.47124207,1007.69977,31.5345,23.384499,13.138765
2017-11-18 17:00:00+00:00,23.0,24.176168,1012.21674,91.45404,13.323189,0.47339836,1010.8222,26.4345,21.484499,18.59845
2017-11-19 17:00:00+00:00,298.8,23.092834,1013.25415,95.13152,16.695196,0.50583756,1011.8532,23.884499,22.2845,32.37999
2017-11-20 17:00:00+00:00,67.9,22.515747,1014.1375,92.86912,15.681984,0.49889383,1012.7326,23.6845,20.5345,20.68356
2017-11-21 17:00:00+00:00,28.500002,21.769915,1014.23334,91.62344,17.330065,0.49914876,1012.82465,23.134499,19.9345,25.6233
2017-11-22 17:00:00+00:00,15.200001,21.46158,1016.50824,86.51165,19.935461,0.50617707,1015.09503,22.2845,20.634499,23.34455
2017-11-23 17:00:00+00:00,16.4,18.79075,1019.1458,86.63448,16.380556,0.5048551,1017.7158,20.984499,16.234499,21.96
2017-11-24 17:00:00+00:00,5.0999994,17.717833,1019.179,83.24007,19.931364,0.50339794,1017.74384,20.3345,15.6345005,23.675304
2017-11-25 17:00:00+00:00,4.6000004,17.865751,1018.62494,85.74701,20.543694,0.49708125,1017.19135,19.734499,16.3345,24.195107
2017-11-26 17:00:00+00:00,1.4000001,19.974085,1015.56256,84.44937,14.6814995,0.4919113,1014.1433,22.1845,18.0845,17.238699
2017-11-27 17:00:00+00:00,19.9,22.48658,1014.04175,91.95338,10.768177,0.4891367,1012.6368,23.9345,20.7845,13.246826
2017-11-28 17:00:00+00:00,6.4,23.974083,1014.1125,90.0716,9.599283,0.49466503,1012.7144,26.2845,22.6845,16.981165
2017-11-29 17:00:00+00:00,8.299999,23.717833,1013.72504,91.48768,8.635026,0.49281803,1012.32635,26.134499,21.984499,15.042659
2017-11-30 17:00:00+00:00,6.0,23.29075,1014.7041,90.057396,12.574142,0.4903413,1013.302,25.4345,22.0345,21.175835
2017-12-01 17:00:00+00:00,5.1999993,22.799082,1015.74994,87.5884,13.002312,0.49285874,1014.344,23.884499,21.7845,20.188908
2017-12-02 17:00:00+00:00,8.3,22.844917,1014.88336,89.55219,10.026266,0.4926075,1013.4788,23.6845,22.134499,13.441071
2017-12-03 17:00:00+00:00,32.600002,22.324087,1015.30414,92.53537,11.017536,0.50233537,1013.89667,23.234499,21.484499,17.477621
2017-12-04 17:00:00+00:00,9.7,21.428247,1016.75006,88.07361,14.07272,0.5123692,1015.3362,22.5345,20.4345,21.629978
2017-12-05 17:00:00+00:00,0.5,20.657417,1015.2,83.62882,9.293731,0.50709206,1013.7847,22.5845,18.6845,13.70839
2017-12-06 17:00:00+00:00,0.5,22.409494,1014.45416,87.06953,7.43076,0.5002679,1013.04816,25.634499,19.3345,16.203999
2017-12-07 17:00:00+00:00,7.3,22.113665,1017.6792,82.013115,13.294247,0.4963492,1016.26733,23.484499,20.234499,19.137648
2017-12-08 17:00:00+00:00,4.2000003,20.819916,1017.47076,82.76096,11.8727045,0.4941913,1016.05304,22.384499,19.884499,18.089775
2017-12-09 17:00:00+00:00,0.2,20.876165,1016.1875,85.65766,6.4668484,0.4897509,1014.7718,24.234499,17.0345,11.792404
2017-12-10 17:00:00+00:00,1.2,21.286585,1015.9917,87.92148,7.7789254,0.48478583,1014.57837,23.234499,20.1845,14.241629
2017-12-11 17:00:00+00:00,0.1,21.392836,1015.1624,83.64817,7.853298,0.4800767,1013.7508,23.984499,19.384499,14.512064
2017-12-12 17:00:00+00:00,0.2,22.365746,1013.82495,85.73426,5.619354,0.47412753,1012.4197,25.634499,19.984499,12.475961
2017-12-13 17:00:00+00:00,1.2000002,23.053247,1013.97076,88.972565,6.7531075,0.46908167,1012.56854,26.6845,20.2845,14.386494
2017-12-14 17:00:00+00:00,4.3999996,22.18033,1015.825,90.95829,9.205573,0.46760085,1014.416,24.484499,20.384499,14.917212
2017-12-15 17:00:00+00:00,18.1,20.628248,1019.59576,90.578125,19.157513,0.4755354,1018.17413,22.0345,18.884499,29.462873
2017-12-16 17:00:00+00:00,1.0000001,17.972002,1024.0583,72.51833,21.169806,0.48458457,1022.61743,18.884499,16.9345,26.6327
2017-12-17 17:00:00+00:00,0.6,17.747002,1023.93756,65.68691,20.14488,0.47973213,1022.49567,19.2845,17.0345,27.645092
2017-12-18 17:00:00+00:00,0.0,17.659498,1024.9292,55.73318,22.752924,0.47424784,1023.48553,18.884499,16.7845,27.534704
2017-12-19 17:00:00+00:00,0.1,17.759497,1025.3208,60.5226,20.76209,0.46904457,1023.87726,19.134499,16.9345,26.758923
2017-12-20 17:00:00+00:00,0.0,19.417831,1022.1458,66.77009,15.184441,0.46470174,1020.7148,20.634499,17.884499,20.598795
2017-12-21 17:00:00+00:00,0.5,19.169914,1017.87085,80.84883,9.936476,0.4606546,1016.4446,21.0845,16.634499,16.548256
2017-12-22 17:00:00+00:00,0.5,20.557415,1014.72076,86.427925,10.446727,0.4576503,1013.3057,22.134499,19.3345,15.175612
2017-12-23 17:00:00+00:00,14.200001,21.109499,1016.91675,88.36109,14.150021,0.4610596,1015.5012,21.7845,20.3345,24.269983
2017-12-24 17:00:00+00:00,0.3,20.834501,1016.77075,74.92636,17.034468,0.45957172,1015.3543,22.3345,19.984499,21.413193
2017-12-25 17:00:00+00:00,9.4000025,18.567831,1017.0334,87.18351,14.472035,0.46076503,1015.6053,20.1845,17.234499,18.440998
2017-12-26 17:00:00+00:00,21.100002,18.421999,1016.8667,87.766045,16.471064,0.47750464,1015.43805,19.5845,17.234499,21.313093
2017-12-27 17:00:00+00:00,0.0,18.869917,1017.76245,81.02886,17.014921,0.4773605,1016.3349,19.9345,17.2845,22.065973
2017-12-28 17:00:00+00:00,2.5,20.174082,1017.75415,85.97446,12.454933,0.47475672,1016.33276,21.9345,19.1845,16.575644
2017-12-29 17:00:00+00:00,5.0999994,22.101166,1017.9209,86.05602,13.80807,0.47824422,1016.5086,25.0345,19.0845,24.74329
2017-12-30 17:00:00+00:00,3.8,20.913666,1018.6709,86.171104,13.748002,0.47734383,1017.25195,22.4345,19.984499,22.66857
2017-12-31 17:00:00+00:00,3.3000002,20.96158,1016.3249,83.89312,11.235093,0.47665837,1014.9095,22.734499,19.5345,20.774214
2018-01-01 17:00:00+00:00,3.2999997,20.84075,1015.18744,89.00082,10.441553,0.47708297,1013.773,23.3345,18.134499,20.598795
2018-01-02 17:00:00+00:00,7.1,21.944918,1014.1956,89.251434,10.891057,0.4817262,1012.7879,23.6845,20.484499,17.555305
2018-01-03 17:00:00+00:00,2.3000002,22.56575,1013.0083,91.26892,9.844446,0.48346463,1011.60516,24.2845,21.4345,16.93531
2018-01-04 17:00:00+00:00,2.8,23.011581,1011.9207,90.95756,7.0366855,0.48299333,1010.52124,25.5345,21.134499,12.303366
2018-01-05 17:00:00+00:00,3.7000003,23.592833,1010.71655,90.96662,5.7154,0.48231962,1009.32135,26.4345,22.0345,8.891343
2018-01-06 17:00:00+00:00,0.2,24.365747,1010.7751,90.245476,5.2423406,0.4812392,1009.38324,29.3345,21.8345,11.923557
2018-01-07 17:00:00+00:00,7.3999996,24.9095,1011.6624,87.57648,7.895333,0.4778888,1010.2719,32.1345,20.134499,27.532352
2018-01-08 17:00:00+00:00,0.0,18.511585,1020.28754,75.36242,18.077572,0.47982082,1018.8547,19.7845,17.6845,24.798225
2018-01-09 17:00:00+00:00,0.4,16.188667,1022.47504,77.96029,15.46587,0.4778713,1021.0275,18.2845,14.1345005,19.878391
2018-01-10 17:00:00+00:00,1.0000001,14.838665,1022.69995,77.80198,16.673445,0.47555783,1021.24536,16.7845,12.5845,20.421871
2018-01-11 17:00:00+00:00,3.8999999,15.749084,1022.3708,82.31037,14.77504,0.47550508,1020.9212,18.234499,13.5845,21.382906
2018-01-12 17:00:00+00:00,3.6999998,17.04492,1020.21246,84.8092,10.768745,0.47622633,1018.77246,19.2845,14.434501,18.581022
2018-01-13 17:00:00+00:00,19.6,18.149084,1018.6624,91.04226,7.6778903,0.48339048,1017.2299,20.5345,16.0345,11.119281
2018-01-14 17:00:00+00:00,0.6,19.899082,1015.58344,85.29348,8.5431185,0.48296037,1014.16376,22.6845,17.384499,14.764389
2018-01-15 17:00:00+00:00,0.2,20.605333,1013.4375,88.09739,8.696013,0.4812883,1012.02435,23.984499,17.734499,15.893093
2018-01-16 17:00:00+00:00,0.0,20.403248,1013.89166,87.007805,7.4693527,0.47784963,1012.47687,24.984499,16.634499,16.45007
2018-01-17 17:00:00+00:00,0.0,19.717833,1014.13763,85.79699,7.937116,0.4744608,1012.71893,23.8345,15.7345,16.23596
2018-01-18 17:00:00+00:00,0.5,20.17825,1015.5042,88.42374,7.563006,0.47164044,1014.0859,23.484499,17.0845,14.830076
2018-01-19 17:00:00+00:00,2.8000002,20.890749,1013.84595,90.76184,8.121424,0.47028625,1012.43353,22.884499,19.2845,14.512064
2018-01-20 17:00:00+00:00,1.1,22.238665,1012.40405,90.60959,10.310014,0.46846995,1011.0002,25.484499,19.6845,18.511143
2018-01-21 17:00:00+00:00,0.70000005,22.296999,1012.24994,91.02365,8.670743,0.4664034,1010.8466,25.0345,20.734499,14.934577
2018-01-22 17:00:00+00:00,1.1000001,22.442833,1011.77094,90.05189,10.806904,0.4648142,1010.36884,24.484499,20.7845,16.645864
2018-01-23 17:00:00+00:00,2.5,22.7595,1010.7417,89.975555,10.721638,0.46370956,1009.34247,24.9345,21.0845,17.227419
2018-01-24 17:00:00+00:00,0.7,22.978247,1010.2874,89.86313,9.121562,0.46103123,1008.88995,25.484499,20.8345,17.339897
2018-01-25 17:00:00+00:00,0.9000001,23.161583,1011.6833,88.92263,14.193199,0.45787096,1010.2847,25.8345,21.8345,20.957443
2018-01-26 17:00:00+00:00,3.3999999,23.276163,1011.4375,88.70657,15.242707,0.45550624,1010.03986,25.4345,22.134499,23.34455
2018-01-27 17:00:00+00:00,0.6,23.844917,1010.86237,89.28463,10.676875,0.4535705,1009.4683,26.6845,22.384499,14.007655
2018-01-28 17:00:00+00:00,12.999999,19.87825,1016.4875,82.70832,16.547977,0.4590008,1015.06647,22.8345,18.1845,27.558228
2018-01-29 17:00:00+00:00,0.0,16.807417,1017.4292,79.6648,11.496983,0.45935872,1015.992,18.634499,14.434501,16.641972
2018-01-30 17:00:00+00:00,6.0999994,15.544915,1019.67084,83.89251,15.392643,0.4625896,1018.2241,17.234499,12.9845,19.862083
2018-01-31 17:00:00+00:00,0.8000001,15.132419,1020.34576,78.896675,9.858029,0.46425083,1018.896,18.134499,11.7845,15.725037
2018-02-01 17:00:00+00:00,3.9999998,16.96158,1021.1541,85.06243,13.371407,0.46363625,1019.71246,18.734499,15.3845005,24.57511
2018-02-02 17:00:00+00:00,0.4,16.592833,1023.2791,71.864784,16.102076,0.4621663,1021.8327,17.8345,15.7345,19.523155
2018-02-03 17:00:00+00:00,0.4,16.696999,1022.0459,75.053276,12.074725,0.45995298,1020.6014,19.234499,14.934501,18.581022
2018-02-04 17:00:00+00:00,0.8000001,16.480333,1023.85834,73.32094,18.582546,0.45843378,1022.4102,17.8345,14.934501,22.963936
2018-02-05 17:00:00+00:00,0.0,15.563664,1022.0125,65.23708,11.526932,0.45594457,1020.56256,17.1845,14.3845005,16.62249
2018-02-06 17:00:00+00:00,0.4,16.255333,1019.0208,74.053665,7.7849865,0.4528966,1017.5786,19.0845,13.7345,12.783802
2018-02-07 17:00:00+00:00,1.0,16.955334,1017.57086,80.60616,8.84691,0.45036837,1016.13403,18.8345,14.1345005,14.039999
2018-02-08 17:00:00+00:00,0.0,18.326166,1013.44586,86.43145,6.7813935,0.44714248,1012.02124,24.3345,13.0845,13.363711
2018-02-09 17:00:00+00:00,0.0,19.926165,1014.7583,92.3674,5.954349,0.44344124,1013.3399,25.4345,16.0845,14.291592
2018-02-10 17:00:00+00:00,6.4,20.507414,1019.375,89.84946,12.684176,0.44221583,1017.9531,22.634499,18.884499,21.599998
2018-02-11 17:00:00+00:00,22.000002,18.907415,1022.82086,91.02059,11.377041,0.45779085,1021.3862,20.134499,17.884499,14.440443
2018-02-12 17:00:00+00:00,15.6,18.528246,1021.5251,89.25858,8.86579,0.4863421,1020.0904,20.5345,16.7845,14.168641
2018-02-13 17:00:00+00:00,0.0,18.811583,1016.69183,86.79218,6.5047684,0.48926464,1015.2649,24.634499,13.3845005,14.759999
2018-02-14 17:00:00+00:00,0.0,20.240751,1013.6792,90.3226,6.0488524,0.48417667,1012.2635,28.0345,15.684501,12.879752
2018-02-15 17:00:00+00:00,0.0,20.930334,1013.40845,91.99517,5.2429824,0.4803084,1011.99664,26.4345,17.4345,12.475961
2018-02-16 17:00:00+00:00,0.0,21.69075,1013.675,87.12362,7.298967,0.4781829,1012.26654,25.4345,18.9345,13.797912
2018-02-17 17:00:00+00:00,0.4,22.167833,1013.3999,90.56364,7.648666,0.4742432,1011.9942,24.7845,19.8345,14.471821
2018-02-18 17:00:00+00:00,0.2,23.099085,1013.2124,91.891975,9.938603,0.47125164,1011.8115,25.984499,21.234499,16.394829
2018-02-19 17:00:00+00:00,0.3,23.511583,1011.82916,90.07177,7.412728,0.46833244,1010.43207,26.4345,21.8345,13.004922
2018-02-20 17:00:00+00:00,0.1,23.411583,1010.67896,89.93466,7.8410935,0.46491048,1009.2832,25.8345,21.6845,13.493999
2018-02-21 17:00:00+00:00,1.9,23.657412,1012.3501,90.1849,12.852555,0.4617717,1010.9528,26.0345,22.3345,18.782204
2018-02-22 17:00:00+00:00,2.0,20.003248,1016.2917,85.53449,17.418768,0.46110955,1014.8716,22.134499,18.1845,29.69727
2018-02-23 17:00:00+00:00,0.4,20.928247,1016.4084,84.101364,6.26771,0.4592142,1014.99243,24.384499,18.634499,12.224107
2018-02-24 17:00:00+00:00,3.4,21.780333,1016.1416,89.685036,11.490006,0.45825925,1014.7304,24.2845,20.734499,18.671474
2018-02-25 17:00:00+00:00,6.7,21.759499,1015.5706,93.276146,10.511507,0.46235582,1014.16034,22.7845,20.9345,17.313717
2018-02-26 17:00:00+00:00,0.2,22.6845,1013.25836,88.353,10.40638,0.4635829,1011.8553,25.7845,20.0345,17.81909
2018-02-27 17:00:00+00:00,0.0,22.967834,1011.73755,89.36786,6.0449753,0.46023497,1010.3379,27.134499,19.7845,12.096214
2018-02-28 17:00:00+00:00,0.9000001,24.174082,1009.9458,89.40899,7.4746804,0.45739046,1008.55426,27.4345,22.0345,12.641076
2018-03-01 17:00:00+00:00,1.4000001,25.188665,1008.42096,88.686806,5.17059,0.45440507,1007.03613,32.0845,21.6845,12.0694
2018-03-02 17:00:00+00:00,17.4,25.663664,1007.3582,89.174324,6.7365932,0.45420828,1005.9775,31.5345,21.7845,12.979984
2018-03-03 17:00:00+00:00,0.0,27.755335,1007.9001,77.11093,9.625313,0.4482951,1006.52765,34.184498,23.5345,15.192682
2018-03-04 17:00:00+00:00,0.0,26.794916,1008.74585,85.12072,6.39266,0.44349006,1007.3681,32.5345,22.634499,11.165805
2018-03-05 17:00:00+00:00,0.0,24.655333,1010.98737,91.35612,6.770269,0.43888044,1009.59674,28.234499,22.1845,11.165805
2018-03-06 17:00:00+00:00,0.5,25.019915,1011.60004,88.7215,7.694702,0.43545917,1010.21,28.0345,22.984499,13.363711
2018-03-07 17:00:00+00:00,9.700001,21.757418,1015.8291,87.65406,16.912506,0.43568587,1014.41815,24.4345,19.484499,29.644857
2018-03-08 17:00:00+00:00,0.3,19.417831,1019.82086,74.75208,17.32515,0.437325,1018.393,20.384499,18.6845,22.862125
2018-03-09 17:00:00+00:00,2.6,19.742834,1018.3376,81.287636,8.65302,0.43684712,1016.91327,21.5345,18.0345,13.708391
2018-03-10 17:00:00+00:00,0.3,21.917831,1017.01654,80.29414,10.074526,0.43544003,1015.60474,24.5345,19.0345,16.215992
2018-03-11 17:00:00+00:00,0.1,22.759499,1015.64575,79.09297,12.206651,0.43282995,1014.24,25.0845,21.134499,19.770523
2018-03-12 17:00:00+00:00,0.3,22.209497,1013.4543,83.33269,9.115197,0.42969748,1012.0486,25.484499,18.634499,15.042659
2018-03-13 17:00:00+00:00,4.1,22.415749,1011.6875,89.60486,8.054386,0.4270984,1010.2854,25.234499,19.2845,14.88242
2018-03-14 17:00:00+00:00,2.2999997,23.54908,1011.2332,88.94434,6.3206916,0.44232297,1009.83716,28.134499,20.134499,12.031756
2018-03-15 17:00:00+00:00,0.0,23.511583,1011.8042,90.681,5.1527343,0.44655535,1010.407,28.4345,20.634499,13.237039
2018-03-16 17:00:00+00:00,0.0,24.794916,1011.80005,88.6368,5.924232,0.4422071,1010.4089,29.134499,22.134499,12.620554
2018-03-17 17:00:00+00:00,0.0,25.001165,1011.74994,88.26931,5.790272,0.4387554,1010.35986,29.0845,22.884499,13.084402
2018-03-18 17:00:00+00:00,0.0,25.361582,1009.4084,90.12842,5.068166,0.43364832,1008.023,31.134499,21.4345,10.883676
2018-03-19 17:00:00+00:00,33.3,22.21158,1012.39594,91.57134,9.73017,0.44175085,1010.99176,24.0845,18.5345,21.749481
2018-03-20 17:00:00+00:00,0.2,20.682417,1015.3499,81.86404,10.970185,0.43764544,1013.9345,23.134499,18.1845,18.861387
2018-03-21 17:00:00+00:00,0.2,20.817833,1014.88745,78.51423,9.954009,0.4358996,1013.4733,23.234499,19.3345,15.844089
2018-03-22 17:00:00+00:00,0.4,21.317835,1015.2334,82.93483,9.600552,0.4333887,1013.82104,24.0845,17.8345,19.652176
2018-03-23 17:00:00+00:00,0.0,22.380333,1015.23334,84.30094,10.237784,0.4302763,1013.8261,25.734499,18.2845,18.36353
2018-03-24 17:00:00+00:00,0.1,22.872,1015.99585,84.51181,10.374373,0.42812133,1014.5899,26.4345,19.634499,16.595179
2018-03-25 17:00:00+00:00,0.2,22.582415,1016.54584,87.99268,8.845764,0.42534664,1015.1377,25.734499,19.7845,16.179985
2018-03-26 17:00:00+00:00,0.70000005,22.594917,1014.6084,86.64982,9.806447,0.41991305,1013.20294,26.634499,20.134499,16.854767
2018-03-27 17:00:00+00:00,0.1,23.034494,1012.1333,84.41006,10.382644,0.41549453,1010.73346,26.634499,19.5345,16.904673
2018-03-28 17:00:00+00:00,0.0,23.488663,1011.1707,85.57702,5.7327385,0.41132042,1009.7746,27.9345,19.234499,12.261158
2018-03-29 17:00:00+00:00,0.3,24.19075,1012.44165,87.02245,8.357229,0.4084337,1011.04694,27.734499,21.7845,16.595179
2018-03-30 17:00:00+00:00,0.0,23.624083,1013.1709,85.12183,10.053453,0.4073629,1011.7723,27.484499,20.5345,17.114204
2018-03-31 17:00:00+00:00,0.0,23.167831,1012.95825,84.84235,8.934802,0.40396416,1011.55786,27.3345,21.0345,15.629971
2018-04-01 17:00:00+00:00,0.0,23.188667,1012.4541,85.67066,8.780013,0.39758584,1011.05475,27.2845,20.4345,15.7908325
2018-04-02 17:00:00+00:00,0.0,22.976166,1011.2832,83.8307,7.4780946,0.39088836,1009.88434,27.9345,18.7845,16.516901
2018-04-03 17:00:00+00:00,0.0,23.090746,1010.35004,83.29859,7.6732354,0.38572672,1008.9528,27.884499,18.7845,17.555305
2018-04-04 17:00:00+00:00,0.0,24.449087,1009.0916,84.8166,6.1801414,0.38276872,1007.70264,28.9345,20.884499,12.144331
2018-04-05 17:00:00+00:00,1.3000001,24.86783,1011.93744,84.65695,12.397145,0.38097462,1010.54663,28.8345,21.734499,25.455843
2018-04-06 17:00:00+00:00,10.700001,20.288668,1020.0625,85.49929,22.850485,0.38730505,1018.6386,20.884499,19.8345,28.467329
2018-04-07 17:00:00+00:00,3.4999998,20.113667,1018.90405,85.77151,9.761525,0.39682758,1017.48096,22.3345,16.8345,15.021105
2018-04-08 17:00:00+00:00,0.70000005,22.449083,1015.0166,81.63172,8.91694,0.39760292,1013.6101,25.0345,19.5345,17.643673
2018-04-09 17:00:00+00:00,0.0,23.749083,1011.75006,84.73363,5.5886154,0.39458373,1010.35406,28.4345,19.3345,13.009903
2018-04-10 17:00:00+00:00,0.0,25.044916,1009.11664,87.98052,5.943707,0.39079747,1007.73016,30.8345,19.9345,13.339445
2018-04-11 17:00:00+00:00,0.0,27.986586,1007.09174,80.90743,6.8750052,0.38683164,1005.7214,35.5345,21.9345,12.959999
2018-04-12 17:00:00+00:00,0.0,28.851166,1007.73334,78.4965,6.923183,0.38202214,1006.36615,35.7845,23.5345,13.570615
2018-04-13 17:00:00+00:00,0.0,28.971994,1007.0667,78.91645,6.6808395,0.37681505,1005.7012,36.2845,24.2845,16.595179
2018-04-14 17:00:00+00:00,1.6000003,25.682413,1011.1418,86.65742,13.1167345,0.37169126,1009.75555,28.484499,23.9345,18.626305
2018-04-15 17:00:00+00:00,3.3999999,24.144915,1013.79584,84.2301,13.768677,0.37269542,1012.399,25.734499,23.2845,20.265795
2018-04-16 17:00:00+00:00,2.2,23.182417,1015.26263,83.52924,10.640333,0.37341878,1013.85913,25.384499,21.0345,16.263872
2018-04-17 17:00:00+00:00,0.3,22.940748,1013.6709,81.89763,7.7672276,0.37385213,1012.2684,26.1845,20.5345,13.849476
2018-04-18 17:00:00+00:00,0.1,24.726166,1011.12085,83.96975,6.421391,0.3712846,1009.7303,28.1845,21.4345,12.371645
2018-04-19 17:00:00+00:00,0.6,26.440744,1009.6665,84.7808,5.95795,0.36780086,1008.28595,30.9345,23.5845,12.397806
2018-04-20 17:00:00+00:00,1.0,27.367828,1008.71246,84.76888,4.896201,0.36497125,1007.3374,32.5345,22.984499,13.202726
2018-04-21 17:00:00+00:00,0.0,27.711578,1007.6541,83.04698,5.836577,0.36150002,1006.28217,33.0845,23.1845,14.372974
2018-04-22 17:00:00+00:00,0.0,29.709501,1005.771,72.20928,9.3229685,0.35716295,1004.41034,36.684498,24.8345,16.418526
2018-04-23 17:00:00+00:00,3.6000001,29.340744,1006.57904,76.52312,6.677944,0.35398665,1005.216,36.3345,25.234499,14.654254
2018-04-24 17:00:00+00:00,1.0,27.076166,1008.8499,85.11447,5.592146,0.35408083,1007.4733,30.734499,24.4345,11.5199995
2018-04-25 17:00:00+00:00,2.7,26.386581,1010.2917,86.12579,5.620526,0.35580918,1008.9101,30.134499,23.4345,13.584932
2018-04-26 17:00:00+00:00,11.500001,26.08658,1012.57904,90.34802,7.6089745,0.3589996,1011.19293,28.884499,24.4345,14.154915
2018-04-27 17:00:00+00:00,7.7999997,26.013664,1012.50415,86.713196,7.652228,0.36025715,1011.11774,29.0845,24.234499,14.917212
2018-04-28 17:00:00+00:00,3.8,26.124083,1010.9541,88.44686,5.0490303,0.36009708,1009.5704,29.134499,24.0845,11.620809
2018-04-29 17:00:00+00:00,9.5,26.540747,1010.5501,88.76829,3.5462759,0.36334503,1009.16876,30.0345,24.484499,8.854829
2018-04-30 17:00:00+00:00,1.4,26.755335,1010.3835,87.463066,4.731466,0.366428,1009.0032,30.9345,23.634499,9.178235
2018-05-01 17:00:00+00:00,4.0,28.038668,1010.6125,83.1518,6.3824515,0.3638229,1009.238,33.5345,23.884499,14.529915
2018-05-02 17:00:00+00:00,1.1,27.419914,1011.97095,87.081116,8.626704,0.3590846,1010.5916,30.734499,24.984499,16.58346
2018-05-03 17:00:00+00:00,0.70000005,27.236582,1011.77075,83.77273,7.7736773,0.35455748,1010.39105,30.884499,24.384499,17.654688
2018-05-04 17:00:00+00:00,2.3999999,27.803247,1011.35004,80.3368,7.2670417,0.3511634,1009.9734,32.1345,23.7845,14.764389
2018-05-05 17:00:00+00:00,4.9,28.269915,1009.5168,80.03367,8.26191,0.3498596,1008.1447,33.2345,24.2845,15.034041
2018-05-06 17:00:00+00:00,0.2,30.013666,1006.69586,67.18456,14.578995,0.34502497,1005.3355,34.434498,26.484499,23.507751
2018-05-07 17:00:00+00:00,0.5,30.786583,1005.7419,66.16582,12.442216,0.33857417,1004.38617,35.4845,27.4345,20.371038
2018-05-08 17:00:00+00:00,1.0,30.101164,1008.00836,70.48422,9.49522,0.33146295,1006.64655,35.434498,26.9345,16.135872
2018-05-09 17:00:00+00:00,7.3999996,28.890747,1009.95,76.99115,6.327047,0.32806456,1008.58026,32.684498,25.734499,13.237038
2018-05-10 17:00:00+00:00,2.1,28.66575,1009.5374,80.78434,4.926257,0.32757998,1008.16724,33.2845,25.384499,10.464797
2018-05-11 17:00:00+00:00,9.699999,28.611582,1009.33325,81.26755,4.6444087,0.3266625,1007.96313,33.0845,24.8345,7.289445
2018-05-12 17:00:00+00:00,2.0,28.905333,1009.35406,80.384476,3.8665917,0.323455,1007.98517,33.434498,24.7845,7.928178
2018-05-13 17:00:00+00:00,0.6,29.236582,1008.7583,77.47101,4.7319646,0.3219875,1007.39185,34.184498,24.8345,9.47012
2018-05-14 17:00:00+00:00,2.2,29.638664,1006.9458,74.85017,7.8888206,0.32367378,1005.5835,35.2845,26.1845,12.599998
2018-05-15 17:00:00+00:00,3.0,29.884499,1006.34576,73.77127,7.9404297,0.32050246,1004.9854,35.934498,25.734499,12.984975
2018-05-16 17:00:00+00:00,3.5,29.644915,1006.4666,72.52244,10.104796,0.3203667,1005.10504,35.9845,26.6845,17.935081
2018-05-17 17:00:00+00:00,2.9,29.917831,1005.99164,71.811806,8.661483,0.31818873,1004.6319,36.184498,26.884499,14.277983
2018-05-18 17:00:00+00:00,0.1,30.019915,1006.07086,68.742676,8.057241,0.31103542,1004.71136,35.7845,25.884499,14.618837
2018-05-19 17:00:00+00:00,2.8000002,29.765747,1006.58746,74.64143,4.8993235,0.30975124,1005.2263,35.2345,25.734499,10.383987
2018-05-20 17:00:00+00:00,6.7,29.063665,1007.4583,78.57123,4.540502,0.3128725,1006.0926,34.5345,25.4345,9.449572
2018-05-21 17:00:00+00:00,1.8,28.555334,1008.8958,79.89646,5.6024747,0.31252083,1007.5259,33.6345,24.734499,13.397612
2018-05-22 17:00:00+00:00,2.0,28.711586,1008.8958,79.54241,6.205038,0.31226504,1007.52686,32.3845,25.0845,15.379206
2018-05-23 17:00:00+00:00,13.6,28.751165,1007.90424,79.88081,4.3385644,0.31278166,1006.53656,34.184498,25.0845,8.707238
2018-05-24 17:00:00+00:00,0.2,29.265749,1007.1291,71.5772,12.013129,0.31101838,1005.76495,33.5845,26.1845,17.31746
2018-05-25 17:00:00+00:00,2.5,30.288666,1007.4167,66.564354,11.2575035,0.3058233,1006.0566,35.184498,26.5345,16.055355
2018-05-26 17:00:00+00:00,0.1,29.54908,1008.6208,68.35917,11.041537,0.30443966,1007.2559,32.684498,27.3345,16.299694
2018-05-27 17:00:00+00:00,2.1999998,30.286581,1008.8875,61.6925,6.733854,0.30089417,1007.5256,35.5845,27.0345,12.979984
2018-05-28 17:00:00+00:00,0.0,29.311584,1009.1001,70.94439,5.069838,0.29837084,1007.7332,34.3345,26.3345,15.683776
2018-05-29 17:00:00+00:00,7.5,30.092833,1008.62067,72.910645,5.4393067,0.29498705,1007.2583,35.2845,26.2845,10.948973
2018-05-30 17:00:00+00:00,0.6,30.396996,1008.60425,70.86571,5.133364,0.29461873,1007.2429,36.0845,26.384499,12.413476
2018-05-31 17:00:00+00:00,1.1,30.196997,1008.2207,70.463326,7.608158,0.29478538,1006.85913,35.684498,26.2845,14.345898
2018-06-01 17:00:00+00:00,0.0,29.49283,1007.78754,74.77135,7.5670266,0.29107627,1006.4235,34.9845,25.234499,19.353138
2018-06-02 17:00:00+00:00,3.1,28.844917,1005.74585,76.06198,5.7088246,0.2904217,1004.38165,33.3845,25.5845,15.778518
2018-06-03 17:00:00+00:00,14.399999,28.499083,1004.6916,77.94543,7.1476607,0.29309294,1003.32733,32.2345,25.634499,15.575981
2018-06-04 17:00:00+00:00,25.5,26.140749,1005.9333,92.39316,5.999994,0.30314583,1004.5566,27.4345,25.5345,10.383987
2018-06-05 17:00:00+00:00,6.4,28.278252,1005.37506,80.10004,10.951983,0.3124567,1004.0086,32.6345,25.5345,17.87718
2018-06-06 17:00:00+00:00,4.2,29.105333,1003.7209,75.18898,14.7873335,0.30984506,1002.36066,32.184498,27.134499,21.096123
2018-06-07 17:00:00+00:00,0.0,29.265753,1002.446,72.03874,19.636063,0.30833754,1001.0879,32.8345,26.484499,27.0
2018-06-08 17:00:00+00:00,0.6,29.686579,1002.2415,68.814384,22.172653,0.30426335,1000.88617,33.434498,27.5845,29.74306
2018-06-09 17:00:00+00:00,0.1,29.703249,1003.7541,68.49436,20.179571,0.29971793,1002.3965,33.1345,27.6845,25.9225
2018-06-10 17:00:00+00:00,1.6,29.176168,1004.2959,69.758644,22.708345,0.2967871,1002.93524,31.234499,27.1845,28.954834
2018-06-11 17:00:00+00:00,1.4000001,29.190744,1003.89594,68.37895,25.533403,0.2936246,1002.53564,30.884499,27.384499,35.870163
2018-06-12 17:00:00+00:00,4.7,29.265747,1002.20416,70.148445,24.823744,0.29326752,1000.8466,31.9345,26.234499,36.509396
2018-06-13 17:00:00+00:00,0.0,29.60325,1001.7209,69.01589,19.662552,0.28991,1000.3655,30.634499,28.8345,26.178707
2018-06-14 17:00:00+00:00,0.90000004,29.140747,1002.10834,71.187675,20.78763,0.28922835,1000.7503,30.734499,27.4345,31.262014
2018-06-15 17:00:00+00:00,10.4,28.163668,1002.679,77.07992,15.998817,0.29655996,1001.316,30.5845,25.734499,22.366402
2018-06-16 17:00:00+00:00,0.0,29.311584,1002.1584,71.55456,13.575257,0.29926458,1000.80096,32.4845,27.134499,22.180206
2018-06-17 17:00:00+00:00,0.0,29.967834,1001.89166,68.10401,12.580012,0.29257503,1000.53754,34.2345,26.0345,21.650938
2018-06-18 17:00:00+00:00,0.0,30.251167,1003.5124,63.885693,14.826743,0.28631583,1002.1577,34.0345,27.5345,22.66857
2018-06-19 17:00:00+00:00,0.0,30.669916,1005.62494,61.379,18.011091,0.28120497,1004.2692,34.0345,27.8345,27.459293
2018-06-20 17:00:00+00:00,0.0,31.542833,1005.7251,59.424908,18.32366,0.27799538,1004.37286,35.934498,28.5345,26.161375
2018-06-21 17:00:00+00:00,0.0,31.703249,1004.9958,59.25652,19.374609,0.27503833,1003.6453,35.8845,28.5845,27.155552
2018-06-22 17:00:00+00:00,0.0,31.874084,1004.17914,58.720367,17.951418,0.2736142,1002.83057,36.5345,28.6845,26.161375
2018-06-23 17:00:00+00:00,2.1,30.6845,1004.7292,61.99114,16.06103,0.2727108,1003.3745,33.7345,28.3345,26.518099
2018-06-24 17:00:00+00:00,0.5,30.067831,1005.7417,63.382336,13.958669,0.27396128,1004.3829,33.8845,27.2845,22.401142
2018-06-25 17:00:00+00:00,0.4,29.667831,1007.6333,67.56162,10.442686,0.2748875,1006.27026,33.7345,26.7845,18.289274
2018-06-26 17:00:00+00:00,8.400001,29.424082,1008.875,69.08493,7.4808483,0.2756396,1007.50903,35.6345,25.984499,14.021525
2018-06-27 17:00:00+00:00,0.5,30.359499,1007.4834,65.07811,8.418156,0.27263504,1006.12335,36.8845,25.734499,14.480773
2018-06-28 17:00:00+00:00,0.0,31.326166,1004.6248,60.33733,16.507729,0.27238002,1003.27325,37.0345,26.634499,22.553936
2018-06-29 17:00:00+00:00,0.0,32.1595,1003.62933,55.88997,18.357143,0.27217254,1002.2824,37.2345,28.234499,25.567604
2018-06-30 17:00:00+00:00,0.0,31.967833,1003.89575,57.03079,19.513891,0.2709075,1002.5479,36.5345,28.734499,26.980793
2018-07-01 17:00:00+00:00,0.0,31.86783,1003.14575,56.736282,21.532835,0.26998422,1001.7986,36.3845,28.134499,30.96837
2018-07-02 17:00:00+00:00,0.0,32.174084,1002.0833,55.464405,22.584482,0.2689213,1000.7388,36.8345,28.384499,28.732422
2018-07-03 17:00:00+00:00,0.0,31.776167,1001.8208,56.47034,23.729284,0.26866755,1000.4749,36.4845,28.1845,35.346058
2018-07-04 17:00:00+00:00,0.0,32.069912,1001.53345,55.395565,21.093666,0.26859584,1000.18896,36.4845,28.5845,27.504093
2018-07-05 17:00:00+00:00,0.0,32.044918,1001.11664,56.220707,19.742453,0.2690872,999.77277,36.2845,28.634499,25.862436
2018-07-06 17:00:00+00:00,0.2,31.046995,1001.4834,60.85404,18.381315,0.26885962,1000.1345,35.2345,27.9345,27.217524
2018-07-07 17:00:00+00:00,29.8,28.669916,1002.07086,72.324776,15.414406,0.27310333,1000.7109,32.684498,26.3345,19.406637
2018-07-08 17:00:00+00:00,5.7000003,29.251167,1002.8875,70.2936,11.855994,0.27658543,1001.529,33.6345,26.884499,17.786331
2018-07-09 17:00:00+00:00,15.400001,28.246996,1003.0918,77.28442,9.094546,0.27918297,1001.7283,33.5845,25.734499,16.78156
2018-07-10 17:00:00+00:00,7.0,27.09075,1002.2043,82.89422,8.616319,0.29851624,1000.8369,30.234499,25.1845,14.386494
2018-07-11 17:00:00+00:00,4.6,27.153254,1001.5166,81.70389,12.464774,0.30340832,1000.1506,29.1845,25.7845,16.563911
2018-07-12 17:00:00+00:00,3.2,28.557417,1000.8916,76.74084,12.842423,0.30177042,999.53265,32.3845,25.8345,20.466246
2018-07-13 17:00:00+00:00,6.6,27.386581,1000.85425,81.04614,15.334301,0.3051546,999.4898,31.0845,25.5345,19.67195
2018-07-14 17:00:00+00:00,17.100002,26.461584,1000.9875,84.2479,16.088655,0.32819125,999.6189,29.234499,24.9345,24.951921
2018-07-15 17:00:00+00:00,33.9,26.234499,999.3584,83.53614,18.755697,0.3711942,997.9909,27.984499,25.134499,23.710857
2018-07-16 17:00:00+00:00,8.9,26.805328,999.0166,84.246254,10.513381,0.3848146,997.65234,29.984499,25.3345,16.87398
2018-07-17 17:00:00+00:00,21.6,26.08658,999.3543,92.20939,9.075503,0.39634708,997.98615,28.1845,24.8345,16.055355
2018-07-18 17:00:00+00:00,7.7000003,27.346998,1001.32495,85.17607,9.716449,0.40068296,999.96,31.1845,24.6845,21.479664
2018-07-19 17:00:00+00:00,0.8,28.417833,1003.1167,78.317085,16.07054,0.39956757,1001.7541,32.1345,25.5345,21.575987
2018-07-20 17:00:00+00:00,10.7,27.821999,1002.00824,79.92216,21.2409,0.3993125,1000.6446,30.4345,25.4345,27.059933
2018-07-21 17:00:00+00:00,85.7,26.067833,1000.1792,86.82612,21.360542,0.42534587,998.81,27.1845,25.0345,33.059288
2018-07-22 17:00:00+00:00,1.0000001,28.14908,1000.7791,77.16462,22.691582,0.4291725,999.4185,31.0845,26.134499,26.220753
2018-07-23 17:00:00+00:00,0.0,28.85742,1001.66254,73.67674,22.467176,0.4249533,1000.3038,31.634499,27.0845,29.30409
2018-07-24 17:00:00+00:00,1.4,28.359499,1003.3376,74.94544,18.34494,0.41793588,1001.9744,31.1845,26.234499,23.688984
2018-07-25 17:00:00+00:00,16.1,26.77825,1004.63324,85.05814,12.923599,0.41804338,1003.2613,29.634499,25.384499,19.576189
2018-07-26 17:00:00+00:00,27.4,26.209497,1004.17084,88.17047,10.014342,0.45089003,1002.7968,29.384499,24.634499,17.782686
2018-07-27 17:00:00+00:00,18.599998,25.844917,1004.23755,87.67214,10.58942,0.47574833,1002.86176,28.0345,24.134499,15.876775
2018-07-28 17:00:00+00:00,5.9999995,26.459496,1004.1709,81.90757,12.670142,0.48009166,1002.7979,29.634499,24.0345,20.12461
2018-07-29 17:00:00+00:00,2.5,27.267832,1004.3166,80.38438,13.137466,0.4784067,1002.94727,30.634499,24.734499,21.38897
2018-07-30 17:00:00+00:00,0.8000001,28.042837,1005.28326,75.746895,15.464016,0.47419134,1003.91626,30.7845,25.884499,20.883102
2018-07-31 17:00:00+00:00,0.0,29.038666,1004.7585,70.04735,15.147,0.46726337,1003.39624,32.3345,26.6845,21.470612
2018-08-01 17:00:00+00:00,0.0,28.646997,1004.2083,73.563705,16.833115,0.45954385,1002.8453,32.0345,25.9345,22.59699
2018-08-02 17:00:00+00:00,0.0,28.417833,1003.2126,73.004135,15.849498,0.45302454,1001.8498,31.484499,26.484499,24.464113
2018-08-03 17:00:00+00:00,0.2,28.919912,1003.2459,71.739685,13.677829,0.44553375,1001.88525,32.2845,26.484499,21.203358
2018-08-04 17:00:00+00:00,3.4,28.405333,1004.6416,77.88842,9.745583,0.43927172,1003.2769,31.734499,26.0345,15.192682
2018-08-05 17:00:00+00:00,4.2,28.076164,1004.5374,81.262436,7.0718307,0.43452755,1003.1714,32.0345,25.0345,12.768586
2018-08-06 17:00:00+00:00,0.8,28.428247,1003.3875,81.29005,6.7159133,0.4328425,1002.0244,32.3845,24.984499,11.304229
2018-08-07 17:00:00+00:00,1.2,28.26783,1003.03326,81.19519,7.1467605,0.42796087,1001.6701,32.8345,24.734499,11.269782
2018-08-08 17:00:00+00:00,8.6,26.228249,1003.27094,88.9381,9.739844,0.43064842,1001.8982,27.3345,25.4345,15.778516
2018-08-09 17:00:00+00:00,5.4,26.715744,1002.98334,82.562996,15.214588,0.4369751,1001.61304,28.5345,24.984499,19.969458
2018-08-10 17:00:00+00:00,0.0,28.02408,1001.42084,75.12152,23.914156,0.4463046,1000.0589,30.384499,26.3345,28.082308
2018-08-11 17:00:00+00:00,0.0,28.449083,1000.3166,73.27952,21.31384,0.44037747,998.95807,31.0345,26.6845,27.438046
2018-08-12 17:00:00+00:00,11.9,26.682413,1001.3916,80.55575,23.034813,0.43962792,1000.0235,27.484499,25.734499,28.082308
2018-08-13 17:00:00+00:00,2.3,27.113665,1000.8501,79.05235,25.285383,0.4409933,999.4846,28.9345,25.734499,30.96837
2018-08-14 17:00:00+00:00,3.8,27.09075,1001.3333,79.053276,25.182714,0.43858793,999.9672,29.134499,25.6845,31.072817
2018-08-15 17:00:00+00:00,0.4,27.863668,998.9458,76.05019,24.834665,0.43350422,997.5865,29.8345,26.484499,31.353085
2018-08-16 17:00:00+00:00,0.6,28.769913,998.2959,72.61337,17.358242,0.42924,996.9414,31.734499,26.6845,25.501621
2018-08-17 17:00:00+00:00,0.9,28.540754,1001.37506,75.74404,12.114166,0.4234284,1000.0154,31.8345,25.9345,18.218275
2018-08-18 17:00:00+00:00,0.1,28.801165,1003.44995,73.244354,14.701214,0.41713333,1002.08856,31.984499,26.734499,22.725668
2018-08-19 17:00:00+00:00,0.0,29.138666,1003.73755,72.27966,17.657875,0.41065642,1002.37726,32.0345,27.134499,24.248611
2018-08-20 17:00:00+00:00,0.4,29.546999,1001.6374,71.17837,20.846493,0.4046851,1000.282,33.5845,27.0845,26.496098
2018-08-21 17:00:00+00:00,0.0,29.215744,1001.4417,71.73716,18.281574,0.39876124,1000.085,32.9845,26.984499,24.063513
2018-08-22 17:00:00+00:00,0.0,28.874077,1003.425,73.80556,16.248737,0.39370576,1002.06396,32.0345,26.7845,25.284714
2018-08-23 17:00:00+00:00,7.0,27.599083,1004.47095,79.65368,15.2571,0.39563707,1003.1026,29.9345,25.6845,19.734436
2018-08-24 17:00:00+00:00,3.6999998,27.611582,1003.66675,77.86692,19.294518,0.39743543,1002.2998,29.734499,25.7845,22.89611
2018-08-25 17:00:00+00:00,15.499999,25.999083,1002.64166,84.42547,20.72212,0.3996158,1001.26874,28.134499,24.634499,25.63847
2018-08-26 17:00:00+00:00,11.3,26.49283,1003.5542,81.48768,17.08595,0.40911543,1002.1823,28.484499,24.4345,20.380579
2018-08-27 17:00:00+00:00,0.0,27.71158,1004.10834,74.91605,20.877542,0.4052017,1002.7413,30.634499,26.2845,25.41763
2018-08-28 17:00:00+00:00,0.0,27.953247,1002.24994,71.85935,22.313652,0.4003271,1000.88654,30.4345,26.5845,26.712873
2018-08-29 17:00:00+00:00,0.0,28.1595,1002.18756,71.45284,20.155478,0.39696422,1000.82513,30.6845,26.6845,30.652895
2018-08-30 17:00:00+00:00,0.0,29.228243,1005.9124,70.12132,13.98083,0.39246798,1004.54987,33.8345,26.234499,20.929594
2018-08-31 17:00:00+00:00,0.1,29.321999,1007.51245,71.52494,12.686482,0.3864175,1006.1479,33.2845,26.4345,19.107151
2018-09-01 17:00:00+00:00,0.0,29.309502,1005.67084,72.40867,12.552558,0.37866125,1004.3088,33.0845,26.4345,17.566378
2018-09-02 17:00:00+00:00,0.70000005,28.651167,1005.48334,74.72137,12.446305,0.37098917,1004.11847,32.684498,25.734499,19.296135
2018-09-03 17:00:00+00:00,0.70000005,28.909502,1006.55414,71.81169,13.478569,0.36584958,1005.18915,32.8345,25.9345,19.95972
2018-09-04 17:00:00+00:00,0.0,29.319918,1006.07086,69.00903,15.263568,0.35744214,1004.7082,33.3845,25.984499,23.838959
2018-09-05 17:00:00+00:00,0.1,30.305328,1004.6917,66.07981,10.689214,0.34872916,1003.33545,35.184498,26.734499,16.595179
2018-09-06 17:00:00+00:00,4.4999995,29.557411,1005.3792,72.638466,7.658167,0.34088707,1004.0185,34.6345,26.3345,11.808878
2018-09-07 17:00:00+00:00,16.5,26.782417,1007.5877,86.41257,8.99951,0.3441213,1006.2114,31.1845,24.6845,17.283749
2018-09-08 17:00:00+00:00,11.200001,26.217833,1010.11664,86.202126,8.470833,0.35146546,1008.7346,29.634499,24.234499,13.089354
2018-09-09 17:00:00+00:00,7.0,26.413664,1011.48755,87.2305,6.786864,0.35773543,1010.10425,29.8345,23.984499,11.177405
2018-09-10 17:00:00+00:00,8.4,26.590746,1009.50836,88.91864,4.8838935,0.360955,1008.1287,30.2845,23.984499,12.783802
2018-09-11 17:00:00+00:00,10.000001,26.969915,1007.4082,87.13693,4.096743,0.36701667,1006.0332,30.384499,23.884499,11.367109
2018-09-12 17:00:00+00:00,3.6,26.726168,1006.86237,87.439476,6.4174705,0.3714192,1005.4871,29.484499,24.734499,13.70839
2018-09-13 17:00:00+00:00,8.8,26.359503,1007.7334,87.83426,7.466287,0.37185335,1006.355,29.734499,23.734499,17.309975
2018-09-14 17:00:00+00:00,12.100002,26.690748,1006.6624,86.801025,7.547027,0.3785596,1005.2873,30.484499,24.134499,16.179985
2018-09-15 17:00:00+00:00,0.90000004,28.238663,1001.74603,78.267815,12.216708,0.37449375,1000.3841,33.1345,24.384499,21.915691
2018-09-16 17:00:00+00:00,0.6,28.607414,1002.6042,74.66752,17.965315,0.36829543,1001.243,31.984499,26.2845,26.729847
2018-09-17 17:00:00+00:00,11.7,27.00325,1007.82086,86.27072,5.9328766,0.36938253,1006.4455,30.2845,25.1845,10.24578
2018-09-18 17:00:00+00:00,4.6999993,26.763664,1010.325,88.264565,6.8958135,0.37340626,1008.945,29.884499,24.1845,13.698934
2018-09-19 17:00:00+00:00,2.5000002,26.96575,1010.45825,85.795876,7.579744,0.37396207,1009.0791,29.884499,24.634499,15.496736
2018-09-20 17:00:00+00:00,0.90000004,26.744917,1011.15826,85.66534,5.350868,0.37086502,1009.7771,29.9345,23.8345,12.287555
2018-09-21 17:00:00+00:00,3.8000002,26.622,1012.43756,85.051155,6.9580264,0.36669338,1011.054,29.984499,23.3345,12.72283
2018-09-22 17:00:00+00:00,1.2,26.803251,1012.5293,86.75253,5.443957,0.36382246,1011.1464,30.2845,24.0345,12.879752
2018-09-23 17:00:00+00:00,0.1,27.36783,1010.36664,81.95243,4.713852,0.35922042,1008.9893,31.884499,23.3345,10.685391
2018-09-24 17:00:00+00:00,0.1,28.630333,1008.1167,76.009026,8.5792265,0.3529433,1006.7482,33.4845,24.734499,14.529915
2018-09-25 17:00:00+00:00,0.5,29.203253,1007.4959,74.67099,7.6278763,0.34515584,1006.1308,33.934498,25.2845,12.538134
2018-09-26 17:00:00+00:00,4.8999996,28.601171,1007.75,79.28744,4.2975364,0.33777046,1006.382,33.4845,25.6845,9.904906
2018-09-27 17:00:00+00:00,12.600001,27.249084,1009.18335,87.54562,7.0069613,0.33829668,1007.8071,31.5345,24.884499,14.799459
2018-09-28 17:00:00+00:00,17.900002,25.874083,1010.071,90.84064,7.6544156,0.35241708,1008.6871,28.984499,24.134499,12.144331
2018-09-29 17:00:00+00:00,2.3999999,26.10325,1010.4167,85.27479,8.372307,0.36501375,1009.0336,28.2845,24.2845,14.33234
2018-09-30 17:00:00+00:00,9.100001,25.861582,1011.9958,86.95179,7.0592685,0.37057588,1010.60944,28.634499,23.984499,10.948973
2018-10-01 17:00:00+00:00,7.1000004,26.203245,1012.7249,78.27373,9.270371,0.3786913,1011.33936,29.5845,23.7845,17.388409
2018-10-02 17:00:00+00:00,2.3,25.601164,1013.32916,79.05688,9.862765,0.3797971,1011.93976,28.484499,22.384499,20.192118
2018-10-03 17:00:00+00:00,7.5999994,25.697,1013.72504,82.48842,11.503219,0.37998548,1012.33545,28.0845,23.4345,19.855558
2018-10-04 17:00:00+00:00,1.8,24.821999,1013.5957,83.60813,6.654814,0.3776317,1012.20245,28.484499,21.7845,12.031756
2018-10-05 17:00:00+00:00,1.3000001,24.774084,1013.2166,82.737114,6.5721145,0.37451828,1011.8235,28.7845,20.5845,12.229406
2018-10-06 17:00:00+00:00,0.1,25.43033,1013.05414,81.8397,6.921613,0.3708229,1011.66425,29.484499,21.484499,13.392774
2018-10-07 17:00:00+00:00,0.0,25.672003,1012.53326,80.62821,7.5048604,0.3670663,1011.14545,29.4345,22.0345,14.81259
2018-10-08 17:00:00+00:00,0.0,25.707413,1012.1501,81.553215,7.8399315,0.36323082,1010.76263,29.634499,21.134499,16.08761
2018-10-09 17:00:00+00:00,11.300001,25.167831,1013.5083,89.889595,6.99733,0.36202833,1012.11664,28.484499,22.884499,14.480773
2018-10-10 17:00:00+00:00,19.400002,23.926165,1015.49585,93.51046,9.113669,0.3765267,1014.09564,25.134499,23.234499,12.904882
2018-10-11 17:00:00+00:00,20.2,25.082418,1015.61255,89.99213,11.547263,0.39485955,1014.21747,27.0345,23.5845,19.130875
2018-10-12 17:00:00+00:00,18.000002,25.078247,1014.8792,90.850464,10.060854,0.41165173,1013.4853,27.5845,23.7845,17.076298
2018-10-13 17:00:00+00:00,1.2,26.186583,1012.89166,86.81684,7.2314105,0.41441584,1011.50555,29.8345,22.984499,16.167967
2018-10-14 17:00:00+00:00,1.0,26.753244,1012.08746,86.77271,5.9820676,0.4110979,1010.70514,30.9345,23.0345,12.245294
2018-10-15 17:00:00+00:00,0.5,26.855333,1011.56683,85.76505,5.7888513,0.40657917,1010.1853,31.1845,23.134499,11.874544
2018-10-16 17:00:00+00:00,4.9,26.90742,1010.3167,87.80966,3.576831,0.40282592,1008.93744,31.4345,23.984499,8.209263
2018-10-17 17:00:00+00:00,4.5,26.180334,1010.86237,89.184784,6.841332,0.40443715,1009.4793,28.7845,24.3345,11.923557
2018-10-18 17:00:00+00:00,4.5,26.02825,1012.6084,90.2028,8.018364,0.4103675,1011.22186,28.734499,24.5345,14.241629
2018-10-19 17:00:00+00:00,3.0,26.311579,1013.6875,88.1608,8.853709,0.41222623,1012.301,29.134499,24.3345,17.414476
2018-10-20 17:00:00+00:00,1.0000001,26.551168,1013.67084,85.70004,7.8245335,0.411955,1012.28516,30.234499,22.9345,17.057314
2018-10-21 17:00:00+00:00,2.0,26.717834,1013.1335,85.275734,8.66891,0.40934744,1011.74927,30.2845,23.2845,17.313717
2018-10-22 17:00:00+00:00,0.1,26.344917,1013.16656,82.971214,10.355836,0.40600047,1011.7808,30.134499,22.984499,21.03152
2018-10-23 17:00:00+00:00,1.4,26.222,1013.7791,82.03916,10.812673,0.40139714,1012.392,29.734499,22.734499,18.03237
2018-10-24 17:00:00+00:00,0.2,26.130333,1014.10425,84.30008,9.047605,0.39847252,1012.71606,30.484499,22.2845,16.854767
2018-10-25 17:00:00+00:00,0.0,26.192831,1015.1833,83.273544,8.951329,0.39470908,1013.794,30.0845,22.0845,16.520823
2018-10-26 17:00:00+00:00,1.5,25.774084,1015.99585,83.057365,9.319079,0.39121044,1014.60345,29.734499,22.5845,18.35647
2018-10-27 17:00:00+00:00,14.900001,24.847,1015.67065,90.29336,9.165548,0.39698377,1014.2746,27.2845,23.234499,18.0036
2018-10-28 17:00:00+00:00,8.300001,24.419912,1014.66656,84.32629,7.442402,0.40360036,1013.26984,28.234499,22.134499,16.279802
2018-10-29 17:00:00+00:00,0.2,24.055336,1014.3916,73.69148,9.353644,0.40032133,1012.9936,28.2845,20.484499,20.497883
2018-10-30 17:00:00+00:00,0.0,25.005333,1015.0166,61.249897,16.309376,0.39647046,1013.62225,27.634499,21.984499,26.141552
2018-10-31 17:00:00+00:00,0.0,23.899084,1014.4915,63.720154,10.800591,0.39281332,1013.0925,27.6845,19.9345,19.469976
2018-11-01 17:00:00+00:00,0.0,22.9345,1015.1792,70.170395,7.396684,0.38991833,1013.7747,28.0845,17.884499,14.529915
2018-11-02 17:00:00+00:00,0.4,23.453253,1015.44183,79.616196,6.379399,0.3872163,1014.0391,27.384499,19.0845,12.979984
2018-11-03 17:00:00+00:00,0.6,24.619913,1014.1792,83.24109,7.3450885,0.38433707,1012.78394,28.134499,20.734499,14.039999
2018-11-04 17:00:00+00:00,1.4000002,25.134499,1013.92505,84.491425,7.8860345,0.38255206,1012.53253,28.0345,22.234499,16.311613
2018-11-05 17:00:00+00:00,3.6000001,24.619917,1014.2083,90.20516,9.452632,0.38253632,1012.81323,27.0845,22.4345,16.965895
2018-11-06 17:00:00+00:00,10.3,24.819916,1014.3833,90.53687,11.498641,0.38701797,1012.98895,27.0345,23.7845,17.555305
2018-11-07 17:00:00+00:00,6.600001,24.71575,1013.7041,91.60247,11.181835,0.3913263,1012.3101,26.734499,23.5845,19.242327
2018-11-08 17:00:00+00:00,11.099999,24.576166,1013.34576,92.279625,10.558308,0.39934245,1011.95166,26.384499,23.5345,15.542662
2018-11-09 17:00:00+00:00,2.2,25.051163,1013.8542,87.23981,8.80899,0.4042884,1012.4614,27.884499,22.7845,16.700275
2018-11-10 17:00:00+00:00,2.2,25.238668,1013.7126,86.24738,6.9113517,0.4046475,1012.3208,28.384499,23.2845,12.864649
2018-11-11 17:00:00+00:00,0.4,25.084503,1012.41675,88.04957,6.587179,0.40457794,1011.02594,28.4345,21.984499,14.84318
2018-11-12 17:00:00+00:00,0.8000001,25.380333,1011.01245,85.30075,8.52196,0.40279257,1009.62524,27.884499,23.384499,15.745627
2018-11-13 17:00:00+00:00,0.3,25.699087,1011.25824,85.08643,8.129857,0.39978543,1009.87225,29.2845,22.734499,16.62249
2018-11-14 17:00:00+00:00,0.0,25.611582,1012.14575,84.37103,7.897983,0.39648297,1010.758,29.634499,21.734499,15.778518
2018-11-15 17:00:00+00:00,0.0,25.455332,1012.47076,85.66009,6.431038,0.39292213,1011.08185,28.734499,21.9345,13.479583
2018-11-16 17:00:00+00:00,1.1,25.130331,1012.72925,87.31222,7.5927677,0.39069334,1011.3384,28.3345,21.1845,15.124284
2018-11-17 17:00:00+00:00,2.0,25.582418,1013.2749,86.548706,8.033804,0.3906213,1011.88556,28.734499,22.5845,17.313717
2018-11-18 17:00:00+00:00,0.90000004,25.940752,1014.2874,83.42378,8.753575,0.38985586,1012.8982,28.884499,23.884499,16.23596
2018-11-19 17:00:00+00:00,0.1,25.694918,1013.79584,82.67785,8.161313,0.38700998,1012.4062,30.134499,22.7845,14.799459
2018-11-20 17:00:00+00:00,0.0,24.501167,1013.8083,86.15549,6.6593475,0.38322672,1012.413,29.2845,20.3345,13.896187
2018-11-21 17:00:00+00:00,33.6,23.632418,1016.31665,91.06298,15.832036,0.3911613,1014.914,25.484499,21.9345,24.014996
2018-11-22 17:00:00+00:00,28.000006,22.144913,1017.50006,90.9451,11.952605,0.42726836,1016.0886,25.134499,20.5845,15.827721
2018-11-23 17:00:00+00:00,4.7000003,22.880333,1015.95,88.811455,10.064607,0.43422708,1014.5442,26.3345,20.1845,16.73516
2018-11-24 17:00:00+00:00,2.5000002,23.003248,1015.59174,84.501854,13.625882,0.4383521,1014.1868,25.7845,21.0845,23.906818
2018-11-25 17:00:00+00:00,2.9,22.546997,1016.5708,79.276184,9.534671,0.4413925,1015.16266,25.0845,20.984499,16.800856
2018-11-26 17:00:00+00:00,2.3,22.411583,1016.70825,85.43183,9.084096,0.44170842,1015.29913,25.0845,19.5845,15.546833
2018-11-27 17:00:00+00:00,13.700001,22.236582,1017.0666,91.5615,12.087189,0.4503908,1015.65643,23.2845,21.2845,16.981165
2018-11-28 17:00:00+00:00,37.9,22.961584,1017.84576,93.03119,8.5809555,0.46482337,1016.4378,24.5345,21.634499,12.979984
2018-11-29 17:00:00+00:00,3.2999995,24.069918,1016.4041,91.5741,8.55178,0.47831666,1015.0034,26.6845,21.984499,16.75064
2018-11-30 17:00:00+00:00,0.70000005,24.33658,1014.48346,90.40128,6.760853,0.4777013,1013.08636,27.5845,21.9345,15.226764
2018-12-01 17:00:00+00:00,0.6,24.467833,1013.02075,89.17306,6.665776,0.47421214,1011.62646,27.8345,21.134499,14.264361
2018-12-02 17:00:00+00:00,0.0,24.840752,1013.59595,87.059364,7.9868016,0.47011164,1012.20245,28.4345,21.634499,15.745627
2018-12-03 17:00:00+00:00,1.7000002,24.586584,1014.1665,89.27897,7.5200334,0.46714213,1012.77124,27.9345,21.1845,15.937878
2018-12-04 17:00:00+00:00,1.4000001,24.372,1013.00006,87.60395,8.607133,0.46539256,1011.6054,27.0845,21.734499,16.65754
2018-12-05 17:00:00+00:00,1.1,24.4095,1012.25006,87.52331,7.7961116,0.4628192,1010.8565,27.884499,20.0345,15.629971
2018-12-06 17:00:00+00:00,8.1,25.063665,1013.4749,89.7584,10.171586,0.46149334,1012.08295,28.1845,23.2845,16.203999
2018-12-07 17:00:00+00:00,23.699999,23.334497,1015.1292,92.80843,12.845117,0.47140706,1013.72675,26.4345,19.634499,23.090569
2018-12-08 17:00:00+00:00,71.7,21.638666,1015.78326,93.451454,16.315605,0.50190175,1014.3719,23.6845,19.0845,25.140787
2018-12-09 17:00:00+00:00,96.6,23.097002,1015.06665,94.935265,12.062747,0.5171234,1013.6631,24.5345,21.3345,17.713316
2018-12-10 17:00:00+00:00,47.7,22.988663,1016.30414,93.38199,14.077468,0.51437175,1014.89844,24.884499,22.0845,22.104116
2018-12-11 17:00:00+00:00,51.1,20.255331,1019.82916,93.330956,17.557987,0.5165071,1018.40546,21.984499,16.234499,21.542923
2018-12-12 17:00:00+00:00,16.9,16.921999,1021.24164,90.77213,20.864338,0.5135813,1019.79956,19.5345,14.7845,24.75638
2018-12-13 17:00:00+00:00,23.700003,17.819914,1021.0083,90.96343,18.404093,0.5017095,1019.571,20.134499,15.7345,25.41763
2018-12-14 17:00:00+00:00,16.500002,20.326166,1019.85834,91.47574,12.911579,0.4808629,1018.4349,22.984499,17.9345,15.84
2018-12-15 17:00:00+00:00,25.800001,21.671999,1020.1458,92.38843,14.581558,0.49092337,1018.7285,22.5345,20.5345,18.39878
2018-12-16 17:00:00+00:00,15.1,20.70325,1020.55005,85.825325,12.904553,0.5015504,1019.12744,21.7845,19.634499,19.134262
2018-12-17 17:00:00+00:00,8.7,19.930334,1018.9666,88.53033,7.331967,0.49998507,1017.54254,21.5845,17.9345,11.090103
2018-12-18 17:00:00+00:00,0.5,21.609499,1016.55005,90.222565,6.160948,0.496165,1015.1372,26.234499,17.8345,13.905509
2018-12-19 17:00:00+00:00,0.0,23.109503,1013.93756,89.66162,6.0067954,0.4880067,1012.5356,27.5345,19.384499,14.05845
2018-12-20 17:00:00+00:00,0.0,23.634499,1012.6416,89.889915,7.0500064,0.48126087,1011.24384,28.634499,20.3345,13.450708
2018-12-21 17:00:00+00:00,0.0,23.649084,1014.09576,87.900024,7.3432508,0.47427878,1012.6962,27.484499,20.7845,13.891522
2018-12-22 17:00:00+00:00,2.0000002,23.280333,1014.8875,90.03109,7.573912,0.46961167,1013.4851,26.5345,21.234499,16.343367
2018-12-23 17:00:00+00:00,2.5,22.503248,1014.53766,87.93578,9.108634,0.46772578,1013.13184,24.984499,20.5845,19.66536
2018-12-24 17:00:00+00:00,0.5,22.6845,1012.7791,86.863945,6.284639,0.46505126,1011.3769,25.134499,20.0345,12.661564
2018-12-25 17:00:00+00:00,1.4000001,23.780333,1011.6584,89.97101,6.217175,0.4609842,1010.26263,26.4345,21.734499,12.904882
2018-12-26 17:00:00+00:00,2.4,24.055336,1012.27496,86.726685,12.336419,0.45796832,1010.8799,26.234499,22.384499,19.70815
2018-12-27 17:00:00+00:00,1.6000001,23.669914,1014.70844,78.27685,18.20693,0.45382667,1013.3079,25.984499,22.0845,25.6233
2018-12-28 17:00:00+00:00,15.299999,21.640747,1018.42084,84.62112,17.172321,0.4545929,1017.0057,22.7845,20.384499,20.390114
2018-12-29 17:00:00+00:00,38.5,19.240747,1021.075,91.028435,17.840506,0.48183504,1019.6446,20.734499,17.634499,22.007162
2018-12-30 17:00:00+00:00,30.4,15.803249,1023.2666,91.96566,16.800585,0.50536877,1021.8161,18.1845,12.5845,21.578989
2018-12-31 17:00:00+00:00,30.600002,16.899084,1022.7666,92.86841,16.244541,0.51608545,1021.3222,19.5845,14.2845,21.794127
2019-01-01 17:00:00+00:00,16.200003,17.890747,1022.0793,89.18531,15.968063,0.5145125,1020.6406,20.134499,14.934501,19.829433
2019-01-02 17:00:00+00:00,16.9,17.624083,1021.0625,92.70864,15.48224,0.5115059,1019.6241,19.984499,15.3345,21.638964
2019-01-03 17:00:00+00:00,2.2,19.192833,1019.9041,89.493774,13.3226595,0.51045126,1018.47504,22.0845,16.384499,17.399586
2019-01-04 17:00:00+00:00,3.7999997,21.157415,1018.2417,87.74524,15.285473,0.50270957,1016.82446,23.134499,19.8345,24.735432
2019-01-05 17:00:00+00:00,2.2,22.513664,1017.89166,90.06516,9.851072,0.49915004,1016.48145,25.5345,20.0345,15.530151
2019-01-06 17:00:00+00:00,1.2,22.805334,1017.04584,89.47733,11.5949745,0.49307334,1015.6382,25.984499,20.8345,20.188908
2019-01-07 17:00:00+00:00,0.2,22.613668,1016.7417,87.538826,10.327327,0.48552743,1015.3335,26.1845,19.1845,19.70815
2019-01-08 17:00:00+00:00,0.8,22.8845,1016.89996,88.3048,10.871062,0.47809967,1015.4931,26.134499,20.5845,20.150354
2019-01-09 17:00:00+00:00,4.4,22.299082,1016.45416,91.79852,8.449935,0.473935,1015.045,24.8345,20.7845,12.413476
2019-01-10 17:00:00+00:00,2.9999998,22.892832,1016.3665,89.48817,8.057886,0.47027373,1014.96027,26.0345,20.6845,12.7279215
2019-01-11 17:00:00+00:00,2.8,23.224083,1016.2334,88.3216,9.9288,0.4673718,1014.8287,25.9345,20.9345,16.394829
2019-01-12 17:00:00+00:00,0.4,22.640747,1015.80414,88.24957,9.490233,0.46377707,1014.39746,26.0845,20.0345,18.59845
2019-01-13 17:00:00+00:00,0.70000005,22.1595,1014.6792,88.0838,9.271142,0.457597,1013.27167,25.884499,18.5345,16.595179
2019-01-14 17:00:00+00:00,1.2,21.776163,1015.28326,89.34861,10.302624,0.45327294,1013.8731,25.0845,18.6845,16.65754
2019-01-15 17:00:00+00:00,16.800001,21.476166,1016.6292,90.88828,11.147805,0.45461795,1015.2158,23.7845,19.2845,18.837322
2019-01-16 17:00:00+00:00,20.3,18.967834,1019.1125,91.83695,16.44956,0.47733584,1017.68353,20.3345,16.0345,22.725668
2019-01-17 17:00:00+00:00,12.600003,20.07825,1018.3625,90.74313,9.91725,0.48899627,1016.9399,22.5845,17.384499,15.941944
2019-01-18 17:00:00+00:00,2.8999994,21.128248,1016.3293,89.46179,8.572549,0.49343374,1014.91437,24.634499,18.4345,14.578888
2019-01-19 17:00:00+00:00,3.2999997,22.299082,1015.925,89.86609,8.16345,0.49191704,1014.5164,24.634499,20.4345,16.135872
2019-01-20 17:00:00+00:00,14.4,21.384499,1018.1333,90.35718,10.427905,0.49283624,1016.7173,24.1845,19.4345,19.93048
2019-01-21 17:00:00+00:00,14.700001,19.224083,1020.64996,90.29532,14.303121,0.5079063,1019.22015,20.0845,18.484499,18.374111
2019-01-22 17:00:00+00:00,4.0000005,18.786585,1018.9375,88.99944,9.585755,0.5076063,1017.5078,21.0845,16.3345,14.118243
2019-01-23 17:00:00+00:00,0.0,19.480331,1017.55,86.51353,7.24765,0.50217074,1016.12555,23.9345,15.8845005,15.137133
2019-01-24 17:00:00+00:00,0.0,19.5345,1018.4417,82.73463,7.9560103,0.495585,1017.0162,24.6845,15.7345,14.685176
2019-01-25 17:00:00+00:00,0.5,19.674082,1020.2334,84.68258,7.318417,0.48948506,1018.8061,24.234499,15.5845,19.319628
2019-01-26 17:00:00+00:00,1.0,20.032417,1019.69586,85.60916,7.75469,0.48471212,1018.271,22.9345,17.134499,15.5843
2019-01-27 17:00:00+00:00,6.8999996,19.924082,1018.17084,91.96981,7.041246,0.4824425,1016.7478,22.0345,17.2845,14.007655
2019-01-28 17:00:00+00:00,2.1999998,21.619917,1017.0916,87.57071,9.707702,0.48078212,1015.6782,24.484499,18.734499,17.654688
2019-01-29 17:00:00+00:00,0.2,22.142832,1016.67084,84.67728,12.108616,0.4759475,1015.26044,25.5845,19.134499,22.206486
2019-01-30 17:00:00+00:00,0.2,21.232416,1017.47485,87.04272,8.072701,0.47024927,1016.0591,25.9345,16.8345,15.725037
2019-01-31 17:00:00+00:00,0.0,21.171999,1018.2791,85.43313,8.149159,0.4646338,1016.8619,24.984499,17.484499,17.81909
2019-02-01 17:00:00+00:00,1.5,21.553251,1015.45825,87.20498,8.614252,0.46058294,1014.0469,25.234499,18.8345,16.418526
2019-02-02 17:00:00+00:00,0.0,22.124083,1014.85834,88.97907,5.206073,0.4557959,1013.4504,27.384499,17.6845,13.363711
2019-02-03 17:00:00+00:00,0.0,23.796997,1015.52924,88.06469,7.002483,0.45000634,1014.12823,27.8345,21.7845,15.530151
2019-02-04 17:00:00+00:00,0.1,24.040749,1014.16254,88.990074,4.8771987,0.4453071,1012.7646,28.134499,21.9345,13.779114
2019-02-05 17:00:00+00:00,0.0,24.261583,1011.80414,87.55502,5.184962,0.44312415,1010.41046,28.0845,22.0345,12.303366
2019-02-06 17:00:00+00:00,0.0,25.384499,1011.375,85.46819,6.630327,0.43824247,1009.9871,31.8345,21.2845,12.768586
2019-02-07 17:00:00+00:00,0.0,25.726168,1010.86255,84.23052,6.6797614,0.42983913,1009.4768,32.4845,21.884499,14.799459
2019-02-08 17:00:00+00:00,0.0,25.051163,1011.7585,88.50268,5.8113637,0.42561495,1010.3684,30.384499,21.734499,15.03835
2019-02-09 17:00:00+00:00,0.2,24.607414,1015.42896,84.9784,8.565573,0.42236635,1014.0322,28.0845,22.0345,17.377226
2019-02-10 17:00:00+00:00,0.6,23.994919,1018.65424,81.824066,15.530686,0.4192654,1017.25006,26.734499,21.2845,22.81957
2019-02-11 17:00:00+00:00,0.5,23.484499,1019.846,84.48018,13.212715,0.41604534,1018.4375,26.484499,20.384499,21.542923
2019-02-12 17:00:00+00:00,0.1,22.953253,1018.72906,83.247475,11.006185,0.41252998,1017.3199,26.884499,19.9345,17.992796
2019-02-13 17:00:00+00:00,0.0,22.761581,1016.4375,83.39182,9.596505,0.40861133,1015.03046,27.1845,18.5845,19.48661
2019-02-14 17:00:00+00:00,0.0,23.590752,1015.7459,85.14175,8.167274,0.40436718,1014.34357,28.634499,19.5345,18.514643
2019-02-15 17:00:00+00:00,0.0,23.847,1014.3042,86.78716,5.5428104,0.4001355,1012.905,29.134499,19.8345,13.722565
2019-02-16 17:00:00+00:00,1.6,24.907417,1011.68756,85.94622,4.996802,0.3970925,1010.29694,30.3345,20.6845,10.239453
2019-02-17 17:00:00+00:00,0.6,25.721998,1010.92084,80.39392,7.882496,0.3947388,1009.5351,32.0345,21.5845,15.315873
2019-02-18 17:00:00+00:00,0.8,26.217834,1012.4124,78.09455,6.4498158,0.38985083,1011.02704,32.3845,21.5345,10.739833
2019-02-19 17:00:00+00:00,0.0,26.122,1014.1458,85.48832,5.4751186,0.38618633,1012.75775,31.134499,22.234499,12.849528
2019-02-20 17:00:00+00:00,0.0,26.344915,1013.51654,84.91642,4.967194,0.3823284,1012.13055,32.0345,21.984499,11.542478
2019-02-21 17:00:00+00:00,0.1,25.099081,1012.4626,85.75465,9.186032,0.3794533,1011.07196,27.734499,22.484499,17.31746
2019-02-22 17:00:00+00:00,0.2,25.332415,1010.66656,82.30245,5.9117947,0.37707457,1009.2795,29.884499,21.234499,14.440443
2019-02-23 17:00:00+00:00,0.6,25.042831,1012.9001,83.19677,11.276768,0.37545124,1011.50854,28.234499,22.884499,16.1198
2019-02-24 17:00:00+00:00,3.7,23.496996,1014.17084,86.34888,10.83844,0.37532082,1012.77045,26.2845,22.0845,16.62249
2019-02-25 17:00:00+00:00,0.5,24.247,1013.57495,82.764595,8.5069,0.374655,1012.17896,28.484499,21.484499,13.905509
2019-02-26 17:00:00+00:00,0.0,24.646996,1011.6416,83.3182,7.331911,0.37206414,1010.25006,29.134499,21.6845,18.448023
2019-02-27 17:00:00+00:00,0.0,24.113665,1011.49994,81.151794,8.24533,0.36976215,1010.10614,29.134499,19.384499,20.364674
2019-02-28 17:00:00+00:00,0.0,24.546995,1011.68335,81.45665,6.4729557,0.3676162,1010.2911,29.4345,19.2845,17.283749
2019-03-01 17:00:00+00:00,0.0,25.632421,1008.8542,78.96131,5.9102573,0.36578205,1007.47095,31.6845,20.5345,15.517629
2019-03-02 17:00:00+00:00,0.0,26.311579,1007.95825,78.258675,5.261515,0.36479834,1006.5795,32.2345,20.734499,10.630672
2019-03-03 17:00:00+00:00,0.2,26.34075,1008.19995,83.14423,5.591778,0.36256334,1006.82086,31.5845,22.384499,13.849476
2019-03-04 17:00:00+00:00,0.70000005,27.101164,1008.40424,78.7215,5.11655,0.36036205,1007.02814,33.8845,22.0345,14.408997
2019-03-05 17:00:00+00:00,0.0,28.365744,1009.22906,69.36382,8.020462,0.35673663,1007.85785,35.5845,23.0345,19.201874
2019-03-06 17:00:00+00:00,0.0,26.12825,1011.35406,82.15116,8.569306,0.35417292,1009.9699,31.484499,23.4345,14.264361
2019-03-07 17:00:00+00:00,1.1,25.603249,1011.4793,84.02278,6.692225,0.35385004,1010.0922,28.884499,23.8345,14.77755
2019-03-08 17:00:00+00:00,0.0,27.005335,1009.2166,81.24447,5.468654,0.35413122,1007.8392,34.184498,23.6845,16.700275
2019-03-09 17:00:00+00:00,1.3000001,25.330332,1011.1917,82.72058,12.023613,0.35368916,1009.8039,31.0345,22.4345,20.056877
2019-03-10 17:00:00+00:00,1.0,23.926165,1013.5291,80.45925,9.667574,0.35949084,1012.13165,26.4345,22.234499,15.745627
2019-03-11 17:00:00+00:00,1.2000002,23.894915,1013.5083,82.09109,7.2115345,0.3600725,1012.1108,26.0345,22.4345,12.413477
2019-03-12 17:00:00+00:00,1.7,25.459501,1012.7708,85.22075,5.9885955,0.35971788,1011.3816,29.7845,23.1845,15.937878
2019-03-13 17:00:00+00:00,0.4,25.530333,1013.70404,86.37884,7.999115,0.35854623,1012.3137,31.134499,21.4345,14.982228
2019-03-14 17:00:00+00:00,4.799999,25.563667,1015.8958,85.690636,12.522555,0.35656044,1014.50275,28.4345,23.5345,18.792551
2019-03-15 17:00:00+00:00,2.5999994,24.901167,1016.1042,84.16481,13.71487,0.3590288,1014.7077,28.0845,22.734499,20.240196
2019-03-16 17:00:00+00:00,1.4000001,25.378248,1015.08746,84.46901,11.729302,0.35811338,1013.69464,28.7845,23.4345,17.873554
2019-03-17 17:00:00+00:00,0.0,25.213667,1013.61676,84.606926,8.665155,0.3562596,1012.2249,29.7845,21.384499,17.068707
2019-03-18 17:00:00+00:00,0.0,25.547003,1011.3084,83.08187,6.896025,0.35424247,1009.9214,30.234499,21.4345,14.440443
2019-03-19 17:00:00+00:00,0.0,26.413668,1009.6709,80.96998,6.2559505,0.35303172,1008.29004,32.6345,21.384499,14.113653
2019-03-20 17:00:00+00:00,0.0,28.011587,1008.52094,74.76121,5.4858775,0.35036424,1007.1489,35.4845,22.0345,14.081478
2019-03-21 17:00:00+00:00,0.0,29.749084,1008.07495,69.03216,6.590304,0.34766293,1006.7115,36.3345,24.5345,11.525623
2019-03-22 17:00:00+00:00,2.9,27.344915,1010.5749,78.84133,8.558156,0.34740666,1009.19745,31.734499,25.2845,15.30741
2019-03-23 17:00:00+00:00,7.6,24.792831,1013.11664,89.28086,11.013797,0.3504592,1011.7238,27.884499,21.984499,16.08761
2019-03-24 17:00:00+00:00,0.9000001,23.526167,1014.43335,83.265495,12.545696,0.35484123,1013.03265,25.8345,21.484499,18.556595
2019-03-25 17:00:00+00:00,0.5,25.067831,1014.9292,83.06231,9.521053,0.35409418,1013.535,29.5845,22.5845,18.057508
2019-03-26 17:00:00+00:00,0.0,25.476166,1013.5667,83.3869,7.9959865,0.3524396,1012.1762,30.134499,21.5845,17.339897
2019-03-27 17:00:00+00:00,0.0,26.794916,1010.054,81.347885,5.7465687,0.34946704,1008.6746,32.7845,22.2845,14.689589
2019-03-28 17:00:00+00:00,0.5,28.521996,1008.071,74.40409,7.973688,0.34485877,1006.70184,34.2345,23.5345,15.484185
2019-03-29 17:00:00+00:00,0.1,27.744913,1009.4709,79.29319,5.409496,0.33943126,1008.0965,33.184498,23.8345,14.973576
2019-03-30 17:00:00+00:00,3.1,27.201164,1011.16656,82.66601,4.4159627,0.33781663,1009.7876,31.634499,23.634499,9.085988
2019-03-31 17:00:00+00:00,1.6000001,26.853243,1013.2,82.49002,8.8144245,0.33878002,1011.81647,30.884499,24.2845,18.775301
2019-04-01 17:00:00+00:00,1.5999999,26.411577,1013.4417,82.545525,9.438102,0.33684126,1012.05585,29.5345,23.984499,15.893093
2019-04-02 17:00:00+00:00,0.1,26.765747,1013.00836,81.60186,8.320709,0.33416668,1011.62476,31.0345,23.9345,16.311613
2019-04-03 17:00:00+00:00,0.7,26.559496,1012.89594,84.19375,6.54991,0.33192,1011.5114,30.4345,24.0845,13.493999
2019-04-04 17:00:00+00:00,0.4,26.601164,1012.9292,83.46772,8.486432,0.32869336,1011.54486,30.5345,23.4345,15.496736
2019-04-05 17:00:00+00:00,0.0,27.374083,1011.7,80.02719,7.0267053,0.32575044,1010.321,32.5845,24.134499,16.595179
2019-04-06 17:00:00+00:00,0.0,27.788668,1010.37067,78.33048,6.4352555,0.32422042,1008.99536,33.8345,22.634499,14.458382
2019-04-07 17:00:00+00:00,0.0,28.951166,1008.94586,75.33135,5.229171,0.32186624,1007.5774,35.934498,23.1845,13.32
2019-04-08 17:00:00+00:00,2.1,30.005331,1008.3708,72.06138,5.6744576,0.32179165,1007.0081,36.7845,25.4345,10.703569
2019-04-09 17:00:00+00:00,0.2,30.682413,1007.9792,69.267395,5.0569882,0.32017377,1006.6199,37.5845,25.9345,9.565437
2019-04-10 17:00:00+00:00,0.0,30.740747,1006.59155,70.12619,6.118606,0.31986713,1005.2346,37.5345,25.3345,15.463246
2019-04-11 17:00:00+00:00,1.8,29.838661,1007.36676,73.334,5.8510804,0.31983918,1006.0046,35.684498,25.7845,15.629971
2019-04-12 17:00:00+00:00,1.7,29.682417,1008.575,78.84246,5.225408,0.31563714,1007.2105,35.8345,25.5845,11.874544
2019-04-13 17:00:00+00:00,0.2,29.617828,1009.125,79.844536,5.4680724,0.31305504,1007.75946,35.4845,25.5345,15.042659
2019-04-14 17:00:00+00:00,4.5,28.359497,1009.93335,83.48797,4.639779,0.31422797,1008.5611,32.934498,25.5845,9.3669195
2019-04-15 17:00:00+00:00,5.1,28.640749,1009.54175,84.47128,5.204418,0.31274545,1008.1713,34.434498,25.234499,14.77755
2019-04-16 17:00:00+00:00,0.2,29.040747,1009.22504,81.95215,5.3354645,0.31677,1007.85675,34.0845,25.884499,10.495713
2019-04-17 17:00:00+00:00,0.0,31.655329,1006.1375,65.535515,12.133648,0.31336036,1004.785,37.934498,26.234499,22.322903
2019-04-18 17:00:00+00:00,0.0,33.31367,1003.89166,56.477207,14.864821,0.30774334,1002.54974,38.934498,28.134499,22.406927
2019-04-19 17:00:00+00:00,0.0,34.151165,1003.00415,53.463882,12.8962965,0.30552045,1001.667,40.4845,29.734499,20.018072
2019-04-20 17:00:00+00:00,0.5,33.207417,1003.7083,58.236572,8.199781,0.30651835,1002.36597,39.934498,29.5845,17.906157
2019-04-21 17:00:00+00:00,0.0,31.08658,1005.5916,70.78486,5.568441,0.30817714,1004.2375,37.5345,27.3345,15.509274
2019-04-22 17:00:00+00:00,0.0,30.967829,1007.3958,69.91239,6.2927814,0.3113925,1006.0388,36.2345,27.384499,16.946787
2019-04-23 17:00:00+00:00,0.0,31.057417,1007.1167,65.836235,7.5195217,0.31045088,1005.7603,37.2845,25.984499,17.28
2019-04-24 17:00:00+00:00,0.0,31.0095,1006.1834,66.33983,6.0988307,0.31188586,1004.8281,37.8845,25.884499,17.106628
2019-04-25 17:00:00+00:00,0.0,29.601164,1006.7166,74.28446,6.773825,0.31052956,1005.35443,35.184498,25.734499,18.416384
2019-04-26 17:00:00+00:00,0.0,28.959494,1008.24994,77.20945,5.5684204,0.30957082,1006.8828,33.5345,25.1845,13.627795
2019-04-27 17:00:00+00:00,4.0,29.859497,1008.78754,72.50146,7.141063,0.30759338,1007.4235,36.0345,25.734499,13.684735
2019-04-28 17:00:00+00:00,0.4,30.70533,1007.76245,68.36117,6.826597,0.30394495,1006.4038,37.3345,26.2845,12.864649
2019-04-29 17:00:00+00:00,0.1,31.811583,1006.4167,62.02435,9.6628065,0.30286583,1005.0645,38.434498,26.2845,22.206486
2019-04-30 17:00:00+00:00,2.6999998,29.182417,1008.01685,72.78813,7.6666207,0.30165467,1006.6508,33.684498,26.7845,14.182355
2019-05-01 17:00:00+00:00,0.1,28.642832,1008.84985,79.07198,7.4168243,0.301905,1007.48065,32.7345,25.884499,15.39184
2019-05-02 17:00:00+00:00,5.1000004,27.974081,1010.1541,81.83367,7.603832,0.30164084,1008.7801,31.5345,25.484499,13.276144
2019-05-03 17:00:00+00:00,2.5,29.532417,1008.6499,78.410904,5.7228374,0.29818165,1007.2849,35.2345,25.734499,13.363711
2019-05-04 17:00:00+00:00,0.1,32.28658,1005.75,60.828457,14.220222,0.30127582,1004.40106,37.0845,28.0845,19.602652
2019-05-05 17:00:00+00:00,1.4,32.76158,1004.1167,60.401962,12.610054,0.29363382,1002.77216,38.5345,29.3345,22.691423
2019-05-06 17:00:00+00:00,5.7999997,30.601164,1004.38745,71.93646,6.372065,0.29125875,1003.0328,35.934498,27.3345,15.315873
2019-05-07 17:00:00+00:00,5.9,29.413664,1004.64575,81.21019,5.3902187,0.2955242,1003.28564,35.8845,26.0845,10.799999
2019-05-08 17:00:00+00:00,21.9,27.569916,1005.8582,85.90803,6.870367,0.29605252,1004.4881,30.984499,25.5845,13.044722
2019-05-09 17:00:00+00:00,2.8999996,26.890749,1008.0706,87.09732,5.430506,0.29717168,1006.69476,29.1845,24.984499,11.808878
2019-05-10 17:00:00+00:00,3.9,27.317831,1009.09155,85.26815,7.314696,0.29608166,1007.7159,30.2845,25.1845,13.708391
2019-05-11 17:00:00+00:00,1.5000001,28.119919,1007.86237,82.24904,8.168902,0.29241043,1006.4921,32.0345,24.9345,17.313717
2019-05-12 17:00:00+00:00,11.4,28.449083,1007.32916,83.13839,4.1238303,0.29306546,1005.961,33.5845,25.3345,11.298495
2019-05-13 17:00:00+00:00,5.9999995,28.807417,1006.7917,81.52559,5.1499376,0.29465955,1005.42584,34.3345,24.8345,14.84318
2019-05-14 17:00:00+00:00,1.7,30.524078,1007.06256,71.37729,10.975861,0.29000458,1005.7039,35.2345,26.734499,19.09358
2019-05-15 17:00:00+00:00,0.0,31.363668,1006.45416,63.62663,13.809934,0.27881542,1005.10004,36.2845,26.734499,19.35314
2019-05-16 17:00:00+00:00,0.0,32.499084,1005.02496,55.60225,16.675562,0.2721125,1003.6779,37.7845,28.4345,24.985659
2019-05-17 17:00:00+00:00,0.0,33.567837,1003.84576,51.900528,17.646029,0.2675654,1002.50494,38.9845,29.4345,25.944988
2019-05-18 17:00:00+00:00,0.0,34.23241,1004.825,51.81313,16.340994,0.26462212,1003.4856,39.4845,29.884499,24.184391
2019-05-19 17:00:00+00:00,2.4,34.549084,1005.61676,51.456432,12.421672,0.26265538,1004.2779,39.684498,30.0845,20.00512
2019-05-20 17:00:00+00:00,15.4000025,30.705332,1007.42505,72.43316,7.188417,0.26442498,1006.06696,35.7845,26.1845,18.556595
2019-05-21 17:00:00+00:00,7.8000007,28.953249,1008.48755,81.49633,4.463077,0.26878542,1007.1202,32.684498,26.6845,15.0038395
2019-05-22 17:00:00+00:00,17.400002,28.438667,1008.5334,82.3329,5.1035385,0.27572754,1007.1633,33.7345,25.484499,13.584932
2019-05-23 17:00:00+00:00,31.599998,28.855331,1007.6042,76.68335,10.444851,0.28973296,1006.23724,34.6345,25.2845,15.408671
2019-05-24 17:00:00+00:00,5.2999997,29.328241,1005.325,75.69332,9.597081,0.28159752,1003.9633,35.7845,26.3345,15.137133
2019-05-25 17:00:00+00:00,0.4,30.521997,1004.3833,66.20646,12.358376,0.2777625,1003.0283,35.434498,26.234499,21.028437
2019-05-26 17:00:00+00:00,1.5,30.880335,1004.7708,66.17489,11.776005,0.27430335,1003.417,36.5345,27.9345,19.008545
2019-05-27 17:00:00+00:00,8.900001,29.455332,1005.92505,74.75846,7.540399,0.2750021,1004.56323,35.2845,26.884499,12.768586
2019-05-28 17:00:00+00:00,10.1,29.29283,1006.57916,75.238716,10.10679,0.27422294,1005.2158,35.1345,26.134499,14.799459
2019-05-29 17:00:00+00:00,0.0,29.876165,1007.2,70.1246,9.294724,0.27014753,1005.8383,33.8345,26.634499,16.055355
2019-05-30 17:00:00+00:00,2.1,30.605333,1007.0542,67.872375,8.934217,0.26868334,1005.69586,37.184498,26.734499,14.277983
2019-05-31 17:00:00+00:00,0.8,30.384499,1006.80835,67.126434,9.37967,0.26829252,1005.4495,35.6345,26.1845,15.137133
2019-06-01 17:00:00+00:00,13.000001,29.828245,1006.83746,71.657936,9.994318,0.2710671,1005.4761,36.0345,27.3345,14.113653
2019-06-02 17:00:00+00:00,1.3000001,31.288664,1006.5168,65.31567,10.995659,0.26999336,1005.1621,37.6345,27.2845,17.595861
2019-06-03 17:00:00+00:00,5.7000003,31.461584,1006.47906,65.8261,8.77156,0.26997042,1005.12555,38.4845,28.134499,12.783802
2019-06-04 17:00:00+00:00,1.5000001,31.978249,1006.31665,64.0841,7.377231,0.26995707,1004.9655,38.3845,27.5845,13.397612
2019-06-05 17:00:00+00:00,4.3,30.99492,1007.6125,70.88008,7.4993706,0.26968083,1006.2552,36.8345,27.4345,14.021525
2019-06-06 17:00:00+00:00,3.8999999,31.05533,1008.0376,69.951,5.293137,0.27165207,1006.67993,36.684498,27.3345,13.910169
2019-06-07 17:00:00+00:00,0.8,31.467834,1006.9416,65.480774,8.699758,0.27266166,1005.58734,36.3345,27.5845,13.551501
2019-06-08 17:00:00+00:00,0.3,32.67825,1004.66254,57.232258,14.491203,0.27059922,1003.3167,38.1345,28.384499,18.58451
2019-06-09 17:00:00+00:00,0.0,33.11992,1002.8416,55.35869,19.071154,0.26844543,1001.5002,38.2345,28.7845,29.671074
2019-06-10 17:00:00+00:00,0.0,33.488667,1003.575,53.90071,18.971327,0.26696625,1002.23444,38.684498,29.484499,25.189713
2019-06-11 17:00:00+00:00,0.0,33.446995,1003.9292,53.043,17.98805,0.26526085,1002.58765,38.7345,29.1845,23.979893
2019-06-12 17:00:00+00:00,0.0,33.157413,1003.86255,55.62221,19.16592,0.26534253,1002.51984,37.3845,29.8345,27.475807
2019-06-13 17:00:00+00:00,0.6,32.178246,1003.6667,59.78212,20.524899,0.26594588,1002.3201,36.2345,30.134499,28.220419
2019-06-14 17:00:00+00:00,0.2,32.24075,1003.87494,60.2599,20.643084,0.2660155,1002.5284,37.184498,28.634499,30.154163
2019-06-15 17:00:00+00:00,0.0,32.059498,1003.5833,57.028305,19.489122,0.26651242,1002.23627,36.1345,28.3345,26.302181
2019-06-16 17:00:00+00:00,0.0,32.305332,1004.20825,55.921814,16.711702,0.26776043,1002.86163,36.0845,28.734499,25.862436
2019-06-17 17:00:00+00:00,0.70000005,31.609495,1005.08746,60.036,14.375907,0.26626423,1003.7364,36.0345,28.0345,20.633371
2019-06-18 17:00:00+00:00,1.1,32.388668,1005.3542,58.835526,11.66109,0.26341045,1004.0063,38.5845,28.0845,19.008545
2019-06-19 17:00:00+00:00,0.2,33.824085,1005.1208,55.426655,8.80186,0.2599071,1003.77954,39.934498,28.5845,14.904173
2019-06-20 17:00:00+00:00,0.3,34.307415,1004.1418,53.60713,10.110826,0.2582942,1002.80365,39.9845,29.7845,15.484185
2019-06-21 17:00:00+00:00,0.1,34.815746,1002.84576,52.42453,8.5681305,0.2581629,1001.5117,39.8345,30.134499,11.923557
2019-06-22 17:00:00+00:00,0.2,34.911587,1002.7292,52.28137,11.471526,0.25865412,1001.39575,40.684498,30.484499,19.64228
2019-06-23 17:00:00+00:00,0.90000004,33.965744,1004.74585,53.57057,12.238754,0.26037753,1003.4057,39.7345,30.5845,21.313093
2019-06-24 17:00:00+00:00,0.1,33.15116,1005.63745,55.40663,15.799084,0.26069373,1004.29254,37.934498,29.3345,19.770523
2019-06-25 17:00:00+00:00,0.0,33.22408,1003.86664,53.267666,20.043219,0.262853,1002.5242,38.434498,29.0345,27.959743
2019-06-26 17:00:00+00:00,0.0,32.842834,1001.4709,54.692734,23.720087,0.26167712,1000.1301,37.684498,29.5345,33.985218
2019-06-27 17:00:00+00:00,0.0,33.11991,1000.86255,51.689953,22.466204,0.2612001,999.52374,38.0345,29.634499,30.319181
2019-06-28 17:00:00+00:00,0.0,32.188656,1001.6584,55.843143,23.965757,0.2616621,1000.3145,36.5345,29.384499,32.20944
2019-06-29 17:00:00+00:00,0.0,32.571995,1002.11664,54.0714,21.64298,0.26163295,1000.77374,37.2345,29.5345,28.772987
2019-06-30 17:00:00+00:00,3.0,30.788666,1001.9624,62.62877,19.285069,0.26171464,1000.612,35.9845,26.734499,27.105392
2019-07-01 17:00:00+00:00,67.0,25.732412,1001.1374,88.274025,16.495285,0.288105,999.7654,26.734499,24.984499,23.199759
2019-07-02 17:00:00+00:00,95.29998,25.269913,999.34174,84.70722,28.43612,0.37550962,997.9699,26.5345,24.634499,35.931534
2019-07-03 17:00:00+00:00,0.0,28.484497,1002.79584,69.92253,20.42038,0.3807067,1001.4339,32.0345,26.384499,31.072817
2019-07-04 17:00:00+00:00,0.0,29.469917,1004.2708,68.43075,18.970377,0.37434664,1002.9113,32.3345,26.7845,25.809765
2019-07-05 17:00:00+00:00,0.0,29.759497,1003.6252,69.66151,17.063837,0.36453497,1002.26764,33.3345,27.1845,22.89611
2019-07-06 17:00:00+00:00,0.0,30.476166,1003.771,66.14229,17.88172,0.35488462,1002.4165,33.7345,28.1845,26.260265
2019-07-07 17:00:00+00:00,0.0,30.749083,1004.51245,64.24977,16.709526,0.34456417,1003.15845,34.0845,28.0845,26.072052
2019-07-08 17:00:00+00:00,0.0,30.588663,1003.9333,64.40812,21.3993,0.33496627,1002.57935,34.0345,27.7845,28.583183
2019-07-09 17:00:00+00:00,0.0,30.882416,1004.5793,62.73857,19.138212,0.32796377,1003.2258,33.6345,29.1845,26.072052
2019-07-10 17:00:00+00:00,0.0,31.271994,1006.79156,61.622894,16.598213,0.32255706,1005.43695,34.6345,28.984499,22.59699
2019-07-11 17:00:00+00:00,0.0,32.04491,1006.30414,57.84543,14.488377,0.3177279,1004.95355,36.1345,28.6845,22.288042
2019-07-12 17:00:00+00:00,0.0,32.057415,1004.7834,57.86743,18.993551,0.31227252,1003.43475,35.8345,29.2845,29.957968
2019-07-13 17:00:00+00:00,0.0,32.25742,1002.925,57.25321,17.496572,0.3081463,1001.57965,36.1345,29.384499,27.579382
2019-07-14 17:00:00+00:00,0.0,32.147,1002.64996,58.613613,15.54937,0.30447164,1001.3047,36.1345,29.0345,23.86341
2019-07-15 17:00:00+00:00,0.2,32.001163,1003.2585,61.580395,9.960598,0.30240002,1001.9114,37.184498,28.484499,17.309975
2019-07-16 17:00:00+00:00,0.1,31.969917,1002.24994,61.47421,7.889145,0.3002867,1000.90436,36.0345,28.384499,12.904882
2019-07-17 17:00:00+00:00,0.0,32.257416,1001.77496,58.39951,15.500198,0.29907748,1000.4312,36.4845,28.4345,20.929594
2019-07-18 17:00:00+00:00,0.0,32.836582,1001.95013,55.760326,17.645742,0.29650754,1000.6086,37.0845,29.2845,25.41763
2019-07-19 17:00:00+00:00,0.0,32.92825,1003.9626,55.48271,16.034225,0.29489002,1002.61865,37.5345,28.884499,22.45315
2019-07-20 17:00:00+00:00,0.6,32.344913,1004.87915,57.798664,14.501007,0.29218754,1003.53174,36.0845,29.234499,21.385939
2019-07-21 17:00:00+00:00,0.5,30.509499,1004.57916,63.953617,19.36675,0.29165876,1003.2239,33.8345,28.2845,24.881702
2019-07-22 17:00:00+00:00,0.0,30.961584,1003.6248,57.928783,21.37747,0.2917209,1002.273,35.2345,28.2845,31.178993
2019-07-23 17:00:00+00:00,1.6,29.080332,1004.96246,67.141716,20.784597,0.29000413,1003.60034,33.184498,26.8345,28.820242
2019-07-24 17:00:00+00:00,0.2,30.647001,1006.5999,60.71405,18.626888,0.28839046,1005.2426,34.9845,27.234499,26.674032
2019-07-25 17:00:00+00:00,1.0,30.661581,1006.2917,59.03766,17.886286,0.28793126,1004.9349,34.3345,28.234499,24.023088
2019-07-26 17:00:00+00:00,0.3,30.980333,1005.1042,59.733364,16.06053,0.28666005,1003.7503,35.5345,27.9345,20.87379
2019-07-27 17:00:00+00:00,0.4,31.449081,1004.94586,58.511417,14.261773,0.28661788,1003.59424,36.3345,27.9345,21.734581
2019-07-28 17:00:00+00:00,0.9,30.874084,1004.75006,61.082035,16.968128,0.2850841,1003.3962,35.8845,28.1845,25.683926
2019-07-29 17:00:00+00:00,0.4,29.934496,1003.2542,64.60074,17.849825,0.28354877,1001.89825,34.0345,26.9345,22.104116
2019-07-30 17:00:00+00:00,3.9,28.451164,1001.85425,71.942795,13.456726,0.2843575,1000.4934,32.5345,25.6845,20.592503
2019-07-31 17:00:00+00:00,1.9000001,27.640747,1000.7459,76.649864,23.945702,0.30465415,999.38306,30.6845,25.7845,27.871534
2019-08-01 17:00:00+00:00,0.3,28.449081,999.8293,70.69929,24.85154,0.30010167,998.4712,31.0845,26.634499,31.485083
2019-08-02 17:00:00+00:00,0.0,28.540749,998.94995,66.47854,26.17144,0.29411918,997.5937,31.0845,26.384499,36.43655
2019-08-03 17:00:00+00:00,0.1,29.236582,1000.43335,64.6725,20.639097,0.29016957,999.0781,32.0345,27.5345,28.449112
2019-08-04 17:00:00+00:00,1.2,29.671997,1002.50006,69.10362,12.298799,0.28891122,1001.1438,34.0345,27.3345,17.25373
2019-08-05 17:00:00+00:00,3.1999998,29.953245,1003.35834,70.730225,10.085846,0.2865596,1002.0022,34.934498,27.134499,16.171976
2019-08-06 17:00:00+00:00,2.2,30.565748,1001.5791,68.40235,14.057156,0.28252375,1000.2282,35.184498,27.484499,20.073025
2019-08-07 17:00:00+00:00,3.5,31.190752,999.9876,64.6292,15.424159,0.27759632,998.64136,36.3345,27.4345,21.924562
2019-08-08 17:00:00+00:00,3.4,30.644918,1000.12494,68.623985,13.545673,0.26894498,998.7762,36.5345,26.7845,18.844202
2019-08-09 17:00:00+00:00,9.500001,30.076166,1000.95416,73.684814,9.891263,0.26215628,999.60187,36.7845,26.384499,18.374111
2019-08-10 17:00:00+00:00,0.5,30.782415,1002.42084,65.03043,16.72272,0.25451833,1001.0695,35.9845,26.6845,22.828087
2019-08-11 17:00:00+00:00,0.0,31.359499,1003.9251,61.239918,19.9606,0.24315375,1002.5745,35.184498,28.2845,26.42753
2019-08-12 17:00:00+00:00,0.1,30.50325,1004.34174,64.21856,24.478842,0.23334128,1002.9868,34.0845,28.6845,30.319181
2019-08-13 17:00:00+00:00,3.7,29.61158,1003.90826,69.95434,23.635567,0.23297755,1002.55,33.6345,26.5845,30.993471
2019-08-14 17:00:00+00:00,0.2,31.726164,1003.50836,60.184372,19.828678,0.2317958,1002.1599,36.6345,28.0345,28.84721
2019-08-15 17:00:00+00:00,0.3,31.507418,1003.49164,59.9617,18.898413,0.22908549,1002.14233,35.4845,28.6845,28.348713
2019-08-16 17:00:00+00:00,0.0,31.684494,1005.31683,58.47609,19.367012,0.22607623,1003.96576,36.7345,28.1845,28.460497
2019-08-17 17:00:00+00:00,0.0,31.138664,1006.39166,59.47728,21.725988,0.22378838,1005.0369,35.0845,28.3345,30.319181
2019-08-18 17:00:00+00:00,0.0,31.951164,1004.1624,58.04619,20.3176,0.22163327,1002.81445,36.184498,29.734499,25.959969
2019-08-19 17:00:00+00:00,1.4000001,30.036585,1003.67084,66.14382,16.759642,0.2241488,1002.3149,34.4845,27.7845,24.693481
2019-08-20 17:00:00+00:00,0.0,29.997002,1005.01666,63.43516,15.848614,0.2238204,1003.6587,34.7845,26.7845,22.366402
2019-08-21 17:00:00+00:00,0.6,29.544916,1006.1501,66.89618,15.174801,0.21210122,1004.7886,32.5345,27.384499,21.758419
2019-08-22 17:00:00+00:00,12.8,27.501165,1006.94574,78.453995,13.438183,0.22007085,1005.5739,30.3345,25.234499,19.008545
2019-08-23 17:00:00+00:00,4.0999994,27.355333,1005.56665,79.98617,9.057932,0.21642582,1004.19586,29.5345,25.884499,15.782622
2019-08-24 17:00:00+00:00,1.0,27.874084,1004.72076,75.55107,12.474743,0.21168332,1003.35345,32.1345,25.384499,19.734436
2019-08-25 17:00:00+00:00,0.2,28.8845,1004.5002,69.55399,17.852959,0.20538253,1003.1377,32.3345,26.984499,24.993437
2019-08-26 17:00:00+00:00,4.5,29.380333,1005.0,70.61733,12.043956,0.1999213,1003.63916,34.2345,26.484499,17.935081
2019-08-27 17:00:00+00:00,2.0,28.032415,1005.75,83.47117,5.1626325,0.21553083,1004.3821,32.0345,25.134499,14.565548
2019-08-28 17:00:00+00:00,179.59999,25.817835,999.76685,91.59377,12.593117,0.2593342,998.397,26.5345,24.2845,20.929596
2019-08-29 17:00:00+00:00,49.299988,25.761581,1000.7126,89.62124,7.301602,0.3482337,999.3411,27.6845,24.0845,17.566378
2019-08-30 17:00:00+00:00,32.7,27.386581,1004.5959,85.30474,6.0066094,0.35730088,1003.2265,31.6845,24.5845,9.957108
2019-08-31 17:00:00+00:00,15.0,27.603247,1005.13745,83.008575,7.2820992,0.35308334,1003.76825,31.984499,24.9345,16.1198
2019-09-01 17:00:00+00:00,113.40001,25.749083,1002.06244,91.66394,12.800057,0.37824333,1000.6893,28.734499,24.234499,28.412645
2019-09-02 17:00:00+00:00,132.8,25.547003,998.79584,94.38317,14.366422,0.45791164,997.4261,26.5345,24.884499,25.223133
2019-09-03 17:00:00+00:00,60.5,25.699081,999.34576,90.37168,10.928626,0.5041067,997.976,28.134499,24.3345,16.263872
2019-09-04 17:00:00+00:00,55.3,25.851166,1002.429,88.68345,11.798206,0.5146109,1001.0559,28.1845,24.3345,19.878391
2019-09-05 17:00:00+00:00,5.5,26.674082,1003.92487,85.26138,13.2341585,0.5060262,1002.55347,29.4345,25.1845,16.80857
2019-09-06 17:00:00+00:00,0.0,28.405329,1004.7957,77.8451,16.282053,0.49499798,1003.43085,31.5845,26.234499,19.881649
2019-09-07 17:00:00+00:00,0.0,29.274084,1004.68335,73.96756,16.809042,0.48493454,1003.3225,32.4845,26.9345,21.67487
2019-09-08 17:00:00+00:00,0.0,29.38867,1004.3042,71.91927,17.259321,0.4810495,1002.94434,32.6345,26.8345,23.904108
2019-09-09 17:00:00+00:00,0.0,28.551165,1006.71246,73.870346,16.759283,0.4728776,1005.3455,31.6845,26.634499,23.441502
2019-09-10 17:00:00+00:00,0.0,28.126165,1010.27924,73.08879,12.795078,0.46037385,1008.90546,31.5345,25.984499,19.008545
2019-09-11 17:00:00+00:00,8.500001,27.742834,1009.72076,81.97805,7.9311843,0.45203796,1008.3462,32.3345,25.234499,13.75558
2019-09-12 17:00:00+00:00,4.1,26.919916,1008.27075,89.547005,6.76124,0.45039582,1006.89435,29.8345,24.5345,12.4811535
2019-09-13 17:00:00+00:00,3.4000003,26.701166,1008.24176,89.039734,6.6858325,0.44692466,1006.8642,29.7845,24.134499,14.021525
2019-09-14 17:00:00+00:00,1.3000001,26.609503,1008.02924,86.298096,5.9408145,0.44878206,1006.6516,30.0345,23.0845,13.104198
2019-09-15 17:00:00+00:00,0.2,26.622002,1007.4915,85.13188,6.5139832,0.44475758,1006.1148,30.5345,22.3345,13.18308
2019-09-16 17:00:00+00:00,2.1,27.321997,1008.27496,83.427124,6.7865167,0.43798625,1006.9004,30.384499,23.5845,13.513193
2019-09-17 17:00:00+00:00,44.70001,25.890747,1009.4792,93.89912,6.661724,0.45352378,1008.09644,27.884499,24.4345,15.484185
2019-09-18 17:00:00+00:00,11.5,26.451166,1010.44165,90.028625,8.054994,0.48185208,1009.0601,28.9345,24.984499,13.237039
2019-09-19 17:00:00+00:00,11.9000025,26.367836,1009.8459,89.743324,5.8261714,0.48826623,1008.46466,28.634499,24.6845,12.984975
2019-09-20 17:00:00+00:00,6.799999,26.094915,1010.17505,87.257286,6.7692757,0.490545,1008.7922,29.3345,23.7845,14.689589
2019-09-21 17:00:00+00:00,3.0,26.03242,1013.12494,81.4961,9.407611,0.48717585,1011.738,29.4345,23.884499,17.477621
2019-09-22 17:00:00+00:00,12.400001,25.113665,1015.5457,87.821236,6.2014785,0.48835254,1014.1511,26.9345,23.5345,11.966954
2019-09-23 17:00:00+00:00,0.6,25.638664,1015.9543,79.62397,9.589843,0.48841295,1014.56146,29.0345,22.484499,19.694992
2019-09-24 17:00:00+00:00,17.700003,25.344912,1016.1958,89.304504,7.603279,0.48830748,1014.8013,28.0345,24.0345,15.815435
2019-09-25 17:00:00+00:00,13.400001,25.417831,1016.36664,88.343544,4.802404,0.49847504,1014.9724,27.7845,23.484499,10.948973
2019-09-26 17:00:00+00:00,2.7,25.557413,1015.95,84.180046,6.183094,0.49536547,1014.5567,28.3345,23.134499,10.703569
2019-09-27 17:00:00+00:00,1.2000002,25.490747,1014.87915,85.248695,5.7204537,0.4903855,1013.4871,28.884499,22.234499,11.212135
2019-09-28 17:00:00+00:00,0.3,25.680334,1013.84595,84.12821,6.1896577,0.4838871,1012.456,29.4345,22.1845,13.049689
2019-09-29 17:00:00+00:00,0.6,25.532415,1011.1458,84.96114,5.6360774,0.4778279,1009.7591,29.2845,21.634499,9.931042
2019-09-30 17:00:00+00:00,0.0,25.936583,1010.32916,84.86584,5.8995996,0.47895458,1008.9455,31.0345,21.134499,12.7279215
2019-10-01 17:00:00+00:00,0.0,26.926163,1010.29584,82.93823,6.483539,0.4726183,1008.9165,32.2845,22.5345,12.9249525
2019-10-02 17:00:00+00:00,0.5,27.365751,1010.45,84.714165,5.056833,0.4654596,1009.0726,32.1345,23.0345,11.183201
2019-10-03 17:00:00+00:00,0.4,27.480331,1010.3542,84.57972,4.279364,0.4543967,1008.97736,31.884499,23.634499,10.315115
2019-10-04 17:00:00+00:00,0.0,26.784498,1011.2085,83.471695,6.629391,0.4502875,1009.82715,30.2845,24.2845,15.315873
2019-10-05 17:00:00+00:00,2.6000001,25.913664,1012.34174,87.85416,6.425964,0.44913125,1010.955,28.5845,23.634499,15.30741
2019-10-06 17:00:00+00:00,6.9999995,25.590752,1012.175,90.23352,6.4132495,0.45106003,1010.7871,29.1845,22.7845,14.77755
2019-10-07 17:00:00+00:00,6.099999,26.12825,1012.5208,88.517204,6.7325425,0.45158663,1011.13495,28.734499,23.984499,11.720751
2019-10-08 17:00:00+00:00,9.500002,25.653246,1012.5208,90.799644,7.0197735,0.44962087,1011.1328,27.2845,24.1845,11.753876
2019-10-09 17:00:00+00:00,1.8000001,26.261581,1011.7832,87.25843,6.359739,0.4510775,1010.39923,29.384499,23.4345,13.202726
2019-10-10 17:00:00+00:00,0.8000001,26.2845,1011.0208,85.643684,6.2208,0.4470862,1009.63776,30.134499,22.634499,13.207634
2019-10-11 17:00:00+00:00,0.1,26.482414,1010.88745,83.240456,7.585113,0.44311252,1009.50543,30.484499,22.6845,14.33234
2019-10-12 17:00:00+00:00,0.1,26.119913,1012.5459,80.83839,8.750573,0.4378817,1011.1597,30.134499,22.234499,15.844089
2019-10-13 17:00:00+00:00,13.699999,25.0095,1014.6834,90.92011,9.499111,0.44191667,1013.2893,26.984499,23.634499,18.057508
2019-10-14 17:00:00+00:00,23.999998,25.015747,1015.0249,91.74609,15.669969,0.45886084,1013.63055,27.0845,24.0345,22.35481
2019-10-15 17:00:00+00:00,18.400002,25.126167,1014.69574,91.014656,13.618885,0.47546586,1013.30225,27.484499,23.734499,21.749481
2019-10-16 17:00:00+00:00,10.799999,25.6595,1014.57086,85.0847,12.7843275,0.47754458,1013.1801,28.3345,23.7845,20.275385
2019-10-17 17:00:00+00:00,6.9,25.759499,1014.93335,83.17592,12.692172,0.47700658,1013.54224,28.5345,23.7845,20.833395
2019-10-18 17:00:00+00:00,6.7999988,25.186579,1015.47076,88.87252,10.675134,0.47912386,1014.0766,27.634499,23.8345,17.654686
2019-10-19 17:00:00+00:00,4.2999997,25.386581,1014.4834,85.32491,8.989511,0.47825077,1013.0914,28.3345,23.1845,16.179985
2019-10-20 17:00:00+00:00,0.9000001,25.307417,1012.08765,85.46136,8.879027,0.47078666,1010.6985,28.884499,22.5845,15.484185
2019-10-21 17:00:00+00:00,0.1,25.226166,1009.7583,85.13817,8.475198,0.46828958,1008.3718,29.634499,21.384499,14.417988
2019-10-22 17:00:00+00:00,0.0,25.896997,1009.0625,86.48574,6.8207645,0.45773372,1007.6802,30.9345,21.384499,13.009903
2019-10-23 17:00:00+00:00,0.90000004,26.263664,1011.55414,85.968346,8.608285,0.45197046,1010.17017,30.234499,22.4345,16.299694
2019-10-24 17:00:00+00:00,6.9000006,25.982414,1013.54565,87.1918,9.455121,0.4515071,1012.15796,28.984499,23.634499,17.551615
2019-10-25 17:00:00+00:00,10.2,26.184496,1013.39575,86.1262,11.472255,0.4597017,1012.00903,28.8345,24.0845,17.698677
2019-10-26 17:00:00+00:00,3.6000001,25.621996,1012.75824,88.98942,10.511388,0.45744964,1011.3698,28.0845,24.0845,17.294992
2019-10-27 17:00:00+00:00,3.4,25.98658,1013.1208,84.66096,10.75513,0.4542688,1011.73346,29.384499,23.9345,15.496736
2019-10-28 17:00:00+00:00,37.6,24.0345,1014.2917,81.15382,17.477827,0.47706628,1012.89355,25.634499,22.0845,25.417631
2019-10-29 17:00:00+00:00,3.6,24.290747,1012.8958,76.68131,15.726024,0.48293042,1011.501,26.234499,21.884499,25.582806
2019-10-30 17:00:00+00:00,82.30001,24.234503,1010.2,92.369225,22.320496,0.5073305,1008.8086,24.6845,23.7845,31.237131
2019-10-31 17:00:00+00:00,16.1,23.365746,1011.3376,93.98234,9.811301,0.51418215,1009.9404,24.734499,22.384499,16.56
2019-11-01 17:00:00+00:00,15.8,24.036581,1012.2375,93.789345,6.5815835,0.5132834,1010.8423,26.5845,22.5845,13.551501
2019-11-02 17:00:00+00:00,11.0,24.624084,1012.7417,89.67574,8.984343,0.5142734,1011.3486,27.4345,23.0345,18.844202
2019-11-03 17:00:00+00:00,5.0999994,25.001165,1013.34576,84.993,12.897332,0.5067721,1011.9536,27.4345,23.134499,20.929594
2019-11-04 17:00:00+00:00,2.6999996,23.826166,1012.425,85.40765,8.372169,0.504355,1011.0286,26.0345,21.6845,14.007655
2019-11-05 17:00:00+00:00,0.4,23.609499,1010.77924,83.6433,7.3267684,0.49923325,1009.384,27.134499,20.884499,13.679999
2019-11-06 17:00:00+00:00,1.8000002,23.411583,1013.1792,81.14148,9.4096,0.4945871,1011.7797,26.7845,20.0345,18.861387
2019-11-07 17:00:00+00:00,3.6999998,23.228254,1015.8083,80.18692,10.563988,0.4925454,1014.40454,25.234499,21.384499,18.504139
2019-11-08 17:00:00+00:00,3.6999998,22.703247,1015.5791,79.23798,10.822045,0.49196997,1014.1729,25.634499,20.634499,19.85556
2019-11-09 17:00:00+00:00,0.4,23.734499,1013.57904,71.96453,15.594796,0.4885067,1012.1806,26.0845,20.884499,23.051247
2019-11-10 17:00:00+00:00,42.599995,23.382414,1010.85425,86.341774,16.225111,0.5017317,1009.4578,24.4345,22.5845,23.40277
2019-11-11 17:00:00+00:00,17.4,24.332418,1011.05817,92.34231,10.862801,0.5133721,1009.6661,26.1845,22.8345,16.1198
2019-11-12 17:00:00+00:00,5.6000004,24.467829,1014.6833,91.45158,10.153972,0.50948167,1013.2868,26.484499,22.4345,20.570463
2019-11-13 17:00:00+00:00,3.9000006,24.186583,1016.5293,82.49854,13.42291,0.5043605,1015.1287,26.884499,22.484499,22.805367
2019-11-14 17:00:00+00:00,2.4,23.696999,1014.59576,85.48666,8.9727125,0.4993329,1013.19556,26.6845,21.7845,15.463244
2019-11-15 17:00:00+00:00,0.0,23.828253,1013.02094,86.722145,7.9511604,0.4921609,1011.62354,27.484499,19.8345,16.981165
2019-11-16 17:00:00+00:00,0.2,24.392832,1011.78735,88.374565,7.631205,0.48490632,1010.39435,29.1845,20.5845,14.081478
2019-11-17 17:00:00+00:00,0.0,24.632421,1013.7876,88.88214,6.760858,0.47717467,1012.393,28.984499,21.634499,15.281989
2019-11-18 17:00:00+00:00,5.6000004,23.294914,1015.7292,89.216606,10.575056,0.47240666,1014.3257,25.384499,21.5845,19.64558
2019-11-19 17:00:00+00:00,8.299999,23.280334,1016.3499,84.56757,11.325196,0.47167042,1014.9455,25.9345,21.6845,20.393293
2019-11-20 17:00:00+00:00,5.9,22.786581,1016.6042,86.15606,10.638958,0.47043753,1015.197,25.2845,20.484499,19.35314
2019-11-21 17:00:00+00:00,2.2999997,22.2595,1016.1042,88.358,6.1712575,0.4667113,1014.6951,24.884499,20.3345,15.192682
2019-11-22 17:00:00+00:00,0.0,21.909498,1015.17084,82.30273,6.9804473,0.4597504,1013.7614,26.484499,18.134499,12.245294
2019-11-23 17:00:00+00:00,1.6,22.457413,1015.28735,84.48026,7.504587,0.45478165,1013.88055,26.2845,17.234499,15.188415
2019-11-24 17:00:00+00:00,1.5000001,23.138664,1017.0251,84.71436,6.3470454,0.45157996,1015.61884,26.634499,20.0845,12.287555
2019-11-25 17:00:00+00:00,15.200001,23.897001,1015.89996,91.43707,13.699317,0.45308876,1014.4991,25.4345,22.7845,21.749483
2019-11-26 17:00:00+00:00,8.799999,24.48658,1015.8083,89.435234,14.921807,0.46409407,1014.41034,26.7845,22.984499,21.175835
2019-11-27 17:00:00+00:00,15.2,23.69075,1017.0999,88.06335,16.644087,0.46853626,1015.6965,25.984499,22.134499,23.740902
2019-11-28 17:00:00+00:00,21.800001,23.069918,1017.27075,90.441956,15.871616,0.47999045,1015.8641,24.4345,22.2845,21.175835
2019-11-29 17:00:00+00:00,8.3,23.328253,1016.0374,90.65676,13.868797,0.49591008,1014.6338,25.0845,22.384499,19.134262
2019-11-30 17:00:00+00:00,2.2000003,23.767832,1015.6375,84.27443,11.668443,0.49637917,1014.2363,26.2845,21.6845,18.486622
2019-12-01 17:00:00+00:00,16.300001,21.488668,1019.0708,83.2402,19.480686,0.5003813,1017.65405,23.134499,19.634499,27.534704
2019-12-02 17:00:00+00:00,4.7999997,19.8845,1020.1958,76.0465,19.018532,0.50097245,1018.7697,20.884499,19.1845,26.368616
2019-12-03 17:00:00+00:00,2.3000002,20.27825,1020.4917,69.49825,17.985998,0.5009517,1019.0672,22.0845,18.984499,26.61323
2019-12-04 17:00:00+00:00,0.1,20.569914,1021.44995,60.767292,18.732422,0.4987475,1020.0256,21.8345,19.6845,23.795427
2019-12-05 17:00:00+00:00,0.0,20.290752,1023.50836,55.937206,20.283064,0.49361,1022.07965,21.634499,18.384499,27.852928
2019-12-06 17:00:00+00:00,0.0,19.490751,1022.75,55.66035,16.917765,0.48902425,1021.31854,21.2845,15.7345,24.569836
2019-12-07 17:00:00+00:00,0.3,18.251167,1022.06244,67.82275,10.422363,0.48519257,1020.62573,21.2845,14.6345005,18.440998
2019-12-08 17:00:00+00:00,0.3,18.374079,1019.8709,75.00067,9.192833,0.4818388,1018.4379,20.6845,15.7845,17.294992
2019-12-09 17:00:00+00:00,0.1,17.851168,1017.6292,76.022224,8.088674,0.47720084,1016.1967,21.3345,14.6345005,14.003029
2019-12-10 17:00:00+00:00,1.0,19.444916,1016.9875,80.29445,8.170669,0.47262743,1015.5638,23.0845,15.9845,14.081478
2019-12-11 17:00:00+00:00,8.900001,20.086582,1017.69183,91.19971,9.286797,0.47041497,1016.27,21.734499,18.2845,14.529915
2019-12-12 17:00:00+00:00,1.3000001,21.272,1018.72095,85.73056,9.46855,0.4704288,1017.3035,24.7845,17.8345,19.245697
2019-12-13 17:00:00+00:00,0.8000001,21.594917,1018.36237,89.78777,7.669685,0.4662266,1016.9472,24.9345,17.384499,14.934577
2019-12-14 17:00:00+00:00,0.9000001,22.219915,1016.7168,89.31878,10.687676,0.46283928,1015.3069,25.134499,19.634499,18.751125
2019-12-15 17:00:00+00:00,0.8,23.074081,1015.11255,89.78611,8.258087,0.45929173,1013.7089,26.1845,20.5845,16.171976
2019-12-16 17:00:00+00:00,0.70000005,23.597,1015.2625,89.894684,8.395686,0.4537338,1013.861,26.9345,21.5345,17.771753
2019-12-17 17:00:00+00:00,1.1000001,23.167831,1015.2708,88.66952,8.9275465,0.44971713,1013.86725,26.734499,20.234499,16.24394
2019-12-18 17:00:00+00:00,1.1,23.1345,1015.47504,90.770996,8.586591,0.44629297,1014.0711,26.234499,21.0345,14.84318
2019-12-19 17:00:00+00:00,0.8000001,23.305334,1014.96674,86.08654,11.249351,0.44296837,1013.5643,26.634499,20.9345,17.935081
2019-12-20 17:00:00+00:00,0.90000004,22.919916,1014.8376,88.34994,8.708398,0.43973914,1013.4334,26.0345,20.634499,15.379206
2019-12-21 17:00:00+00:00,1.3000001,23.049082,1014.12915,90.114845,6.912651,0.43673417,1012.7266,26.4345,21.1845,12.879752
2019-12-22 17:00:00+00:00,0.0,23.213667,1013.4292,89.09437,6.255041,0.43382177,1012.0283,27.734499,20.634499,12.43434
2019-12-23 17:00:00+00:00,0.0,23.126165,1014.69574,86.53797,7.509114,0.42975828,1013.29297,27.634499,20.1845,15.39184
2019-12-24 17:00:00+00:00,0.0,22.365747,1013.3042,86.120544,6.4183483,0.42418882,1011.8994,27.234499,18.0345,11.298495
2019-12-25 17:00:00+00:00,0.0,21.540749,1014.3416,87.80866,7.4312234,0.4202063,1012.9317,26.2845,17.6845,14.8257065
2019-12-26 17:00:00+00:00,3.5999997,21.61158,1016.87506,85.77633,10.099429,0.42061087,1015.4619,23.5845,19.1845,20.192118
2019-12-27 17:00:00+00:00,5.799999,21.50325,1016.79175,87.15228,8.811382,0.4218342,1015.3782,24.0345,19.7845,14.773164
2019-12-28 17:00:00+00:00,8.8,20.969917,1016.1916,93.14569,8.512102,0.42369834,1014.7763,22.734499,19.5845,12.6462
2019-12-29 17:00:00+00:00,5.1000004,21.992834,1017.52094,91.6684,10.486451,0.4233296,1016.10864,23.984499,20.234499,16.343367
2019-12-30 17:00:00+00:00,21.6,23.01783,1019.1333,92.8798,15.851945,0.43767074,1017.7239,24.884499,21.984499,21.659916
